DepartmentID,Month,RequestType,ExtractBatch,NumberOfRequests
D001,2026-01-01,Delivery enquiry,B1,17
D001,2026-01-01,Delivery enquiry,B2,2
D001,2026-01-01,Product return,B1,17
D001,2026-01-01,Product return,B2,13
D001,2026-01-01,Warranty claim,B1,4
D001,2026-01-01,Warranty claim,B2,13
D001,2026-01-01,Account access,B1,11
D001,2026-01-01,Account access,B2,7
D001,2026-01-01,Technical support,B1,2
D001,2026-01-01,Technical support,B2,24
D001,2026-02-01,Delivery enquiry,B1,2
D001,2026-02-01,Delivery enquiry,B2,11
D001,2026-02-01,Product return,B1,3
D001,2026-02-01,Product return,B2,23
D001,2026-02-01,Warranty claim,B1,3
D001,2026-02-01,Warranty claim,B2,18
D001,2026-02-01,Account access,B1,22
D001,2026-02-01,Account access,B2,10
D001,2026-02-01,Technical support,B1,17
D001,2026-02-01,Technical support,B2,11
D001,2026-03-01,Delivery enquiry,B1,10
D001,2026-03-01,Delivery enquiry,B2,9
D001,2026-03-01,Product return,B1,23
D001,2026-03-01,Product return,B2,15
D001,2026-03-01,Warranty claim,B1,7
D001,2026-03-01,Warranty claim,B2,10
D001,2026-03-01,Account access,B1,7
D001,2026-03-01,Account access,B2,4
D001,2026-03-01,Technical support,B1,12
D001,2026-03-01,Technical support,B2,11
D002,2026-01-01,Delivery enquiry,B1,16
D002,2026-01-01,Delivery enquiry,B2,23
D002,2026-01-01,Product return,B1,5
D002,2026-01-01,Product return,B2,10
D002,2026-01-01,Warranty claim,B1,20
D002,2026-01-01,Warranty claim,B2,23
D002,2026-01-01,Account access,B1,19
D002,2026-01-01,Account access,B2,18
D002,2026-01-01,Technical support,B1,12
D002,2026-01-01,Technical support,B2,18
D002,2026-02-01,Delivery enquiry,B1,23
D002,2026-02-01,Delivery enquiry,B2,1
D002,2026-02-01,Product return,B1,2
D002,2026-02-01,Product return,B2,18
D002,2026-02-01,Warranty claim,B1,20
D002,2026-02-01,Warranty claim,B2,19
D002,2026-02-01,Account access,B1,5
D002,2026-02-01,Account access,B2,19
D002,2026-02-01,Technical support,B1,4
D002,2026-02-01,Technical support,B2,9
D002,2026-03-01,Delivery enquiry,B1,22
D002,2026-03-01,Delivery enquiry,B2,2
D002,2026-03-01,Product return,B1,8
D002,2026-03-01,Product return,B2,16
D002,2026-03-01,Warranty claim,B1,1
D002,2026-03-01,Warranty claim,B2,17
D002,2026-03-01,Account access,B1,17
D002,2026-03-01,Account access,B2,23
D002,2026-03-01,Technical support,B1,6
D002,2026-03-01,Technical support,B2,21
D003,2026-01-01,Delivery enquiry,B1,23
D003,2026-01-01,Delivery enquiry,B2,5
D003,2026-01-01,Product return,B1,9
D003,2026-01-01,Product return,B2,1
D003,2026-01-01,Warranty claim,B1,10
D003,2026-01-01,Warranty claim,B2,4
D003,2026-01-01,Account access,B1,22
D003,2026-01-01,Account access,B2,16
D003,2026-01-01,Technical support,B1,23
D003,2026-01-01,Technical support,B2,18
D003,2026-02-01,Delivery enquiry,B1,9
D003,2026-02-01,Delivery enquiry,B2,4
D003,2026-02-01,Product return,B1,18
D003,2026-02-01,Product return,B2,8
D003,2026-02-01,Warranty claim,B1,11
D003,2026-02-01,Warranty claim,B2,17
D003,2026-02-01,Account access,B1,14
D003,2026-02-01,Account access,B2,14
D003,2026-02-01,Technical support,B1,3
D003,2026-02-01,Technical support,B2,14
D003,2026-03-01,Delivery enquiry,B1,24
D003,2026-03-01,Delivery enquiry,B2,7
D003,2026-03-01,Product return,B1,13
D003,2026-03-01,Product return,B2,2
D003,2026-03-01,Warranty claim,B1,14
D003,2026-03-01,Warranty claim,B2,13
D003,2026-03-01,Account access,B1,24
D003,2026-03-01,Account access,B2,23
D003,2026-03-01,Technical support,B1,13
D003,2026-03-01,Technical support,B2,14
D004,2026-01-01,Delivery enquiry,B1,6
D004,2026-01-01,Delivery enquiry,B2,21
D004,2026-01-01,Product return,B1,20
D004,2026-01-01,Product return,B2,18
D004,2026-01-01,Warranty claim,B1,11
D004,2026-01-01,Warranty claim,B2,16
D004,2026-01-01,Account access,B1,16
D004,2026-01-01,Account access,B2,1
D004,2026-01-01,Technical support,B1,5
D004,2026-01-01,Technical support,B2,15
D004,2026-02-01,Delivery enquiry,B1,15
D004,2026-02-01,Delivery enquiry,B2,8
D004,2026-02-01,Product return,B1,21
D004,2026-02-01,Product return,B2,18
D004,2026-02-01,Warranty claim,B1,17
D004,2026-02-01,Warranty claim,B2,7
D004,2026-02-01,Account access,B1,14
D004,2026-02-01,Account access,B2,14
D004,2026-02-01,Technical support,B1,4
D004,2026-02-01,Technical support,B2,7
D004,2026-03-01,Delivery enquiry,B1,6
D004,2026-03-01,Delivery enquiry,B2,16
D004,2026-03-01,Product return,B1,5
D004,2026-03-01,Product return,B2,9
D004,2026-03-01,Warranty claim,B1,18
D004,2026-03-01,Warranty claim,B2,4
D004,2026-03-01,Account access,B1,4
D004,2026-03-01,Account access,B2,9
D004,2026-03-01,Technical support,B1,7
D004,2026-03-01,Technical support,B2,11
D005,2026-01-01,Delivery enquiry,B1,17
D005,2026-01-01,Delivery enquiry,B2,9
D005,2026-01-01,Product return,B1,21
D005,2026-01-01,Product return,B2,10
D005,2026-01-01,Warranty claim,B1,2
D005,2026-01-01,Warranty claim,B2,21
D005,2026-01-01,Account access,B1,2
D005,2026-01-01,Account access,B2,13
D005,2026-01-01,Technical support,B1,17
D005,2026-01-01,Technical support,B2,3
D005,2026-02-01,Delivery enquiry,B1,8
D005,2026-02-01,Delivery enquiry,B2,16
D005,2026-02-01,Product return,B1,9
D005,2026-02-01,Product return,B2,20
D005,2026-02-01,Warranty claim,B1,15
D005,2026-02-01,Warranty claim,B2,22
D005,2026-02-01,Account access,B1,23
D005,2026-02-01,Account access,B2,1
D005,2026-02-01,Technical support,B1,18
D005,2026-02-01,Technical support,B2,22
D005,2026-03-01,Delivery enquiry,B1,6
D005,2026-03-01,Delivery enquiry,B2,24
D005,2026-03-01,Product return,B1,1
D005,2026-03-01,Product return,B2,7
D005,2026-03-01,Warranty claim,B1,23
D005,2026-03-01,Warranty claim,B2,24
D005,2026-03-01,Account access,B1,4
D005,2026-03-01,Account access,B2,19
D005,2026-03-01,Technical support,B1,17
D005,2026-03-01,Technical support,B2,23
D006,2026-01-01,Delivery enquiry,B1,2
D006,2026-01-01,Delivery enquiry,B2,8
D006,2026-01-01,Product return,B1,1
D006,2026-01-01,Product return,B2,2
D006,2026-01-01,Warranty claim,B1,18
D006,2026-01-01,Warranty claim,B2,1
D006,2026-01-01,Account access,B1,20
D006,2026-01-01,Account access,B2,9
D006,2026-01-01,Technical support,B1,14
D006,2026-01-01,Technical support,B2,20
D006,2026-02-01,Delivery enquiry,B1,14
D006,2026-02-01,Delivery enquiry,B2,17
D006,2026-02-01,Product return,B1,10
D006,2026-02-01,Product return,B2,11
D006,2026-02-01,Warranty claim,B1,9
D006,2026-02-01,Warranty claim,B2,2
D006,2026-02-01,Account access,B1,18
D006,2026-02-01,Account access,B2,1
D006,2026-02-01,Technical support,B1,8
D006,2026-02-01,Technical support,B2,14
D006,2026-03-01,Delivery enquiry,B1,6
D006,2026-03-01,Delivery enquiry,B2,18
D006,2026-03-01,Product return,B1,18
D006,2026-03-01,Product return,B2,17
D006,2026-03-01,Warranty claim,B1,7
D006,2026-03-01,Warranty claim,B2,5
D006,2026-03-01,Account access,B1,14
D006,2026-03-01,Account access,B2,21
D006,2026-03-01,Technical support,B1,21
D006,2026-03-01,Technical support,B2,10
D007,2026-01-01,Delivery enquiry,B1,10
D007,2026-01-01,Delivery enquiry,B2,17
D007,2026-01-01,Product return,B1,4
D007,2026-01-01,Product return,B2,21
D007,2026-01-01,Warranty claim,B1,2
D007,2026-01-01,Warranty claim,B2,7
D007,2026-01-01,Account access,B1,7
D007,2026-01-01,Account access,B2,16
D007,2026-01-01,Technical support,B1,4
D007,2026-01-01,Technical support,B2,1
D007,2026-02-01,Delivery enquiry,B1,15
D007,2026-02-01,Delivery enquiry,B2,11
D007,2026-02-01,Product return,B1,14
D007,2026-02-01,Product return,B2,8
D007,2026-02-01,Warranty claim,B1,23
D007,2026-02-01,Warranty claim,B2,17
D007,2026-02-01,Account access,B1,7
D007,2026-02-01,Account access,B2,12
D007,2026-02-01,Technical support,B1,7
D007,2026-02-01,Technical support,B2,20
D007,2026-03-01,Delivery enquiry,B1,17
D007,2026-03-01,Delivery enquiry,B2,13
D007,2026-03-01,Product return,B1,8
D007,2026-03-01,Product return,B2,13
D007,2026-03-01,Warranty claim,B1,15
D007,2026-03-01,Warranty claim,B2,12
D007,2026-03-01,Account access,B1,21
D007,2026-03-01,Account access,B2,22
D007,2026-03-01,Technical support,B1,23
D007,2026-03-01,Technical support,B2,22
D008,2026-01-01,Delivery enquiry,B1,9
D008,2026-01-01,Delivery enquiry,B2,9
D008,2026-01-01,Product return,B1,1
D008,2026-01-01,Product return,B2,11
D008,2026-01-01,Warranty claim,B1,3
D008,2026-01-01,Warranty claim,B2,13
D008,2026-01-01,Account access,B1,5
D008,2026-01-01,Account access,B2,8
D008,2026-01-01,Technical support,B1,24
D008,2026-01-01,Technical support,B2,18
D008,2026-02-01,Delivery enquiry,B1,9
D008,2026-02-01,Delivery enquiry,B2,16
D008,2026-02-01,Product return,B1,21
D008,2026-02-01,Product return,B2,24
D008,2026-02-01,Warranty claim,B1,10
D008,2026-02-01,Warranty claim,B2,20
D008,2026-02-01,Account access,B1,1
D008,2026-02-01,Account access,B2,21
D008,2026-02-01,Technical support,B1,12
D008,2026-02-01,Technical support,B2,22
D008,2026-03-01,Delivery enquiry,B1,19
D008,2026-03-01,Delivery enquiry,B2,24
D008,2026-03-01,Product return,B1,13
D008,2026-03-01,Product return,B2,10
D008,2026-03-01,Warranty claim,B1,3
D008,2026-03-01,Warranty claim,B2,24
D008,2026-03-01,Account access,B1,19
D008,2026-03-01,Account access,B2,11
D008,2026-03-01,Technical support,B1,22
D008,2026-03-01,Technical support,B2,13
D009,2026-01-01,Delivery enquiry,B1,3
D009,2026-01-01,Delivery enquiry,B2,10
D009,2026-01-01,Product return,B1,17
D009,2026-01-01,Product return,B2,20
D009,2026-01-01,Warranty claim,B1,21
D009,2026-01-01,Warranty claim,B2,15
D009,2026-01-01,Account access,B1,4
D009,2026-01-01,Account access,B2,22
D009,2026-01-01,Technical support,B1,18
D009,2026-01-01,Technical support,B2,7
D009,2026-02-01,Delivery enquiry,B1,7
D009,2026-02-01,Delivery enquiry,B2,22
D009,2026-02-01,Product return,B1,16
D009,2026-02-01,Product return,B2,3
D009,2026-02-01,Warranty claim,B1,10
D009,2026-02-01,Warranty claim,B2,14
D009,2026-02-01,Account access,B1,3
D009,2026-02-01,Account access,B2,8
D009,2026-02-01,Technical support,B1,1
D009,2026-02-01,Technical support,B2,9
D009,2026-03-01,Delivery enquiry,B1,20
D009,2026-03-01,Delivery enquiry,B2,19
D009,2026-03-01,Product return,B1,16
D009,2026-03-01,Product return,B2,11
D009,2026-03-01,Warranty claim,B1,8
D009,2026-03-01,Warranty claim,B2,9
D009,2026-03-01,Account access,B1,20
D009,2026-03-01,Account access,B2,9
D009,2026-03-01,Technical support,B1,10
D009,2026-03-01,Technical support,B2,15
D010,2026-01-01,Delivery enquiry,B1,19
D010,2026-01-01,Delivery enquiry,B2,19
D010,2026-01-01,Product return,B1,13
D010,2026-01-01,Product return,B2,18
D010,2026-01-01,Warranty claim,B1,6
D010,2026-01-01,Warranty claim,B2,22
D010,2026-01-01,Account access,B1,22
D010,2026-01-01,Account access,B2,2
D010,2026-01-01,Technical support,B1,5
D010,2026-01-01,Technical support,B2,17
D010,2026-02-01,Delivery enquiry,B1,17
D010,2026-02-01,Delivery enquiry,B2,1
D010,2026-02-01,Product return,B1,12
D010,2026-02-01,Product return,B2,8
D010,2026-02-01,Warranty claim,B1,12
D010,2026-02-01,Warranty claim,B2,6
D010,2026-02-01,Account access,B1,9
D010,2026-02-01,Account access,B2,2
D010,2026-02-01,Technical support,B1,24
D010,2026-02-01,Technical support,B2,4
D010,2026-03-01,Delivery enquiry,B1,22
D010,2026-03-01,Delivery enquiry,B2,12
D010,2026-03-01,Product return,B1,19
D010,2026-03-01,Product return,B2,23
D010,2026-03-01,Warranty claim,B1,22
D010,2026-03-01,Warranty claim,B2,6
D010,2026-03-01,Account access,B1,7
D010,2026-03-01,Account access,B2,12
D010,2026-03-01,Technical support,B1,11
D010,2026-03-01,Technical support,B2,6
D011,2026-01-01,Delivery enquiry,B1,16
D011,2026-01-01,Delivery enquiry,B2,3
D011,2026-01-01,Product return,B1,24
D011,2026-01-01,Product return,B2,2
D011,2026-01-01,Warranty claim,B1,22
D011,2026-01-01,Warranty claim,B2,17
D011,2026-01-01,Account access,B1,22
D011,2026-01-01,Account access,B2,14
D011,2026-01-01,Technical support,B1,15
D011,2026-01-01,Technical support,B2,7
D011,2026-02-01,Delivery enquiry,B1,23
D011,2026-02-01,Delivery enquiry,B2,18
D011,2026-02-01,Product return,B1,23
D011,2026-02-01,Product return,B2,4
D011,2026-02-01,Warranty claim,B1,23
D011,2026-02-01,Warranty claim,B2,14
D011,2026-02-01,Account access,B1,7
D011,2026-02-01,Account access,B2,22
D011,2026-02-01,Technical support,B1,3
D011,2026-02-01,Technical support,B2,22
D011,2026-03-01,Delivery enquiry,B1,18
D011,2026-03-01,Delivery enquiry,B2,24
D011,2026-03-01,Product return,B1,1
D011,2026-03-01,Product return,B2,10
D011,2026-03-01,Warranty claim,B1,8
D011,2026-03-01,Warranty claim,B2,21
D011,2026-03-01,Account access,B1,8
D011,2026-03-01,Account access,B2,13
D011,2026-03-01,Technical support,B1,10
D011,2026-03-01,Technical support,B2,12
D012,2026-01-01,Delivery enquiry,B1,3
D012,2026-01-01,Delivery enquiry,B2,12
D012,2026-01-01,Product return,B1,17
D012,2026-01-01,Product return,B2,2
D012,2026-01-01,Warranty claim,B1,8
D012,2026-01-01,Warranty claim,B2,11
D012,2026-01-01,Account access,B1,9
D012,2026-01-01,Account access,B2,8
D012,2026-01-01,Technical support,B1,1
D012,2026-01-01,Technical support,B2,18
D012,2026-02-01,Delivery enquiry,B1,1
D012,2026-02-01,Delivery enquiry,B2,4
D012,2026-02-01,Product return,B1,18
D012,2026-02-01,Product return,B2,3
D012,2026-02-01,Warranty claim,B1,8
D012,2026-02-01,Warranty claim,B2,3
D012,2026-02-01,Account access,B1,22
D012,2026-02-01,Account access,B2,11
D012,2026-02-01,Technical support,B1,14
D012,2026-02-01,Technical support,B2,23
D012,2026-03-01,Delivery enquiry,B1,7
D012,2026-03-01,Delivery enquiry,B2,4
D012,2026-03-01,Product return,B1,8
D012,2026-03-01,Product return,B2,17
D012,2026-03-01,Warranty claim,B1,5
D012,2026-03-01,Warranty claim,B2,5
D012,2026-03-01,Account access,B1,4
D012,2026-03-01,Account access,B2,12
D012,2026-03-01,Technical support,B1,8
D012,2026-03-01,Technical support,B2,17
D013,2026-01-01,Delivery enquiry,B1,17
D013,2026-01-01,Delivery enquiry,B2,22
D013,2026-01-01,Product return,B1,19
D013,2026-01-01,Product return,B2,14
D013,2026-01-01,Warranty claim,B1,23
D013,2026-01-01,Warranty claim,B2,16
D013,2026-01-01,Account access,B1,15
D013,2026-01-01,Account access,B2,13
D013,2026-01-01,Technical support,B1,7
D013,2026-01-01,Technical support,B2,22
D013,2026-02-01,Delivery enquiry,B1,10
D013,2026-02-01,Delivery enquiry,B2,3
D013,2026-02-01,Product return,B1,22
D013,2026-02-01,Product return,B2,3
D013,2026-02-01,Warranty claim,B1,15
D013,2026-02-01,Warranty claim,B2,21
D013,2026-02-01,Account access,B1,7
D013,2026-02-01,Account access,B2,1
D013,2026-02-01,Technical support,B1,14
D013,2026-02-01,Technical support,B2,9
D013,2026-03-01,Delivery enquiry,B1,23
D013,2026-03-01,Delivery enquiry,B2,7
D013,2026-03-01,Product return,B1,16
D013,2026-03-01,Product return,B2,16
D013,2026-03-01,Warranty claim,B1,3
D013,2026-03-01,Warranty claim,B2,11
D013,2026-03-01,Account access,B1,17
D013,2026-03-01,Account access,B2,20
D013,2026-03-01,Technical support,B1,11
D013,2026-03-01,Technical support,B2,6
D014,2026-01-01,Delivery enquiry,B1,3
D014,2026-01-01,Delivery enquiry,B2,3
D014,2026-01-01,Product return,B1,19
D014,2026-01-01,Product return,B2,24
D014,2026-01-01,Warranty claim,B1,9
D014,2026-01-01,Warranty claim,B2,5
D014,2026-01-01,Account access,B1,19
D014,2026-01-01,Account access,B2,23
D014,2026-01-01,Technical support,B1,3
D014,2026-01-01,Technical support,B2,17
D014,2026-02-01,Delivery enquiry,B1,11
D014,2026-02-01,Delivery enquiry,B2,22
D014,2026-02-01,Product return,B1,7
D014,2026-02-01,Product return,B2,10
D014,2026-02-01,Warranty claim,B1,10
D014,2026-02-01,Warranty claim,B2,4
D014,2026-02-01,Account access,B1,8
D014,2026-02-01,Account access,B2,9
D014,2026-02-01,Technical support,B1,6
D014,2026-02-01,Technical support,B2,19
D014,2026-03-01,Delivery enquiry,B1,4
D014,2026-03-01,Delivery enquiry,B2,23
D014,2026-03-01,Product return,B1,4
D014,2026-03-01,Product return,B2,20
D014,2026-03-01,Warranty claim,B1,5
D014,2026-03-01,Warranty claim,B2,17
D014,2026-03-01,Account access,B1,18
D014,2026-03-01,Account access,B2,16
D014,2026-03-01,Technical support,B1,6
D014,2026-03-01,Technical support,B2,3
D015,2026-01-01,Delivery enquiry,B1,23
D015,2026-01-01,Delivery enquiry,B2,4
D015,2026-01-01,Product return,B1,11
D015,2026-01-01,Product return,B2,12
D015,2026-01-01,Warranty claim,B1,7
D015,2026-01-01,Warranty claim,B2,20
D015,2026-01-01,Account access,B1,20
D015,2026-01-01,Account access,B2,12
D015,2026-01-01,Technical support,B1,16
D015,2026-01-01,Technical support,B2,4
D015,2026-02-01,Delivery enquiry,B1,3
D015,2026-02-01,Delivery enquiry,B2,21
D015,2026-02-01,Product return,B1,21
D015,2026-02-01,Product return,B2,5
D015,2026-02-01,Warranty claim,B1,9
D015,2026-02-01,Warranty claim,B2,3
D015,2026-02-01,Account access,B1,8
D015,2026-02-01,Account access,B2,19
D015,2026-02-01,Technical support,B1,8
D015,2026-02-01,Technical support,B2,24
D015,2026-03-01,Delivery enquiry,B1,10
D015,2026-03-01,Delivery enquiry,B2,3
D015,2026-03-01,Product return,B1,19
D015,2026-03-01,Product return,B2,8
D015,2026-03-01,Warranty claim,B1,22
D015,2026-03-01,Warranty claim,B2,11
D015,2026-03-01,Account access,B1,3
D015,2026-03-01,Account access,B2,8
D015,2026-03-01,Technical support,B1,5
D015,2026-03-01,Technical support,B2,24
D016,2026-01-01,Delivery enquiry,B1,24
D016,2026-01-01,Delivery enquiry,B2,21
D016,2026-01-01,Product return,B1,24
D016,2026-01-01,Product return,B2,17
D016,2026-01-01,Warranty claim,B1,1
D016,2026-01-01,Warranty claim,B2,12
D016,2026-01-01,Account access,B1,12
D016,2026-01-01,Account access,B2,6
D016,2026-01-01,Technical support,B1,23
D016,2026-01-01,Technical support,B2,24
D016,2026-02-01,Delivery enquiry,B1,3
D016,2026-02-01,Delivery enquiry,B2,11
D016,2026-02-01,Product return,B1,5
D016,2026-02-01,Product return,B2,15
D016,2026-02-01,Warranty claim,B1,24
D016,2026-02-01,Warranty claim,B2,20
D016,2026-02-01,Account access,B1,20
D016,2026-02-01,Account access,B2,18
D016,2026-02-01,Technical support,B1,3
D016,2026-02-01,Technical support,B2,23
D016,2026-03-01,Delivery enquiry,B1,20
D016,2026-03-01,Delivery enquiry,B2,8
D016,2026-03-01,Product return,B1,21
D016,2026-03-01,Product return,B2,12
D016,2026-03-01,Warranty claim,B1,12
D016,2026-03-01,Warranty claim,B2,22
D016,2026-03-01,Account access,B1,2
D016,2026-03-01,Account access,B2,5
D016,2026-03-01,Technical support,B1,21
D016,2026-03-01,Technical support,B2,5
D017,2026-01-01,Delivery enquiry,B1,18
D017,2026-01-01,Delivery enquiry,B2,12
D017,2026-01-01,Product return,B1,15
D017,2026-01-01,Product return,B2,16
D017,2026-01-01,Warranty claim,B1,14
D017,2026-01-01,Warranty claim,B2,21
D017,2026-01-01,Account access,B1,24
D017,2026-01-01,Account access,B2,1
D017,2026-01-01,Technical support,B1,17
D017,2026-01-01,Technical support,B2,20
D017,2026-02-01,Delivery enquiry,B1,14
D017,2026-02-01,Delivery enquiry,B2,15
D017,2026-02-01,Product return,B1,20
D017,2026-02-01,Product return,B2,1
D017,2026-02-01,Warranty claim,B1,2
D017,2026-02-01,Warranty claim,B2,5
D017,2026-02-01,Account access,B1,12
D017,2026-02-01,Account access,B2,3
D017,2026-02-01,Technical support,B1,6
D017,2026-02-01,Technical support,B2,14
D017,2026-03-01,Delivery enquiry,B1,16
D017,2026-03-01,Delivery enquiry,B2,5
D017,2026-03-01,Product return,B1,15
D017,2026-03-01,Product return,B2,1
D017,2026-03-01,Warranty claim,B1,10
D017,2026-03-01,Warranty claim,B2,2
D017,2026-03-01,Account access,B1,9
D017,2026-03-01,Account access,B2,15
D017,2026-03-01,Technical support,B1,15
D017,2026-03-01,Technical support,B2,22
D018,2026-01-01,Delivery enquiry,B1,24
D018,2026-01-01,Delivery enquiry,B2,16
D018,2026-01-01,Product return,B1,2
D018,2026-01-01,Product return,B2,7
D018,2026-01-01,Warranty claim,B1,5
D018,2026-01-01,Warranty claim,B2,1
D018,2026-01-01,Account access,B1,4
D018,2026-01-01,Account access,B2,4
D018,2026-01-01,Technical support,B1,10
D018,2026-01-01,Technical support,B2,3
D018,2026-02-01,Delivery enquiry,B1,21
D018,2026-02-01,Delivery enquiry,B2,22
D018,2026-02-01,Product return,B1,12
D018,2026-02-01,Product return,B2,17
D018,2026-02-01,Warranty claim,B1,12
D018,2026-02-01,Warranty claim,B2,4
D018,2026-02-01,Account access,B1,18
D018,2026-02-01,Account access,B2,11
D018,2026-02-01,Technical support,B1,11
D018,2026-02-01,Technical support,B2,18
D018,2026-03-01,Delivery enquiry,B1,16
D018,2026-03-01,Delivery enquiry,B2,20
D018,2026-03-01,Product return,B1,15
D018,2026-03-01,Product return,B2,13
D018,2026-03-01,Warranty claim,B1,9
D018,2026-03-01,Warranty claim,B2,1
D018,2026-03-01,Account access,B1,19
D018,2026-03-01,Account access,B2,22
D018,2026-03-01,Technical support,B1,8
D018,2026-03-01,Technical support,B2,16
D019,2026-01-01,Delivery enquiry,B1,12
D019,2026-01-01,Delivery enquiry,B2,16
D019,2026-01-01,Product return,B1,8
D019,2026-01-01,Product return,B2,15
D019,2026-01-01,Warranty claim,B1,3
D019,2026-01-01,Warranty claim,B2,21
D019,2026-01-01,Account access,B1,5
D019,2026-01-01,Account access,B2,11
D019,2026-01-01,Technical support,B1,19
D019,2026-01-01,Technical support,B2,16
D019,2026-02-01,Delivery enquiry,B1,21
D019,2026-02-01,Delivery enquiry,B2,24
D019,2026-02-01,Product return,B1,22
D019,2026-02-01,Product return,B2,15
D019,2026-02-01,Warranty claim,B1,10
D019,2026-02-01,Warranty claim,B2,22
D019,2026-02-01,Account access,B1,22
D019,2026-02-01,Account access,B2,23
D019,2026-02-01,Technical support,B1,9
D019,2026-02-01,Technical support,B2,23
D019,2026-03-01,Delivery enquiry,B1,7
D019,2026-03-01,Delivery enquiry,B2,13
D019,2026-03-01,Product return,B1,15
D019,2026-03-01,Product return,B2,16
D019,2026-03-01,Warranty claim,B1,24
D019,2026-03-01,Warranty claim,B2,13
D019,2026-03-01,Account access,B1,7
D019,2026-03-01,Account access,B2,7
D019,2026-03-01,Technical support,B1,12
D019,2026-03-01,Technical support,B2,16
D020,2026-01-01,Delivery enquiry,B1,9
D020,2026-01-01,Delivery enquiry,B2,18
D020,2026-01-01,Product return,B1,18
D020,2026-01-01,Product return,B2,8
D020,2026-01-01,Warranty claim,B1,21
D020,2026-01-01,Warranty claim,B2,16
D020,2026-01-01,Account access,B1,5
D020,2026-01-01,Account access,B2,2
D020,2026-01-01,Technical support,B1,17
D020,2026-01-01,Technical support,B2,3
D020,2026-02-01,Delivery enquiry,B1,5
D020,2026-02-01,Delivery enquiry,B2,22
D020,2026-02-01,Product return,B1,19
D020,2026-02-01,Product return,B2,21
D020,2026-02-01,Warranty claim,B1,11
D020,2026-02-01,Warranty claim,B2,20
D020,2026-02-01,Account access,B1,22
D020,2026-02-01,Account access,B2,8
D020,2026-02-01,Technical support,B1,23
D020,2026-02-01,Technical support,B2,18
D020,2026-03-01,Delivery enquiry,B1,6
D020,2026-03-01,Delivery enquiry,B2,20
D020,2026-03-01,Product return,B1,15
D020,2026-03-01,Product return,B2,14
D020,2026-03-01,Warranty claim,B1,3
D020,2026-03-01,Warranty claim,B2,24
D020,2026-03-01,Account access,B1,14
D020,2026-03-01,Account access,B2,6
D020,2026-03-01,Technical support,B1,8
D020,2026-03-01,Technical support,B2,21
D021,2026-01-01,Delivery enquiry,B1,21
D021,2026-01-01,Delivery enquiry,B2,23
D021,2026-01-01,Product return,B1,9
D021,2026-01-01,Product return,B2,21
D021,2026-01-01,Warranty claim,B1,15
D021,2026-01-01,Warranty claim,B2,1
D021,2026-01-01,Account access,B1,21
D021,2026-01-01,Account access,B2,1
D021,2026-01-01,Technical support,B1,22
D021,2026-01-01,Technical support,B2,20
D021,2026-02-01,Delivery enquiry,B1,3
D021,2026-02-01,Delivery enquiry,B2,8
D021,2026-02-01,Product return,B1,15
D021,2026-02-01,Product return,B2,23
D021,2026-02-01,Warranty claim,B1,6
D021,2026-02-01,Warranty claim,B2,6
D021,2026-02-01,Account access,B1,2
D021,2026-02-01,Account access,B2,5
D021,2026-02-01,Technical support,B1,17
D021,2026-02-01,Technical support,B2,11
D021,2026-03-01,Delivery enquiry,B1,13
D021,2026-03-01,Delivery enquiry,B2,19
D021,2026-03-01,Product return,B1,1
D021,2026-03-01,Product return,B2,21
D021,2026-03-01,Warranty claim,B1,13
D021,2026-03-01,Warranty claim,B2,9
D021,2026-03-01,Account access,B1,12
D021,2026-03-01,Account access,B2,19
D021,2026-03-01,Technical support,B1,14
D021,2026-03-01,Technical support,B2,6
D022,2026-01-01,Delivery enquiry,B1,6
D022,2026-01-01,Delivery enquiry,B2,3
D022,2026-01-01,Product return,B1,4
D022,2026-01-01,Product return,B2,24
D022,2026-01-01,Warranty claim,B1,5
D022,2026-01-01,Warranty claim,B2,11
D022,2026-01-01,Account access,B1,7
D022,2026-01-01,Account access,B2,17
D022,2026-01-01,Technical support,B1,17
D022,2026-01-01,Technical support,B2,14
D022,2026-02-01,Delivery enquiry,B1,6
D022,2026-02-01,Delivery enquiry,B2,12
D022,2026-02-01,Product return,B1,8
D022,2026-02-01,Product return,B2,3
D022,2026-02-01,Warranty claim,B1,20
D022,2026-02-01,Warranty claim,B2,9
D022,2026-02-01,Account access,B1,1
D022,2026-02-01,Account access,B2,16
D022,2026-02-01,Technical support,B1,2
D022,2026-02-01,Technical support,B2,3
D022,2026-03-01,Delivery enquiry,B1,8
D022,2026-03-01,Delivery enquiry,B2,4
D022,2026-03-01,Product return,B1,17
D022,2026-03-01,Product return,B2,8
D022,2026-03-01,Warranty claim,B1,10
D022,2026-03-01,Warranty claim,B2,13
D022,2026-03-01,Account access,B1,10
D022,2026-03-01,Account access,B2,13
D022,2026-03-01,Technical support,B1,17
D022,2026-03-01,Technical support,B2,19
D023,2026-01-01,Delivery enquiry,B1,23
D023,2026-01-01,Delivery enquiry,B2,15
D023,2026-01-01,Product return,B1,8
D023,2026-01-01,Product return,B2,10
D023,2026-01-01,Warranty claim,B1,7
D023,2026-01-01,Warranty claim,B2,20
D023,2026-01-01,Account access,B1,15
D023,2026-01-01,Account access,B2,8
D023,2026-01-01,Technical support,B1,3
D023,2026-01-01,Technical support,B2,10
D023,2026-02-01,Delivery enquiry,B1,24
D023,2026-02-01,Delivery enquiry,B2,20
D023,2026-02-01,Product return,B1,10
D023,2026-02-01,Product return,B2,14
D023,2026-02-01,Warranty claim,B1,16
D023,2026-02-01,Warranty claim,B2,12
D023,2026-02-01,Account access,B1,6
D023,2026-02-01,Account access,B2,7
D023,2026-02-01,Technical support,B1,14
D023,2026-02-01,Technical support,B2,22
D023,2026-03-01,Delivery enquiry,B1,17
D023,2026-03-01,Delivery enquiry,B2,19
D023,2026-03-01,Product return,B1,8
D023,2026-03-01,Product return,B2,18
D023,2026-03-01,Warranty claim,B1,15
D023,2026-03-01,Warranty claim,B2,16
D023,2026-03-01,Account access,B1,10
D023,2026-03-01,Account access,B2,21
D023,2026-03-01,Technical support,B1,22
D023,2026-03-01,Technical support,B2,23
D024,2026-01-01,Delivery enquiry,B1,24
D024,2026-01-01,Delivery enquiry,B2,16
D024,2026-01-01,Product return,B1,1
D024,2026-01-01,Product return,B2,23
D024,2026-01-01,Warranty claim,B1,18
D024,2026-01-01,Warranty claim,B2,8
D024,2026-01-01,Account access,B1,4
D024,2026-01-01,Account access,B2,7
D024,2026-01-01,Technical support,B1,9
D024,2026-01-01,Technical support,B2,17
D024,2026-02-01,Delivery enquiry,B1,11
D024,2026-02-01,Delivery enquiry,B2,4
D024,2026-02-01,Product return,B1,14
D024,2026-02-01,Product return,B2,21
D024,2026-02-01,Warranty claim,B1,2
D024,2026-02-01,Warranty claim,B2,23
D024,2026-02-01,Account access,B1,24
D024,2026-02-01,Account access,B2,7
D024,2026-02-01,Technical support,B1,21
D024,2026-02-01,Technical support,B2,8
D024,2026-03-01,Delivery enquiry,B1,4
D024,2026-03-01,Delivery enquiry,B2,21
D024,2026-03-01,Product return,B1,20
D024,2026-03-01,Product return,B2,5
D024,2026-03-01,Warranty claim,B1,3
D024,2026-03-01,Warranty claim,B2,19
D024,2026-03-01,Account access,B1,9
D024,2026-03-01,Account access,B2,3
D024,2026-03-01,Technical support,B1,5
D024,2026-03-01,Technical support,B2,14
D025,2026-01-01,Delivery enquiry,B1,2
D025,2026-01-01,Delivery enquiry,B2,22
D025,2026-01-01,Product return,B1,6
D025,2026-01-01,Product return,B2,1
D025,2026-01-01,Warranty claim,B1,21
D025,2026-01-01,Warranty claim,B2,10
D025,2026-01-01,Account access,B1,6
D025,2026-01-01,Account access,B2,12
D025,2026-01-01,Technical support,B1,10
D025,2026-01-01,Technical support,B2,24
D025,2026-02-01,Delivery enquiry,B1,5
D025,2026-02-01,Delivery enquiry,B2,4
D025,2026-02-01,Product return,B1,19
D025,2026-02-01,Product return,B2,2
D025,2026-02-01,Warranty claim,B1,12
D025,2026-02-01,Warranty claim,B2,14
D025,2026-02-01,Account access,B1,4
D025,2026-02-01,Account access,B2,15
D025,2026-02-01,Technical support,B1,12
D025,2026-02-01,Technical support,B2,6
D025,2026-03-01,Delivery enquiry,B1,5
D025,2026-03-01,Delivery enquiry,B2,15
D025,2026-03-01,Product return,B1,14
D025,2026-03-01,Product return,B2,11
D025,2026-03-01,Warranty claim,B1,10
D025,2026-03-01,Warranty claim,B2,23
D025,2026-03-01,Account access,B1,5
D025,2026-03-01,Account access,B2,9
D025,2026-03-01,Technical support,B1,6
D025,2026-03-01,Technical support,B2,24
D026,2026-01-01,Delivery enquiry,B1,4
D026,2026-01-01,Delivery enquiry,B2,2
D026,2026-01-01,Product return,B1,6
D026,2026-01-01,Product return,B2,21
D026,2026-01-01,Warranty claim,B1,14
D026,2026-01-01,Warranty claim,B2,7
D026,2026-01-01,Account access,B1,2
D026,2026-01-01,Account access,B2,15
D026,2026-01-01,Technical support,B1,9
D026,2026-01-01,Technical support,B2,19
D026,2026-02-01,Delivery enquiry,B1,13
D026,2026-02-01,Delivery enquiry,B2,5
D026,2026-02-01,Product return,B1,18
D026,2026-02-01,Product return,B2,18
D026,2026-02-01,Warranty claim,B1,16
D026,2026-02-01,Warranty claim,B2,6
D026,2026-02-01,Account access,B1,23
D026,2026-02-01,Account access,B2,8
D026,2026-02-01,Technical support,B1,22
D026,2026-02-01,Technical support,B2,23
D026,2026-03-01,Delivery enquiry,B1,23
D026,2026-03-01,Delivery enquiry,B2,3
D026,2026-03-01,Product return,B1,10
D026,2026-03-01,Product return,B2,19
D026,2026-03-01,Warranty claim,B1,11
D026,2026-03-01,Warranty claim,B2,22
D026,2026-03-01,Account access,B1,24
D026,2026-03-01,Account access,B2,16
D026,2026-03-01,Technical support,B1,23
D026,2026-03-01,Technical support,B2,23
D027,2026-01-01,Delivery enquiry,B1,15
D027,2026-01-01,Delivery enquiry,B2,16
D027,2026-01-01,Product return,B1,20
D027,2026-01-01,Product return,B2,8
D027,2026-01-01,Warranty claim,B1,2
D027,2026-01-01,Warranty claim,B2,12
D027,2026-01-01,Account access,B1,18
D027,2026-01-01,Account access,B2,20
D027,2026-01-01,Technical support,B1,20
D027,2026-01-01,Technical support,B2,18
D027,2026-02-01,Delivery enquiry,B1,5
D027,2026-02-01,Delivery enquiry,B2,5
D027,2026-02-01,Product return,B1,20
D027,2026-02-01,Product return,B2,3
D027,2026-02-01,Warranty claim,B1,14
D027,2026-02-01,Warranty claim,B2,18
D027,2026-02-01,Account access,B1,18
D027,2026-02-01,Account access,B2,17
D027,2026-02-01,Technical support,B1,10
D027,2026-02-01,Technical support,B2,5
D027,2026-03-01,Delivery enquiry,B1,22
D027,2026-03-01,Delivery enquiry,B2,14
D027,2026-03-01,Product return,B1,12
D027,2026-03-01,Product return,B2,8
D027,2026-03-01,Warranty claim,B1,5
D027,2026-03-01,Warranty claim,B2,23
D027,2026-03-01,Account access,B1,3
D027,2026-03-01,Account access,B2,12
D027,2026-03-01,Technical support,B1,4
D027,2026-03-01,Technical support,B2,11
D028,2026-01-01,Delivery enquiry,B1,16
D028,2026-01-01,Delivery enquiry,B2,8
D028,2026-01-01,Product return,B1,22
D028,2026-01-01,Product return,B2,10
D028,2026-01-01,Warranty claim,B1,1
D028,2026-01-01,Warranty claim,B2,23
D028,2026-01-01,Account access,B1,14
D028,2026-01-01,Account access,B2,19
D028,2026-01-01,Technical support,B1,21
D028,2026-01-01,Technical support,B2,20
D028,2026-02-01,Delivery enquiry,B1,20
D028,2026-02-01,Delivery enquiry,B2,11
D028,2026-02-01,Product return,B1,18
D028,2026-02-01,Product return,B2,19
D028,2026-02-01,Warranty claim,B1,12
D028,2026-02-01,Warranty claim,B2,13
D028,2026-02-01,Account access,B1,8
D028,2026-02-01,Account access,B2,24
D028,2026-02-01,Technical support,B1,16
D028,2026-02-01,Technical support,B2,14
D028,2026-03-01,Delivery enquiry,B1,12
D028,2026-03-01,Delivery enquiry,B2,22
D028,2026-03-01,Product return,B1,3
D028,2026-03-01,Product return,B2,9
D028,2026-03-01,Warranty claim,B1,17
D028,2026-03-01,Warranty claim,B2,9
D028,2026-03-01,Account access,B1,20
D028,2026-03-01,Account access,B2,22
D028,2026-03-01,Technical support,B1,13
D028,2026-03-01,Technical support,B2,16
D029,2026-01-01,Delivery enquiry,B1,4
D029,2026-01-01,Delivery enquiry,B2,9
D029,2026-01-01,Product return,B1,16
D029,2026-01-01,Product return,B2,17
D029,2026-01-01,Warranty claim,B1,14
D029,2026-01-01,Warranty claim,B2,16
D029,2026-01-01,Account access,B1,19
D029,2026-01-01,Account access,B2,7
D029,2026-01-01,Technical support,B1,3
D029,2026-01-01,Technical support,B2,2
D029,2026-02-01,Delivery enquiry,B1,13
D029,2026-02-01,Delivery enquiry,B2,11
D029,2026-02-01,Product return,B1,11
D029,2026-02-01,Product return,B2,21
D029,2026-02-01,Warranty claim,B1,14
D029,2026-02-01,Warranty claim,B2,21
D029,2026-02-01,Account access,B1,12
D029,2026-02-01,Account access,B2,3
D029,2026-02-01,Technical support,B1,12
D029,2026-02-01,Technical support,B2,16
D029,2026-03-01,Delivery enquiry,B1,7
D029,2026-03-01,Delivery enquiry,B2,1
D029,2026-03-01,Product return,B1,24
D029,2026-03-01,Product return,B2,19
D029,2026-03-01,Warranty claim,B1,18
D029,2026-03-01,Warranty claim,B2,12
D029,2026-03-01,Account access,B1,17
D029,2026-03-01,Account access,B2,13
D029,2026-03-01,Technical support,B1,6
D029,2026-03-01,Technical support,B2,18
D030,2026-01-01,Delivery enquiry,B1,11
D030,2026-01-01,Delivery enquiry,B2,23
D030,2026-01-01,Product return,B1,4
D030,2026-01-01,Product return,B2,5
D030,2026-01-01,Warranty claim,B1,5
D030,2026-01-01,Warranty claim,B2,18
D030,2026-01-01,Account access,B1,4
D030,2026-01-01,Account access,B2,19
D030,2026-01-01,Technical support,B1,5
D030,2026-01-01,Technical support,B2,5
D030,2026-02-01,Delivery enquiry,B1,8
D030,2026-02-01,Delivery enquiry,B2,21
D030,2026-02-01,Product return,B1,20
D030,2026-02-01,Product return,B2,17
D030,2026-02-01,Warranty claim,B1,13
D030,2026-02-01,Warranty claim,B2,19
D030,2026-02-01,Account access,B1,24
D030,2026-02-01,Account access,B2,19
D030,2026-02-01,Technical support,B1,15
D030,2026-02-01,Technical support,B2,7
D030,2026-03-01,Delivery enquiry,B1,13
D030,2026-03-01,Delivery enquiry,B2,6
D030,2026-03-01,Product return,B1,10
D030,2026-03-01,Product return,B2,4
D030,2026-03-01,Warranty claim,B1,1
D030,2026-03-01,Warranty claim,B2,21
D030,2026-03-01,Account access,B1,9
D030,2026-03-01,Account access,B2,8
D030,2026-03-01,Technical support,B1,23
D030,2026-03-01,Technical support,B2,2
D031,2026-01-01,Delivery enquiry,B1,19
D031,2026-01-01,Delivery enquiry,B2,6
D031,2026-01-01,Product return,B1,5
D031,2026-01-01,Product return,B2,2
D031,2026-01-01,Warranty claim,B1,4
D031,2026-01-01,Warranty claim,B2,12
D031,2026-01-01,Account access,B1,11
D031,2026-01-01,Account access,B2,9
D031,2026-01-01,Technical support,B1,10
D031,2026-01-01,Technical support,B2,5
D031,2026-02-01,Delivery enquiry,B1,18
D031,2026-02-01,Delivery enquiry,B2,7
D031,2026-02-01,Product return,B1,5
D031,2026-02-01,Product return,B2,22
D031,2026-02-01,Warranty claim,B1,4
D031,2026-02-01,Warranty claim,B2,12
D031,2026-02-01,Account access,B1,16
D031,2026-02-01,Account access,B2,9
D031,2026-02-01,Technical support,B1,23
D031,2026-02-01,Technical support,B2,2
D031,2026-03-01,Delivery enquiry,B1,12
D031,2026-03-01,Delivery enquiry,B2,6
D031,2026-03-01,Product return,B1,21
D031,2026-03-01,Product return,B2,17
D031,2026-03-01,Warranty claim,B1,24
D031,2026-03-01,Warranty claim,B2,4
D031,2026-03-01,Account access,B1,20
D031,2026-03-01,Account access,B2,18
D031,2026-03-01,Technical support,B1,22
D031,2026-03-01,Technical support,B2,14
D032,2026-01-01,Delivery enquiry,B1,12
D032,2026-01-01,Delivery enquiry,B2,2
D032,2026-01-01,Product return,B1,13
D032,2026-01-01,Product return,B2,14
D032,2026-01-01,Warranty claim,B1,23
D032,2026-01-01,Warranty claim,B2,23
D032,2026-01-01,Account access,B1,21
D032,2026-01-01,Account access,B2,12
D032,2026-01-01,Technical support,B1,14
D032,2026-01-01,Technical support,B2,24
D032,2026-02-01,Delivery enquiry,B1,23
D032,2026-02-01,Delivery enquiry,B2,8
D032,2026-02-01,Product return,B1,23
D032,2026-02-01,Product return,B2,18
D032,2026-02-01,Warranty claim,B1,1
D032,2026-02-01,Warranty claim,B2,7
D032,2026-02-01,Account access,B1,14
D032,2026-02-01,Account access,B2,15
D032,2026-02-01,Technical support,B1,20
D032,2026-02-01,Technical support,B2,8
D032,2026-03-01,Delivery enquiry,B1,6
D032,2026-03-01,Delivery enquiry,B2,11
D032,2026-03-01,Product return,B1,14
D032,2026-03-01,Product return,B2,20
D032,2026-03-01,Warranty claim,B1,22
D032,2026-03-01,Warranty claim,B2,11
D032,2026-03-01,Account access,B1,2
D032,2026-03-01,Account access,B2,5
D032,2026-03-01,Technical support,B1,19
D032,2026-03-01,Technical support,B2,17
D033,2026-01-01,Delivery enquiry,B1,15
D033,2026-01-01,Delivery enquiry,B2,3
D033,2026-01-01,Product return,B1,17
D033,2026-01-01,Product return,B2,12
D033,2026-01-01,Warranty claim,B1,3
D033,2026-01-01,Warranty claim,B2,12
D033,2026-01-01,Account access,B1,11
D033,2026-01-01,Account access,B2,12
D033,2026-01-01,Technical support,B1,24
D033,2026-01-01,Technical support,B2,9
D033,2026-02-01,Delivery enquiry,B1,16
D033,2026-02-01,Delivery enquiry,B2,10
D033,2026-02-01,Product return,B1,16
D033,2026-02-01,Product return,B2,13
D033,2026-02-01,Warranty claim,B1,16
D033,2026-02-01,Warranty claim,B2,10
D033,2026-02-01,Account access,B1,13
D033,2026-02-01,Account access,B2,8
D033,2026-02-01,Technical support,B1,10
D033,2026-02-01,Technical support,B2,19
D033,2026-03-01,Delivery enquiry,B1,16
D033,2026-03-01,Delivery enquiry,B2,24
D033,2026-03-01,Product return,B1,6
D033,2026-03-01,Product return,B2,16
D033,2026-03-01,Warranty claim,B1,4
D033,2026-03-01,Warranty claim,B2,21
D033,2026-03-01,Account access,B1,22
D033,2026-03-01,Account access,B2,2
D033,2026-03-01,Technical support,B1,18
D033,2026-03-01,Technical support,B2,11
D034,2026-01-01,Delivery enquiry,B1,15
D034,2026-01-01,Delivery enquiry,B2,16
D034,2026-01-01,Product return,B1,24
D034,2026-01-01,Product return,B2,6
D034,2026-01-01,Warranty claim,B1,12
D034,2026-01-01,Warranty claim,B2,6
D034,2026-01-01,Account access,B1,16
D034,2026-01-01,Account access,B2,6
D034,2026-01-01,Technical support,B1,8
D034,2026-01-01,Technical support,B2,21
D034,2026-02-01,Delivery enquiry,B1,23
D034,2026-02-01,Delivery enquiry,B2,21
D034,2026-02-01,Product return,B1,19
D034,2026-02-01,Product return,B2,20
D034,2026-02-01,Warranty claim,B1,10
D034,2026-02-01,Warranty claim,B2,8
D034,2026-02-01,Account access,B1,22
D034,2026-02-01,Account access,B2,18
D034,2026-02-01,Technical support,B1,15
D034,2026-02-01,Technical support,B2,15
D034,2026-03-01,Delivery enquiry,B1,14
D034,2026-03-01,Delivery enquiry,B2,14
D034,2026-03-01,Product return,B1,10
D034,2026-03-01,Product return,B2,1
D034,2026-03-01,Warranty claim,B1,2
D034,2026-03-01,Warranty claim,B2,18
D034,2026-03-01,Account access,B1,10
D034,2026-03-01,Account access,B2,18
D034,2026-03-01,Technical support,B1,6
D034,2026-03-01,Technical support,B2,20
D035,2026-01-01,Delivery enquiry,B1,4
D035,2026-01-01,Delivery enquiry,B2,3
D035,2026-01-01,Product return,B1,3
D035,2026-01-01,Product return,B2,3
D035,2026-01-01,Warranty claim,B1,23
D035,2026-01-01,Warranty claim,B2,10
D035,2026-01-01,Account access,B1,4
D035,2026-01-01,Account access,B2,3
D035,2026-01-01,Technical support,B1,22
D035,2026-01-01,Technical support,B2,16
D035,2026-02-01,Delivery enquiry,B1,17
D035,2026-02-01,Delivery enquiry,B2,9
D035,2026-02-01,Product return,B1,1
D035,2026-02-01,Product return,B2,15
D035,2026-02-01,Warranty claim,B1,23
D035,2026-02-01,Warranty claim,B2,17
D035,2026-02-01,Account access,B1,4
D035,2026-02-01,Account access,B2,4
D035,2026-02-01,Technical support,B1,20
D035,2026-02-01,Technical support,B2,22
D035,2026-03-01,Delivery enquiry,B1,14
D035,2026-03-01,Delivery enquiry,B2,1
D035,2026-03-01,Product return,B1,8
D035,2026-03-01,Product return,B2,10
D035,2026-03-01,Warranty claim,B1,21
D035,2026-03-01,Warranty claim,B2,20
D035,2026-03-01,Account access,B1,14
D035,2026-03-01,Account access,B2,18
D035,2026-03-01,Technical support,B1,6
D035,2026-03-01,Technical support,B2,17
D036,2026-01-01,Delivery enquiry,B1,2
D036,2026-01-01,Delivery enquiry,B2,2
D036,2026-01-01,Product return,B1,15
D036,2026-01-01,Product return,B2,11
D036,2026-01-01,Warranty claim,B1,10
D036,2026-01-01,Warranty claim,B2,9
D036,2026-01-01,Account access,B1,17
D036,2026-01-01,Account access,B2,8
D036,2026-01-01,Technical support,B1,13
D036,2026-01-01,Technical support,B2,18
D036,2026-02-01,Delivery enquiry,B1,6
D036,2026-02-01,Delivery enquiry,B2,23
D036,2026-02-01,Product return,B1,12
D036,2026-02-01,Product return,B2,10
D036,2026-02-01,Warranty claim,B1,9
D036,2026-02-01,Warranty claim,B2,1
D036,2026-02-01,Account access,B1,3
D036,2026-02-01,Account access,B2,2
D036,2026-02-01,Technical support,B1,23
D036,2026-02-01,Technical support,B2,12
D036,2026-03-01,Delivery enquiry,B1,21
D036,2026-03-01,Delivery enquiry,B2,16
D036,2026-03-01,Product return,B1,3
D036,2026-03-01,Product return,B2,16
D036,2026-03-01,Warranty claim,B1,11
D036,2026-03-01,Warranty claim,B2,17
D036,2026-03-01,Account access,B1,10
D036,2026-03-01,Account access,B2,2
D036,2026-03-01,Technical support,B1,6
D036,2026-03-01,Technical support,B2,22
D037,2026-01-01,Delivery enquiry,B1,9
D037,2026-01-01,Delivery enquiry,B2,19
D037,2026-01-01,Product return,B1,15
D037,2026-01-01,Product return,B2,20
D037,2026-01-01,Warranty claim,B1,9
D037,2026-01-01,Warranty claim,B2,16
D037,2026-01-01,Account access,B1,17
D037,2026-01-01,Account access,B2,5
D037,2026-01-01,Technical support,B1,19
D037,2026-01-01,Technical support,B2,24
D037,2026-02-01,Delivery enquiry,B1,20
D037,2026-02-01,Delivery enquiry,B2,17
D037,2026-02-01,Product return,B1,14
D037,2026-02-01,Product return,B2,23
D037,2026-02-01,Warranty claim,B1,10
D037,2026-02-01,Warranty claim,B2,12
D037,2026-02-01,Account access,B1,21
D037,2026-02-01,Account access,B2,5
D037,2026-02-01,Technical support,B1,5
D037,2026-02-01,Technical support,B2,6
D037,2026-03-01,Delivery enquiry,B1,22
D037,2026-03-01,Delivery enquiry,B2,21
D037,2026-03-01,Product return,B1,16
D037,2026-03-01,Product return,B2,9
D037,2026-03-01,Warranty claim,B1,3
D037,2026-03-01,Warranty claim,B2,22
D037,2026-03-01,Account access,B1,5
D037,2026-03-01,Account access,B2,16
D037,2026-03-01,Technical support,B1,23
D037,2026-03-01,Technical support,B2,3
D038,2026-01-01,Delivery enquiry,B1,7
D038,2026-01-01,Delivery enquiry,B2,15
D038,2026-01-01,Product return,B1,12
D038,2026-01-01,Product return,B2,17
D038,2026-01-01,Warranty claim,B1,1
D038,2026-01-01,Warranty claim,B2,8
D038,2026-01-01,Account access,B1,21
D038,2026-01-01,Account access,B2,24
D038,2026-01-01,Technical support,B1,12
D038,2026-01-01,Technical support,B2,1
D038,2026-02-01,Delivery enquiry,B1,3
D038,2026-02-01,Delivery enquiry,B2,17
D038,2026-02-01,Product return,B1,18
D038,2026-02-01,Product return,B2,11
D038,2026-02-01,Warranty claim,B1,8
D038,2026-02-01,Warranty claim,B2,24
D038,2026-02-01,Account access,B1,17
D038,2026-02-01,Account access,B2,10
D038,2026-02-01,Technical support,B1,7
D038,2026-02-01,Technical support,B2,24
D038,2026-03-01,Delivery enquiry,B1,2
D038,2026-03-01,Delivery enquiry,B2,23
D038,2026-03-01,Product return,B1,5
D038,2026-03-01,Product return,B2,18
D038,2026-03-01,Warranty claim,B1,24
D038,2026-03-01,Warranty claim,B2,3
D038,2026-03-01,Account access,B1,22
D038,2026-03-01,Account access,B2,10
D038,2026-03-01,Technical support,B1,5
D038,2026-03-01,Technical support,B2,11
D039,2026-01-01,Delivery enquiry,B1,2
D039,2026-01-01,Delivery enquiry,B2,20
D039,2026-01-01,Product return,B1,16
D039,2026-01-01,Product return,B2,10
D039,2026-01-01,Warranty claim,B1,24
D039,2026-01-01,Warranty claim,B2,1
D039,2026-01-01,Account access,B1,10
D039,2026-01-01,Account access,B2,6
D039,2026-01-01,Technical support,B1,15
D039,2026-01-01,Technical support,B2,18
D039,2026-02-01,Delivery enquiry,B1,11
D039,2026-02-01,Delivery enquiry,B2,2
D039,2026-02-01,Product return,B1,21
D039,2026-02-01,Product return,B2,23
D039,2026-02-01,Warranty claim,B1,11
D039,2026-02-01,Warranty claim,B2,7
D039,2026-02-01,Account access,B1,16
D039,2026-02-01,Account access,B2,21
D039,2026-02-01,Technical support,B1,10
D039,2026-02-01,Technical support,B2,23
D039,2026-03-01,Delivery enquiry,B1,7
D039,2026-03-01,Delivery enquiry,B2,3
D039,2026-03-01,Product return,B1,13
D039,2026-03-01,Product return,B2,8
D039,2026-03-01,Warranty claim,B1,3
D039,2026-03-01,Warranty claim,B2,16
D039,2026-03-01,Account access,B1,21
D039,2026-03-01,Account access,B2,14
D039,2026-03-01,Technical support,B1,2
D039,2026-03-01,Technical support,B2,3
D040,2026-01-01,Delivery enquiry,B1,14
D040,2026-01-01,Delivery enquiry,B2,3
D040,2026-01-01,Product return,B1,21
D040,2026-01-01,Product return,B2,12
D040,2026-01-01,Warranty claim,B1,1
D040,2026-01-01,Warranty claim,B2,22
D040,2026-01-01,Account access,B1,3
D040,2026-01-01,Account access,B2,1
D040,2026-01-01,Technical support,B1,19
D040,2026-01-01,Technical support,B2,16
D040,2026-02-01,Delivery enquiry,B1,4
D040,2026-02-01,Delivery enquiry,B2,4
D040,2026-02-01,Product return,B1,11
D040,2026-02-01,Product return,B2,1
D040,2026-02-01,Warranty claim,B1,13
D040,2026-02-01,Warranty claim,B2,15
D040,2026-02-01,Account access,B1,12
D040,2026-02-01,Account access,B2,11
D040,2026-02-01,Technical support,B1,5
D040,2026-02-01,Technical support,B2,24
D040,2026-03-01,Delivery enquiry,B1,8
D040,2026-03-01,Delivery enquiry,B2,2
D040,2026-03-01,Product return,B1,5
D040,2026-03-01,Product return,B2,24
D040,2026-03-01,Warranty claim,B1,10
D040,2026-03-01,Warranty claim,B2,21
D040,2026-03-01,Account access,B1,1
D040,2026-03-01,Account access,B2,4
D040,2026-03-01,Technical support,B1,13
D040,2026-03-01,Technical support,B2,3
D041,2026-01-01,Delivery enquiry,B1,14
D041,2026-01-01,Delivery enquiry,B2,4
D041,2026-01-01,Product return,B1,22
D041,2026-01-01,Product return,B2,14
D041,2026-01-01,Warranty claim,B1,1
D041,2026-01-01,Warranty claim,B2,24
D041,2026-01-01,Account access,B1,16
D041,2026-01-01,Account access,B2,22
D041,2026-01-01,Technical support,B1,24
D041,2026-01-01,Technical support,B2,20
D041,2026-02-01,Delivery enquiry,B1,4
D041,2026-02-01,Delivery enquiry,B2,1
D041,2026-02-01,Product return,B1,4
D041,2026-02-01,Product return,B2,14
D041,2026-02-01,Warranty claim,B1,12
D041,2026-02-01,Warranty claim,B2,8
D041,2026-02-01,Account access,B1,1
D041,2026-02-01,Account access,B2,16
D041,2026-02-01,Technical support,B1,23
D041,2026-02-01,Technical support,B2,2
D041,2026-03-01,Delivery enquiry,B1,3
D041,2026-03-01,Delivery enquiry,B2,5
D041,2026-03-01,Product return,B1,19
D041,2026-03-01,Product return,B2,23
D041,2026-03-01,Warranty claim,B1,8
D041,2026-03-01,Warranty claim,B2,20
D041,2026-03-01,Account access,B1,9
D041,2026-03-01,Account access,B2,12
D041,2026-03-01,Technical support,B1,9
D041,2026-03-01,Technical support,B2,19
D042,2026-01-01,Delivery enquiry,B1,11
D042,2026-01-01,Delivery enquiry,B2,15
D042,2026-01-01,Product return,B1,16
D042,2026-01-01,Product return,B2,2
D042,2026-01-01,Warranty claim,B1,6
D042,2026-01-01,Warranty claim,B2,15
D042,2026-01-01,Account access,B1,19
D042,2026-01-01,Account access,B2,17
D042,2026-01-01,Technical support,B1,15
D042,2026-01-01,Technical support,B2,10
D042,2026-02-01,Delivery enquiry,B1,12
D042,2026-02-01,Delivery enquiry,B2,4
D042,2026-02-01,Product return,B1,12
D042,2026-02-01,Product return,B2,5
D042,2026-02-01,Warranty claim,B1,7
D042,2026-02-01,Warranty claim,B2,8
D042,2026-02-01,Account access,B1,23
D042,2026-02-01,Account access,B2,23
D042,2026-02-01,Technical support,B1,12
D042,2026-02-01,Technical support,B2,13
D042,2026-03-01,Delivery enquiry,B1,9
D042,2026-03-01,Delivery enquiry,B2,4
D042,2026-03-01,Product return,B1,6
D042,2026-03-01,Product return,B2,20
D042,2026-03-01,Warranty claim,B1,1
D042,2026-03-01,Warranty claim,B2,19
D042,2026-03-01,Account access,B1,17
D042,2026-03-01,Account access,B2,14
D042,2026-03-01,Technical support,B1,3
D042,2026-03-01,Technical support,B2,12
D043,2026-01-01,Delivery enquiry,B1,15
D043,2026-01-01,Delivery enquiry,B2,3
D043,2026-01-01,Product return,B1,4
D043,2026-01-01,Product return,B2,19
D043,2026-01-01,Warranty claim,B1,23
D043,2026-01-01,Warranty claim,B2,12
D043,2026-01-01,Account access,B1,1
D043,2026-01-01,Account access,B2,23
D043,2026-01-01,Technical support,B1,24
D043,2026-01-01,Technical support,B2,12
D043,2026-02-01,Delivery enquiry,B1,17
D043,2026-02-01,Delivery enquiry,B2,10
D043,2026-02-01,Product return,B1,9
D043,2026-02-01,Product return,B2,17
D043,2026-02-01,Warranty claim,B1,17
D043,2026-02-01,Warranty claim,B2,10
D043,2026-02-01,Account access,B1,10
D043,2026-02-01,Account access,B2,16
D043,2026-02-01,Technical support,B1,7
D043,2026-02-01,Technical support,B2,16
D043,2026-03-01,Delivery enquiry,B1,11
D043,2026-03-01,Delivery enquiry,B2,18
D043,2026-03-01,Product return,B1,15
D043,2026-03-01,Product return,B2,15
D043,2026-03-01,Warranty claim,B1,24
D043,2026-03-01,Warranty claim,B2,21
D043,2026-03-01,Account access,B1,21
D043,2026-03-01,Account access,B2,1
D043,2026-03-01,Technical support,B1,8
D043,2026-03-01,Technical support,B2,23
D044,2026-01-01,Delivery enquiry,B1,8
D044,2026-01-01,Delivery enquiry,B2,13
D044,2026-01-01,Product return,B1,10
D044,2026-01-01,Product return,B2,19
D044,2026-01-01,Warranty claim,B1,14
D044,2026-01-01,Warranty claim,B2,19
D044,2026-01-01,Account access,B1,10
D044,2026-01-01,Account access,B2,10
D044,2026-01-01,Technical support,B1,6
D044,2026-01-01,Technical support,B2,5
D044,2026-02-01,Delivery enquiry,B1,2
D044,2026-02-01,Delivery enquiry,B2,19
D044,2026-02-01,Product return,B1,7
D044,2026-02-01,Product return,B2,6
D044,2026-02-01,Warranty claim,B1,5
D044,2026-02-01,Warranty claim,B2,18
D044,2026-02-01,Account access,B1,15
D044,2026-02-01,Account access,B2,7
D044,2026-02-01,Technical support,B1,9
D044,2026-02-01,Technical support,B2,24
D044,2026-03-01,Delivery enquiry,B1,3
D044,2026-03-01,Delivery enquiry,B2,17
D044,2026-03-01,Product return,B1,18
D044,2026-03-01,Product return,B2,4
D044,2026-03-01,Warranty claim,B1,5
D044,2026-03-01,Warranty claim,B2,6
D044,2026-03-01,Account access,B1,7
D044,2026-03-01,Account access,B2,15
D044,2026-03-01,Technical support,B1,20
D044,2026-03-01,Technical support,B2,5
D045,2026-01-01,Delivery enquiry,B1,20
D045,2026-01-01,Delivery enquiry,B2,11
D045,2026-01-01,Product return,B1,13
D045,2026-01-01,Product return,B2,17
D045,2026-01-01,Warranty claim,B1,9
D045,2026-01-01,Warranty claim,B2,8
D045,2026-01-01,Account access,B1,16
D045,2026-01-01,Account access,B2,14
D045,2026-01-01,Technical support,B1,5
D045,2026-01-01,Technical support,B2,3
D045,2026-02-01,Delivery enquiry,B1,5
D045,2026-02-01,Delivery enquiry,B2,20
D045,2026-02-01,Product return,B1,1
D045,2026-02-01,Product return,B2,12
D045,2026-02-01,Warranty claim,B1,12
D045,2026-02-01,Warranty claim,B2,4
D045,2026-02-01,Account access,B1,10
D045,2026-02-01,Account access,B2,12
D045,2026-02-01,Technical support,B1,2
D045,2026-02-01,Technical support,B2,21
D045,2026-03-01,Delivery enquiry,B1,3
D045,2026-03-01,Delivery enquiry,B2,15
D045,2026-03-01,Product return,B1,10
D045,2026-03-01,Product return,B2,1
D045,2026-03-01,Warranty claim,B1,13
D045,2026-03-01,Warranty claim,B2,24
D045,2026-03-01,Account access,B1,23
D045,2026-03-01,Account access,B2,17
D045,2026-03-01,Technical support,B1,16
D045,2026-03-01,Technical support,B2,3
D046,2026-01-01,Delivery enquiry,B1,4
D046,2026-01-01,Delivery enquiry,B2,23
D046,2026-01-01,Product return,B1,21
D046,2026-01-01,Product return,B2,9
D046,2026-01-01,Warranty claim,B1,7
D046,2026-01-01,Warranty claim,B2,12
D046,2026-01-01,Account access,B1,7
D046,2026-01-01,Account access,B2,10
D046,2026-01-01,Technical support,B1,18
D046,2026-01-01,Technical support,B2,15
D046,2026-02-01,Delivery enquiry,B1,23
D046,2026-02-01,Delivery enquiry,B2,2
D046,2026-02-01,Product return,B1,21
D046,2026-02-01,Product return,B2,5
D046,2026-02-01,Warranty claim,B1,12
D046,2026-02-01,Warranty claim,B2,1
D046,2026-02-01,Account access,B1,7
D046,2026-02-01,Account access,B2,17
D046,2026-02-01,Technical support,B1,5
D046,2026-02-01,Technical support,B2,18
D046,2026-03-01,Delivery enquiry,B1,21
D046,2026-03-01,Delivery enquiry,B2,13
D046,2026-03-01,Product return,B1,17
D046,2026-03-01,Product return,B2,1
D046,2026-03-01,Warranty claim,B1,5
D046,2026-03-01,Warranty claim,B2,8
D046,2026-03-01,Account access,B1,9
D046,2026-03-01,Account access,B2,13
D046,2026-03-01,Technical support,B1,4
D046,2026-03-01,Technical support,B2,13
D047,2026-01-01,Delivery enquiry,B1,7
D047,2026-01-01,Delivery enquiry,B2,17
D047,2026-01-01,Product return,B1,20
D047,2026-01-01,Product return,B2,5
D047,2026-01-01,Warranty claim,B1,18
D047,2026-01-01,Warranty claim,B2,16
D047,2026-01-01,Account access,B1,2
D047,2026-01-01,Account access,B2,17
D047,2026-01-01,Technical support,B1,22
D047,2026-01-01,Technical support,B2,16
D047,2026-02-01,Delivery enquiry,B1,4
D047,2026-02-01,Delivery enquiry,B2,4
D047,2026-02-01,Product return,B1,15
D047,2026-02-01,Product return,B2,3
D047,2026-02-01,Warranty claim,B1,10
D047,2026-02-01,Warranty claim,B2,14
D047,2026-02-01,Account access,B1,13
D047,2026-02-01,Account access,B2,10
D047,2026-02-01,Technical support,B1,3
D047,2026-02-01,Technical support,B2,13
D047,2026-03-01,Delivery enquiry,B1,15
D047,2026-03-01,Delivery enquiry,B2,6
D047,2026-03-01,Product return,B1,16
D047,2026-03-01,Product return,B2,3
D047,2026-03-01,Warranty claim,B1,6
D047,2026-03-01,Warranty claim,B2,12
D047,2026-03-01,Account access,B1,19
D047,2026-03-01,Account access,B2,19
D047,2026-03-01,Technical support,B1,24
D047,2026-03-01,Technical support,B2,12
D048,2026-01-01,Delivery enquiry,B1,14
D048,2026-01-01,Delivery enquiry,B2,7
D048,2026-01-01,Product return,B1,19
D048,2026-01-01,Product return,B2,10
D048,2026-01-01,Warranty claim,B1,12
D048,2026-01-01,Warranty claim,B2,19
D048,2026-01-01,Account access,B1,18
D048,2026-01-01,Account access,B2,4
D048,2026-01-01,Technical support,B1,10
D048,2026-01-01,Technical support,B2,16
D048,2026-02-01,Delivery enquiry,B1,5
D048,2026-02-01,Delivery enquiry,B2,17
D048,2026-02-01,Product return,B1,16
D048,2026-02-01,Product return,B2,23
D048,2026-02-01,Warranty claim,B1,9
D048,2026-02-01,Warranty claim,B2,5
D048,2026-02-01,Account access,B1,16
D048,2026-02-01,Account access,B2,5
D048,2026-02-01,Technical support,B1,22
D048,2026-02-01,Technical support,B2,1
D048,2026-03-01,Delivery enquiry,B1,7
D048,2026-03-01,Delivery enquiry,B2,11
D048,2026-03-01,Product return,B1,13
D048,2026-03-01,Product return,B2,9
D048,2026-03-01,Warranty claim,B1,4
D048,2026-03-01,Warranty claim,B2,19
D048,2026-03-01,Account access,B1,21
D048,2026-03-01,Account access,B2,12
D048,2026-03-01,Technical support,B1,17
D048,2026-03-01,Technical support,B2,6
D049,2026-01-01,Delivery enquiry,B1,14
D049,2026-01-01,Delivery enquiry,B2,19
D049,2026-01-01,Product return,B1,13
D049,2026-01-01,Product return,B2,5
D049,2026-01-01,Warranty claim,B1,11
D049,2026-01-01,Warranty claim,B2,17
D049,2026-01-01,Account access,B1,13
D049,2026-01-01,Account access,B2,22
D049,2026-01-01,Technical support,B1,22
D049,2026-01-01,Technical support,B2,9
D049,2026-02-01,Delivery enquiry,B1,15
D049,2026-02-01,Delivery enquiry,B2,22
D049,2026-02-01,Product return,B1,3
D049,2026-02-01,Product return,B2,6
D049,2026-02-01,Warranty claim,B1,24
D049,2026-02-01,Warranty claim,B2,12
D049,2026-02-01,Account access,B1,19
D049,2026-02-01,Account access,B2,18
D049,2026-02-01,Technical support,B1,19
D049,2026-02-01,Technical support,B2,24
D049,2026-03-01,Delivery enquiry,B1,23
D049,2026-03-01,Delivery enquiry,B2,23
D049,2026-03-01,Product return,B1,19
D049,2026-03-01,Product return,B2,8
D049,2026-03-01,Warranty claim,B1,17
D049,2026-03-01,Warranty claim,B2,7
D049,2026-03-01,Account access,B1,24
D049,2026-03-01,Account access,B2,3
D049,2026-03-01,Technical support,B1,23
D049,2026-03-01,Technical support,B2,11
D050,2026-01-01,Delivery enquiry,B1,15
D050,2026-01-01,Delivery enquiry,B2,8
D050,2026-01-01,Product return,B1,16
D050,2026-01-01,Product return,B2,15
D050,2026-01-01,Warranty claim,B1,14
D050,2026-01-01,Warranty claim,B2,15
D050,2026-01-01,Account access,B1,4
D050,2026-01-01,Account access,B2,13
D050,2026-01-01,Technical support,B1,23
D050,2026-01-01,Technical support,B2,19
D050,2026-02-01,Delivery enquiry,B1,2
D050,2026-02-01,Delivery enquiry,B2,17
D050,2026-02-01,Product return,B1,1
D050,2026-02-01,Product return,B2,13
D050,2026-02-01,Warranty claim,B1,18
D050,2026-02-01,Warranty claim,B2,22
D050,2026-02-01,Account access,B1,7
D050,2026-02-01,Account access,B2,20
D050,2026-02-01,Technical support,B1,19
D050,2026-02-01,Technical support,B2,5
D050,2026-03-01,Delivery enquiry,B1,11
D050,2026-03-01,Delivery enquiry,B2,24
D050,2026-03-01,Product return,B1,12
D050,2026-03-01,Product return,B2,14
D050,2026-03-01,Warranty claim,B1,5
D050,2026-03-01,Warranty claim,B2,6
D050,2026-03-01,Account access,B1,16
D050,2026-03-01,Account access,B2,24
D050,2026-03-01,Technical support,B1,18
D050,2026-03-01,Technical support,B2,3
D051,2026-01-01,Delivery enquiry,B1,18
D051,2026-01-01,Delivery enquiry,B2,18
D051,2026-01-01,Product return,B1,10
D051,2026-01-01,Product return,B2,3
D051,2026-01-01,Warranty claim,B1,24
D051,2026-01-01,Warranty claim,B2,11
D051,2026-01-01,Account access,B1,23
D051,2026-01-01,Account access,B2,15
D051,2026-01-01,Technical support,B1,8
D051,2026-01-01,Technical support,B2,11
D051,2026-02-01,Delivery enquiry,B1,14
D051,2026-02-01,Delivery enquiry,B2,19
D051,2026-02-01,Product return,B1,23
D051,2026-02-01,Product return,B2,5
D051,2026-02-01,Warranty claim,B1,2
D051,2026-02-01,Warranty claim,B2,23
D051,2026-02-01,Account access,B1,5
D051,2026-02-01,Account access,B2,11
D051,2026-02-01,Technical support,B1,18
D051,2026-02-01,Technical support,B2,18
D051,2026-03-01,Delivery enquiry,B1,15
D051,2026-03-01,Delivery enquiry,B2,13
D051,2026-03-01,Product return,B1,18
D051,2026-03-01,Product return,B2,24
D051,2026-03-01,Warranty claim,B1,3
D051,2026-03-01,Warranty claim,B2,24
D051,2026-03-01,Account access,B1,23
D051,2026-03-01,Account access,B2,10
D051,2026-03-01,Technical support,B1,18
D051,2026-03-01,Technical support,B2,4
D052,2026-01-01,Delivery enquiry,B1,22
D052,2026-01-01,Delivery enquiry,B2,3
D052,2026-01-01,Product return,B1,17
D052,2026-01-01,Product return,B2,22
D052,2026-01-01,Warranty claim,B1,6
D052,2026-01-01,Warranty claim,B2,10
D052,2026-01-01,Account access,B1,18
D052,2026-01-01,Account access,B2,24
D052,2026-01-01,Technical support,B1,4
D052,2026-01-01,Technical support,B2,6
D052,2026-02-01,Delivery enquiry,B1,23
D052,2026-02-01,Delivery enquiry,B2,11
D052,2026-02-01,Product return,B1,20
D052,2026-02-01,Product return,B2,11
D052,2026-02-01,Warranty claim,B1,3
D052,2026-02-01,Warranty claim,B2,16
D052,2026-02-01,Account access,B1,21
D052,2026-02-01,Account access,B2,24
D052,2026-02-01,Technical support,B1,16
D052,2026-02-01,Technical support,B2,13
D052,2026-03-01,Delivery enquiry,B1,21
D052,2026-03-01,Delivery enquiry,B2,13
D052,2026-03-01,Product return,B1,18
D052,2026-03-01,Product return,B2,18
D052,2026-03-01,Warranty claim,B1,6
D052,2026-03-01,Warranty claim,B2,17
D052,2026-03-01,Account access,B1,18
D052,2026-03-01,Account access,B2,17
D052,2026-03-01,Technical support,B1,2
D052,2026-03-01,Technical support,B2,5
D053,2026-01-01,Delivery enquiry,B1,3
D053,2026-01-01,Delivery enquiry,B2,8
D053,2026-01-01,Product return,B1,1
D053,2026-01-01,Product return,B2,22
D053,2026-01-01,Warranty claim,B1,9
D053,2026-01-01,Warranty claim,B2,9
D053,2026-01-01,Account access,B1,9
D053,2026-01-01,Account access,B2,17
D053,2026-01-01,Technical support,B1,9
D053,2026-01-01,Technical support,B2,5
D053,2026-02-01,Delivery enquiry,B1,7
D053,2026-02-01,Delivery enquiry,B2,10
D053,2026-02-01,Product return,B1,15
D053,2026-02-01,Product return,B2,3
D053,2026-02-01,Warranty claim,B1,22
D053,2026-02-01,Warranty claim,B2,11
D053,2026-02-01,Account access,B1,21
D053,2026-02-01,Account access,B2,19
D053,2026-02-01,Technical support,B1,18
D053,2026-02-01,Technical support,B2,19
D053,2026-03-01,Delivery enquiry,B1,11
D053,2026-03-01,Delivery enquiry,B2,23
D053,2026-03-01,Product return,B1,6
D053,2026-03-01,Product return,B2,8
D053,2026-03-01,Warranty claim,B1,4
D053,2026-03-01,Warranty claim,B2,7
D053,2026-03-01,Account access,B1,23
D053,2026-03-01,Account access,B2,18
D053,2026-03-01,Technical support,B1,2
D053,2026-03-01,Technical support,B2,18
D054,2026-01-01,Delivery enquiry,B1,10
D054,2026-01-01,Delivery enquiry,B2,3
D054,2026-01-01,Product return,B1,22
D054,2026-01-01,Product return,B2,18
D054,2026-01-01,Warranty claim,B1,12
D054,2026-01-01,Warranty claim,B2,15
D054,2026-01-01,Account access,B1,7
D054,2026-01-01,Account access,B2,15
D054,2026-01-01,Technical support,B1,9
D054,2026-01-01,Technical support,B2,2
D054,2026-02-01,Delivery enquiry,B1,16
D054,2026-02-01,Delivery enquiry,B2,10
D054,2026-02-01,Product return,B1,19
D054,2026-02-01,Product return,B2,22
D054,2026-02-01,Warranty claim,B1,12
D054,2026-02-01,Warranty claim,B2,10
D054,2026-02-01,Account access,B1,16
D054,2026-02-01,Account access,B2,15
D054,2026-02-01,Technical support,B1,11
D054,2026-02-01,Technical support,B2,22
D054,2026-03-01,Delivery enquiry,B1,19
D054,2026-03-01,Delivery enquiry,B2,24
D054,2026-03-01,Product return,B1,24
D054,2026-03-01,Product return,B2,9
D054,2026-03-01,Warranty claim,B1,20
D054,2026-03-01,Warranty claim,B2,16
D054,2026-03-01,Account access,B1,23
D054,2026-03-01,Account access,B2,17
D054,2026-03-01,Technical support,B1,8
D054,2026-03-01,Technical support,B2,15
D055,2026-01-01,Delivery enquiry,B1,7
D055,2026-01-01,Delivery enquiry,B2,17
D055,2026-01-01,Product return,B1,9
D055,2026-01-01,Product return,B2,17
D055,2026-01-01,Warranty claim,B1,22
D055,2026-01-01,Warranty claim,B2,9
D055,2026-01-01,Account access,B1,18
D055,2026-01-01,Account access,B2,19
D055,2026-01-01,Technical support,B1,2
D055,2026-01-01,Technical support,B2,4
D055,2026-02-01,Delivery enquiry,B1,21
D055,2026-02-01,Delivery enquiry,B2,5
D055,2026-02-01,Product return,B1,18
D055,2026-02-01,Product return,B2,2
D055,2026-02-01,Warranty claim,B1,16
D055,2026-02-01,Warranty claim,B2,11
D055,2026-02-01,Account access,B1,8
D055,2026-02-01,Account access,B2,24
D055,2026-02-01,Technical support,B1,17
D055,2026-02-01,Technical support,B2,20
D055,2026-03-01,Delivery enquiry,B1,21
D055,2026-03-01,Delivery enquiry,B2,5
D055,2026-03-01,Product return,B1,3
D055,2026-03-01,Product return,B2,14
D055,2026-03-01,Warranty claim,B1,15
D055,2026-03-01,Warranty claim,B2,15
D055,2026-03-01,Account access,B1,15
D055,2026-03-01,Account access,B2,22
D055,2026-03-01,Technical support,B1,18
D055,2026-03-01,Technical support,B2,24
D056,2026-01-01,Delivery enquiry,B1,8
D056,2026-01-01,Delivery enquiry,B2,17
D056,2026-01-01,Product return,B1,4
D056,2026-01-01,Product return,B2,15
D056,2026-01-01,Warranty claim,B1,3
D056,2026-01-01,Warranty claim,B2,19
D056,2026-01-01,Account access,B1,19
D056,2026-01-01,Account access,B2,24
D056,2026-01-01,Technical support,B1,2
D056,2026-01-01,Technical support,B2,8
D056,2026-02-01,Delivery enquiry,B1,13
D056,2026-02-01,Delivery enquiry,B2,12
D056,2026-02-01,Product return,B1,20
D056,2026-02-01,Product return,B2,13
D056,2026-02-01,Warranty claim,B1,2
D056,2026-02-01,Warranty claim,B2,23
D056,2026-02-01,Account access,B1,5
D056,2026-02-01,Account access,B2,15
D056,2026-02-01,Technical support,B1,10
D056,2026-02-01,Technical support,B2,21
D056,2026-03-01,Delivery enquiry,B1,7
D056,2026-03-01,Delivery enquiry,B2,6
D056,2026-03-01,Product return,B1,23
D056,2026-03-01,Product return,B2,14
D056,2026-03-01,Warranty claim,B1,21
D056,2026-03-01,Warranty claim,B2,21
D056,2026-03-01,Account access,B1,23
D056,2026-03-01,Account access,B2,11
D056,2026-03-01,Technical support,B1,22
D056,2026-03-01,Technical support,B2,24
D057,2026-01-01,Delivery enquiry,B1,9
D057,2026-01-01,Delivery enquiry,B2,7
D057,2026-01-01,Product return,B1,7
D057,2026-01-01,Product return,B2,7
D057,2026-01-01,Warranty claim,B1,1
D057,2026-01-01,Warranty claim,B2,3
D057,2026-01-01,Account access,B1,15
D057,2026-01-01,Account access,B2,7
D057,2026-01-01,Technical support,B1,1
D057,2026-01-01,Technical support,B2,5
D057,2026-02-01,Delivery enquiry,B1,19
D057,2026-02-01,Delivery enquiry,B2,13
D057,2026-02-01,Product return,B1,12
D057,2026-02-01,Product return,B2,5
D057,2026-02-01,Warranty claim,B1,10
D057,2026-02-01,Warranty claim,B2,24
D057,2026-02-01,Account access,B1,10
D057,2026-02-01,Account access,B2,5
D057,2026-02-01,Technical support,B1,9
D057,2026-02-01,Technical support,B2,22
D057,2026-03-01,Delivery enquiry,B1,16
D057,2026-03-01,Delivery enquiry,B2,17
D057,2026-03-01,Product return,B1,10
D057,2026-03-01,Product return,B2,1
D057,2026-03-01,Warranty claim,B1,8
D057,2026-03-01,Warranty claim,B2,17
D057,2026-03-01,Account access,B1,24
D057,2026-03-01,Account access,B2,17
D057,2026-03-01,Technical support,B1,14
D057,2026-03-01,Technical support,B2,15
D058,2026-01-01,Delivery enquiry,B1,4
D058,2026-01-01,Delivery enquiry,B2,11
D058,2026-01-01,Product return,B1,1
D058,2026-01-01,Product return,B2,24
D058,2026-01-01,Warranty claim,B1,1
D058,2026-01-01,Warranty claim,B2,13
D058,2026-01-01,Account access,B1,21
D058,2026-01-01,Account access,B2,7
D058,2026-01-01,Technical support,B1,10
D058,2026-01-01,Technical support,B2,5
D058,2026-02-01,Delivery enquiry,B1,1
D058,2026-02-01,Delivery enquiry,B2,8
D058,2026-02-01,Product return,B1,5
D058,2026-02-01,Product return,B2,5
D058,2026-02-01,Warranty claim,B1,19
D058,2026-02-01,Warranty claim,B2,19
D058,2026-02-01,Account access,B1,21
D058,2026-02-01,Account access,B2,6
D058,2026-02-01,Technical support,B1,21
D058,2026-02-01,Technical support,B2,1
D058,2026-03-01,Delivery enquiry,B1,10
D058,2026-03-01,Delivery enquiry,B2,16
D058,2026-03-01,Product return,B1,14
D058,2026-03-01,Product return,B2,14
D058,2026-03-01,Warranty claim,B1,18
D058,2026-03-01,Warranty claim,B2,15
D058,2026-03-01,Account access,B1,14
D058,2026-03-01,Account access,B2,24
D058,2026-03-01,Technical support,B1,13
D058,2026-03-01,Technical support,B2,4
D059,2026-01-01,Delivery enquiry,B1,3
D059,2026-01-01,Delivery enquiry,B2,24
D059,2026-01-01,Product return,B1,1
D059,2026-01-01,Product return,B2,14
D059,2026-01-01,Warranty claim,B1,6
D059,2026-01-01,Warranty claim,B2,20
D059,2026-01-01,Account access,B1,21
D059,2026-01-01,Account access,B2,14
D059,2026-01-01,Technical support,B1,5
D059,2026-01-01,Technical support,B2,18
D059,2026-02-01,Delivery enquiry,B1,18
D059,2026-02-01,Delivery enquiry,B2,19
D059,2026-02-01,Product return,B1,23
D059,2026-02-01,Product return,B2,9
D059,2026-02-01,Warranty claim,B1,11
D059,2026-02-01,Warranty claim,B2,8
D059,2026-02-01,Account access,B1,9
D059,2026-02-01,Account access,B2,20
D059,2026-02-01,Technical support,B1,18
D059,2026-02-01,Technical support,B2,15
D059,2026-03-01,Delivery enquiry,B1,21
D059,2026-03-01,Delivery enquiry,B2,3
D059,2026-03-01,Product return,B1,2
D059,2026-03-01,Product return,B2,3
D059,2026-03-01,Warranty claim,B1,4
D059,2026-03-01,Warranty claim,B2,4
D059,2026-03-01,Account access,B1,17
D059,2026-03-01,Account access,B2,11
D059,2026-03-01,Technical support,B1,1
D059,2026-03-01,Technical support,B2,18
D060,2026-01-01,Delivery enquiry,B1,9
D060,2026-01-01,Delivery enquiry,B2,20
D060,2026-01-01,Product return,B1,10
D060,2026-01-01,Product return,B2,8
D060,2026-01-01,Warranty claim,B1,11
D060,2026-01-01,Warranty claim,B2,4
D060,2026-01-01,Account access,B1,20
D060,2026-01-01,Account access,B2,19
D060,2026-01-01,Technical support,B1,13
D060,2026-01-01,Technical support,B2,7
D060,2026-02-01,Delivery enquiry,B1,2
D060,2026-02-01,Delivery enquiry,B2,16
D060,2026-02-01,Product return,B1,16
D060,2026-02-01,Product return,B2,7
D060,2026-02-01,Warranty claim,B1,19
D060,2026-02-01,Warranty claim,B2,6
D060,2026-02-01,Account access,B1,17
D060,2026-02-01,Account access,B2,12
D060,2026-02-01,Technical support,B1,9
D060,2026-02-01,Technical support,B2,22
D060,2026-03-01,Delivery enquiry,B1,20
D060,2026-03-01,Delivery enquiry,B2,1
D060,2026-03-01,Product return,B1,5
D060,2026-03-01,Product return,B2,5
D060,2026-03-01,Warranty claim,B1,14
D060,2026-03-01,Warranty claim,B2,12
D060,2026-03-01,Account access,B1,2
D060,2026-03-01,Account access,B2,13
D060,2026-03-01,Technical support,B1,9
D060,2026-03-01,Technical support,B2,7
D061,2026-01-01,Delivery enquiry,B1,18
D061,2026-01-01,Delivery enquiry,B2,21
D061,2026-01-01,Product return,B1,11
D061,2026-01-01,Product return,B2,15
D061,2026-01-01,Warranty claim,B1,6
D061,2026-01-01,Warranty claim,B2,13
D061,2026-01-01,Account access,B1,12
D061,2026-01-01,Account access,B2,18
D061,2026-01-01,Technical support,B1,1
D061,2026-01-01,Technical support,B2,2
D061,2026-02-01,Delivery enquiry,B1,4
D061,2026-02-01,Delivery enquiry,B2,12
D061,2026-02-01,Product return,B1,5
D061,2026-02-01,Product return,B2,16
D061,2026-02-01,Warranty claim,B1,21
D061,2026-02-01,Warranty claim,B2,7
D061,2026-02-01,Account access,B1,7
D061,2026-02-01,Account access,B2,12
D061,2026-02-01,Technical support,B1,2
D061,2026-02-01,Technical support,B2,12
D061,2026-03-01,Delivery enquiry,B1,21
D061,2026-03-01,Delivery enquiry,B2,16
D061,2026-03-01,Product return,B1,24
D061,2026-03-01,Product return,B2,24
D061,2026-03-01,Warranty claim,B1,22
D061,2026-03-01,Warranty claim,B2,12
D061,2026-03-01,Account access,B1,15
D061,2026-03-01,Account access,B2,19
D061,2026-03-01,Technical support,B1,13
D061,2026-03-01,Technical support,B2,10
D062,2026-01-01,Delivery enquiry,B1,13
D062,2026-01-01,Delivery enquiry,B2,19
D062,2026-01-01,Product return,B1,20
D062,2026-01-01,Product return,B2,2
D062,2026-01-01,Warranty claim,B1,13
D062,2026-01-01,Warranty claim,B2,22
D062,2026-01-01,Account access,B1,13
D062,2026-01-01,Account access,B2,10
D062,2026-01-01,Technical support,B1,10
D062,2026-01-01,Technical support,B2,10
D062,2026-02-01,Delivery enquiry,B1,7
D062,2026-02-01,Delivery enquiry,B2,4
D062,2026-02-01,Product return,B1,11
D062,2026-02-01,Product return,B2,1
D062,2026-02-01,Warranty claim,B1,19
D062,2026-02-01,Warranty claim,B2,22
D062,2026-02-01,Account access,B1,18
D062,2026-02-01,Account access,B2,8
D062,2026-02-01,Technical support,B1,5
D062,2026-02-01,Technical support,B2,14
D062,2026-03-01,Delivery enquiry,B1,16
D062,2026-03-01,Delivery enquiry,B2,16
D062,2026-03-01,Product return,B1,3
D062,2026-03-01,Product return,B2,15
D062,2026-03-01,Warranty claim,B1,9
D062,2026-03-01,Warranty claim,B2,20
D062,2026-03-01,Account access,B1,12
D062,2026-03-01,Account access,B2,8
D062,2026-03-01,Technical support,B1,6
D062,2026-03-01,Technical support,B2,22
D063,2026-01-01,Delivery enquiry,B1,8
D063,2026-01-01,Delivery enquiry,B2,23
D063,2026-01-01,Product return,B1,17
D063,2026-01-01,Product return,B2,24
D063,2026-01-01,Warranty claim,B1,24
D063,2026-01-01,Warranty claim,B2,23
D063,2026-01-01,Account access,B1,11
D063,2026-01-01,Account access,B2,8
D063,2026-01-01,Technical support,B1,8
D063,2026-01-01,Technical support,B2,20
D063,2026-02-01,Delivery enquiry,B1,17
D063,2026-02-01,Delivery enquiry,B2,24
D063,2026-02-01,Product return,B1,10
D063,2026-02-01,Product return,B2,21
D063,2026-02-01,Warranty claim,B1,11
D063,2026-02-01,Warranty claim,B2,11
D063,2026-02-01,Account access,B1,17
D063,2026-02-01,Account access,B2,3
D063,2026-02-01,Technical support,B1,8
D063,2026-02-01,Technical support,B2,4
D063,2026-03-01,Delivery enquiry,B1,22
D063,2026-03-01,Delivery enquiry,B2,13
D063,2026-03-01,Product return,B1,11
D063,2026-03-01,Product return,B2,15
D063,2026-03-01,Warranty claim,B1,8
D063,2026-03-01,Warranty claim,B2,11
D063,2026-03-01,Account access,B1,8
D063,2026-03-01,Account access,B2,7
D063,2026-03-01,Technical support,B1,15
D063,2026-03-01,Technical support,B2,8
D064,2026-01-01,Delivery enquiry,B1,2
D064,2026-01-01,Delivery enquiry,B2,17
D064,2026-01-01,Product return,B1,19
D064,2026-01-01,Product return,B2,21
D064,2026-01-01,Warranty claim,B1,2
D064,2026-01-01,Warranty claim,B2,22
D064,2026-01-01,Account access,B1,23
D064,2026-01-01,Account access,B2,18
D064,2026-01-01,Technical support,B1,23
D064,2026-01-01,Technical support,B2,2
D064,2026-02-01,Delivery enquiry,B1,16
D064,2026-02-01,Delivery enquiry,B2,17
D064,2026-02-01,Product return,B1,2
D064,2026-02-01,Product return,B2,22
D064,2026-02-01,Warranty claim,B1,16
D064,2026-02-01,Warranty claim,B2,4
D064,2026-02-01,Account access,B1,17
D064,2026-02-01,Account access,B2,7
D064,2026-02-01,Technical support,B1,7
D064,2026-02-01,Technical support,B2,12
D064,2026-03-01,Delivery enquiry,B1,13
D064,2026-03-01,Delivery enquiry,B2,17
D064,2026-03-01,Product return,B1,19
D064,2026-03-01,Product return,B2,9
D064,2026-03-01,Warranty claim,B1,11
D064,2026-03-01,Warranty claim,B2,11
D064,2026-03-01,Account access,B1,22
D064,2026-03-01,Account access,B2,19
D064,2026-03-01,Technical support,B1,10
D064,2026-03-01,Technical support,B2,21
D065,2026-01-01,Delivery enquiry,B1,10
D065,2026-01-01,Delivery enquiry,B2,11
D065,2026-01-01,Product return,B1,3
D065,2026-01-01,Product return,B2,22
D065,2026-01-01,Warranty claim,B1,22
D065,2026-01-01,Warranty claim,B2,8
D065,2026-01-01,Account access,B1,13
D065,2026-01-01,Account access,B2,19
D065,2026-01-01,Technical support,B1,3
D065,2026-01-01,Technical support,B2,12
D065,2026-02-01,Delivery enquiry,B1,17
D065,2026-02-01,Delivery enquiry,B2,14
D065,2026-02-01,Product return,B1,17
D065,2026-02-01,Product return,B2,22
D065,2026-02-01,Warranty claim,B1,10
D065,2026-02-01,Warranty claim,B2,5
D065,2026-02-01,Account access,B1,11
D065,2026-02-01,Account access,B2,9
D065,2026-02-01,Technical support,B1,6
D065,2026-02-01,Technical support,B2,23
D065,2026-03-01,Delivery enquiry,B1,15
D065,2026-03-01,Delivery enquiry,B2,17
D065,2026-03-01,Product return,B1,19
D065,2026-03-01,Product return,B2,23
D065,2026-03-01,Warranty claim,B1,23
D065,2026-03-01,Warranty claim,B2,17
D065,2026-03-01,Account access,B1,13
D065,2026-03-01,Account access,B2,14
D065,2026-03-01,Technical support,B1,6
D065,2026-03-01,Technical support,B2,8
D066,2026-01-01,Delivery enquiry,B1,9
D066,2026-01-01,Delivery enquiry,B2,18
D066,2026-01-01,Product return,B1,6
D066,2026-01-01,Product return,B2,21
D066,2026-01-01,Warranty claim,B1,21
D066,2026-01-01,Warranty claim,B2,2
D066,2026-01-01,Account access,B1,4
D066,2026-01-01,Account access,B2,2
D066,2026-01-01,Technical support,B1,18
D066,2026-01-01,Technical support,B2,23
D066,2026-02-01,Delivery enquiry,B1,20
D066,2026-02-01,Delivery enquiry,B2,24
D066,2026-02-01,Product return,B1,10
D066,2026-02-01,Product return,B2,18
D066,2026-02-01,Warranty claim,B1,15
D066,2026-02-01,Warranty claim,B2,10
D066,2026-02-01,Account access,B1,19
D066,2026-02-01,Account access,B2,14
D066,2026-02-01,Technical support,B1,15
D066,2026-02-01,Technical support,B2,1
D066,2026-03-01,Delivery enquiry,B1,12
D066,2026-03-01,Delivery enquiry,B2,18
D066,2026-03-01,Product return,B1,4
D066,2026-03-01,Product return,B2,1
D066,2026-03-01,Warranty claim,B1,9
D066,2026-03-01,Warranty claim,B2,3
D066,2026-03-01,Account access,B1,8
D066,2026-03-01,Account access,B2,23
D066,2026-03-01,Technical support,B1,14
D066,2026-03-01,Technical support,B2,21
D067,2026-01-01,Delivery enquiry,B1,23
D067,2026-01-01,Delivery enquiry,B2,17
D067,2026-01-01,Product return,B1,3
D067,2026-01-01,Product return,B2,17
D067,2026-01-01,Warranty claim,B1,21
D067,2026-01-01,Warranty claim,B2,24
D067,2026-01-01,Account access,B1,5
D067,2026-01-01,Account access,B2,18
D067,2026-01-01,Technical support,B1,16
D067,2026-01-01,Technical support,B2,10
D067,2026-02-01,Delivery enquiry,B1,24
D067,2026-02-01,Delivery enquiry,B2,23
D067,2026-02-01,Product return,B1,5
D067,2026-02-01,Product return,B2,20
D067,2026-02-01,Warranty claim,B1,15
D067,2026-02-01,Warranty claim,B2,21
D067,2026-02-01,Account access,B1,19
D067,2026-02-01,Account access,B2,2
D067,2026-02-01,Technical support,B1,13
D067,2026-02-01,Technical support,B2,10
D067,2026-03-01,Delivery enquiry,B1,8
D067,2026-03-01,Delivery enquiry,B2,24
D067,2026-03-01,Product return,B1,9
D067,2026-03-01,Product return,B2,20
D067,2026-03-01,Warranty claim,B1,4
D067,2026-03-01,Warranty claim,B2,6
D067,2026-03-01,Account access,B1,3
D067,2026-03-01,Account access,B2,13
D067,2026-03-01,Technical support,B1,18
D067,2026-03-01,Technical support,B2,10
D068,2026-01-01,Delivery enquiry,B1,10
D068,2026-01-01,Delivery enquiry,B2,12
D068,2026-01-01,Product return,B1,13
D068,2026-01-01,Product return,B2,15
D068,2026-01-01,Warranty claim,B1,20
D068,2026-01-01,Warranty claim,B2,2
D068,2026-01-01,Account access,B1,9
D068,2026-01-01,Account access,B2,13
D068,2026-01-01,Technical support,B1,13
D068,2026-01-01,Technical support,B2,7
D068,2026-02-01,Delivery enquiry,B1,3
D068,2026-02-01,Delivery enquiry,B2,24
D068,2026-02-01,Product return,B1,6
D068,2026-02-01,Product return,B2,8
D068,2026-02-01,Warranty claim,B1,5
D068,2026-02-01,Warranty claim,B2,7
D068,2026-02-01,Account access,B1,22
D068,2026-02-01,Account access,B2,15
D068,2026-02-01,Technical support,B1,14
D068,2026-02-01,Technical support,B2,21
D068,2026-03-01,Delivery enquiry,B1,4
D068,2026-03-01,Delivery enquiry,B2,15
D068,2026-03-01,Product return,B1,24
D068,2026-03-01,Product return,B2,9
D068,2026-03-01,Warranty claim,B1,5
D068,2026-03-01,Warranty claim,B2,8
D068,2026-03-01,Account access,B1,6
D068,2026-03-01,Account access,B2,12
D068,2026-03-01,Technical support,B1,17
D068,2026-03-01,Technical support,B2,15
D069,2026-01-01,Delivery enquiry,B1,20
D069,2026-01-01,Delivery enquiry,B2,22
D069,2026-01-01,Product return,B1,21
D069,2026-01-01,Product return,B2,2
D069,2026-01-01,Warranty claim,B1,18
D069,2026-01-01,Warranty claim,B2,19
D069,2026-01-01,Account access,B1,21
D069,2026-01-01,Account access,B2,1
D069,2026-01-01,Technical support,B1,1
D069,2026-01-01,Technical support,B2,12
D069,2026-02-01,Delivery enquiry,B1,17
D069,2026-02-01,Delivery enquiry,B2,23
D069,2026-02-01,Product return,B1,18
D069,2026-02-01,Product return,B2,3
D069,2026-02-01,Warranty claim,B1,7
D069,2026-02-01,Warranty claim,B2,23
D069,2026-02-01,Account access,B1,14
D069,2026-02-01,Account access,B2,13
D069,2026-02-01,Technical support,B1,19
D069,2026-02-01,Technical support,B2,1
D069,2026-03-01,Delivery enquiry,B1,11
D069,2026-03-01,Delivery enquiry,B2,19
D069,2026-03-01,Product return,B1,8
D069,2026-03-01,Product return,B2,22
D069,2026-03-01,Warranty claim,B1,12
D069,2026-03-01,Warranty claim,B2,10
D069,2026-03-01,Account access,B1,20
D069,2026-03-01,Account access,B2,5
D069,2026-03-01,Technical support,B1,17
D069,2026-03-01,Technical support,B2,17
D070,2026-01-01,Delivery enquiry,B1,10
D070,2026-01-01,Delivery enquiry,B2,24
D070,2026-01-01,Product return,B1,24
D070,2026-01-01,Product return,B2,8
D070,2026-01-01,Warranty claim,B1,16
D070,2026-01-01,Warranty claim,B2,15
D070,2026-01-01,Account access,B1,6
D070,2026-01-01,Account access,B2,22
D070,2026-01-01,Technical support,B1,18
D070,2026-01-01,Technical support,B2,4
D070,2026-02-01,Delivery enquiry,B1,17
D070,2026-02-01,Delivery enquiry,B2,2
D070,2026-02-01,Product return,B1,23
D070,2026-02-01,Product return,B2,22
D070,2026-02-01,Warranty claim,B1,10
D070,2026-02-01,Warranty claim,B2,15
D070,2026-02-01,Account access,B1,13
D070,2026-02-01,Account access,B2,17
D070,2026-02-01,Technical support,B1,23
D070,2026-02-01,Technical support,B2,10
D070,2026-03-01,Delivery enquiry,B1,18
D070,2026-03-01,Delivery enquiry,B2,14
D070,2026-03-01,Product return,B1,23
D070,2026-03-01,Product return,B2,18
D070,2026-03-01,Warranty claim,B1,24
D070,2026-03-01,Warranty claim,B2,11
D070,2026-03-01,Account access,B1,21
D070,2026-03-01,Account access,B2,21
D070,2026-03-01,Technical support,B1,13
D070,2026-03-01,Technical support,B2,7
D071,2026-01-01,Delivery enquiry,B1,12
D071,2026-01-01,Delivery enquiry,B2,2
D071,2026-01-01,Product return,B1,7
D071,2026-01-01,Product return,B2,9
D071,2026-01-01,Warranty claim,B1,13
D071,2026-01-01,Warranty claim,B2,1
D071,2026-01-01,Account access,B1,11
D071,2026-01-01,Account access,B2,14
D071,2026-01-01,Technical support,B1,23
D071,2026-01-01,Technical support,B2,17
D071,2026-02-01,Delivery enquiry,B1,7
D071,2026-02-01,Delivery enquiry,B2,20
D071,2026-02-01,Product return,B1,8
D071,2026-02-01,Product return,B2,20
D071,2026-02-01,Warranty claim,B1,2
D071,2026-02-01,Warranty claim,B2,6
D071,2026-02-01,Account access,B1,12
D071,2026-02-01,Account access,B2,19
D071,2026-02-01,Technical support,B1,2
D071,2026-02-01,Technical support,B2,16
D071,2026-03-01,Delivery enquiry,B1,18
D071,2026-03-01,Delivery enquiry,B2,13
D071,2026-03-01,Product return,B1,4
D071,2026-03-01,Product return,B2,2
D071,2026-03-01,Warranty claim,B1,16
D071,2026-03-01,Warranty claim,B2,20
D071,2026-03-01,Account access,B1,6
D071,2026-03-01,Account access,B2,6
D071,2026-03-01,Technical support,B1,16
D071,2026-03-01,Technical support,B2,13
D072,2026-01-01,Delivery enquiry,B1,24
D072,2026-01-01,Delivery enquiry,B2,8
D072,2026-01-01,Product return,B1,24
D072,2026-01-01,Product return,B2,10
D072,2026-01-01,Warranty claim,B1,1
D072,2026-01-01,Warranty claim,B2,15
D072,2026-01-01,Account access,B1,14
D072,2026-01-01,Account access,B2,10
D072,2026-01-01,Technical support,B1,22
D072,2026-01-01,Technical support,B2,16
D072,2026-02-01,Delivery enquiry,B1,18
D072,2026-02-01,Delivery enquiry,B2,24
D072,2026-02-01,Product return,B1,11
D072,2026-02-01,Product return,B2,1
D072,2026-02-01,Warranty claim,B1,8
D072,2026-02-01,Warranty claim,B2,11
D072,2026-02-01,Account access,B1,6
D072,2026-02-01,Account access,B2,22
D072,2026-02-01,Technical support,B1,1
D072,2026-02-01,Technical support,B2,10
D072,2026-03-01,Delivery enquiry,B1,18
D072,2026-03-01,Delivery enquiry,B2,24
D072,2026-03-01,Product return,B1,7
D072,2026-03-01,Product return,B2,8
D072,2026-03-01,Warranty claim,B1,9
D072,2026-03-01,Warranty claim,B2,19
D072,2026-03-01,Account access,B1,8
D072,2026-03-01,Account access,B2,23
D072,2026-03-01,Technical support,B1,10
D072,2026-03-01,Technical support,B2,18
D073,2026-01-01,Delivery enquiry,B1,15
D073,2026-01-01,Delivery enquiry,B2,15
D073,2026-01-01,Product return,B1,9
D073,2026-01-01,Product return,B2,24
D073,2026-01-01,Warranty claim,B1,7
D073,2026-01-01,Warranty claim,B2,3
D073,2026-01-01,Account access,B1,3
D073,2026-01-01,Account access,B2,19
D073,2026-01-01,Technical support,B1,23
D073,2026-01-01,Technical support,B2,10
D073,2026-02-01,Delivery enquiry,B1,15
D073,2026-02-01,Delivery enquiry,B2,3
D073,2026-02-01,Product return,B1,14
D073,2026-02-01,Product return,B2,11
D073,2026-02-01,Warranty claim,B1,8
D073,2026-02-01,Warranty claim,B2,10
D073,2026-02-01,Account access,B1,9
D073,2026-02-01,Account access,B2,1
D073,2026-02-01,Technical support,B1,3
D073,2026-02-01,Technical support,B2,16
D073,2026-03-01,Delivery enquiry,B1,13
D073,2026-03-01,Delivery enquiry,B2,20
D073,2026-03-01,Product return,B1,3
D073,2026-03-01,Product return,B2,1
D073,2026-03-01,Warranty claim,B1,15
D073,2026-03-01,Warranty claim,B2,23
D073,2026-03-01,Account access,B1,19
D073,2026-03-01,Account access,B2,8
D073,2026-03-01,Technical support,B1,17
D073,2026-03-01,Technical support,B2,5
D074,2026-01-01,Delivery enquiry,B1,24
D074,2026-01-01,Delivery enquiry,B2,5
D074,2026-01-01,Product return,B1,21
D074,2026-01-01,Product return,B2,13
D074,2026-01-01,Warranty claim,B1,8
D074,2026-01-01,Warranty claim,B2,19
D074,2026-01-01,Account access,B1,22
D074,2026-01-01,Account access,B2,23
D074,2026-01-01,Technical support,B1,16
D074,2026-01-01,Technical support,B2,1
D074,2026-02-01,Delivery enquiry,B1,13
D074,2026-02-01,Delivery enquiry,B2,21
D074,2026-02-01,Product return,B1,3
D074,2026-02-01,Product return,B2,11
D074,2026-02-01,Warranty claim,B1,13
D074,2026-02-01,Warranty claim,B2,23
D074,2026-02-01,Account access,B1,10
D074,2026-02-01,Account access,B2,4
D074,2026-02-01,Technical support,B1,12
D074,2026-02-01,Technical support,B2,21
D074,2026-03-01,Delivery enquiry,B1,19
D074,2026-03-01,Delivery enquiry,B2,8
D074,2026-03-01,Product return,B1,5
D074,2026-03-01,Product return,B2,22
D074,2026-03-01,Warranty claim,B1,9
D074,2026-03-01,Warranty claim,B2,7
D074,2026-03-01,Account access,B1,16
D074,2026-03-01,Account access,B2,9
D074,2026-03-01,Technical support,B1,15
D074,2026-03-01,Technical support,B2,16
D075,2026-01-01,Delivery enquiry,B1,16
D075,2026-01-01,Delivery enquiry,B2,15
D075,2026-01-01,Product return,B1,18
D075,2026-01-01,Product return,B2,11
D075,2026-01-01,Warranty claim,B1,20
D075,2026-01-01,Warranty claim,B2,22
D075,2026-01-01,Account access,B1,22
D075,2026-01-01,Account access,B2,4
D075,2026-01-01,Technical support,B1,3
D075,2026-01-01,Technical support,B2,8
D075,2026-02-01,Delivery enquiry,B1,11
D075,2026-02-01,Delivery enquiry,B2,16
D075,2026-02-01,Product return,B1,21
D075,2026-02-01,Product return,B2,8
D075,2026-02-01,Warranty claim,B1,23
D075,2026-02-01,Warranty claim,B2,16
D075,2026-02-01,Account access,B1,19
D075,2026-02-01,Account access,B2,6
D075,2026-02-01,Technical support,B1,4
D075,2026-02-01,Technical support,B2,5
D075,2026-03-01,Delivery enquiry,B1,2
D075,2026-03-01,Delivery enquiry,B2,13
D075,2026-03-01,Product return,B1,19
D075,2026-03-01,Product return,B2,12
D075,2026-03-01,Warranty claim,B1,18
D075,2026-03-01,Warranty claim,B2,1
D075,2026-03-01,Account access,B1,11
D075,2026-03-01,Account access,B2,8
D075,2026-03-01,Technical support,B1,5
D075,2026-03-01,Technical support,B2,4
D076,2026-01-01,Delivery enquiry,B1,3
D076,2026-01-01,Delivery enquiry,B2,7
D076,2026-01-01,Product return,B1,3
D076,2026-01-01,Product return,B2,5
D076,2026-01-01,Warranty claim,B1,13
D076,2026-01-01,Warranty claim,B2,22
D076,2026-01-01,Account access,B1,8
D076,2026-01-01,Account access,B2,18
D076,2026-01-01,Technical support,B1,17
D076,2026-01-01,Technical support,B2,10
D076,2026-02-01,Delivery enquiry,B1,16
D076,2026-02-01,Delivery enquiry,B2,2
D076,2026-02-01,Product return,B1,3
D076,2026-02-01,Product return,B2,3
D076,2026-02-01,Warranty claim,B1,8
D076,2026-02-01,Warranty claim,B2,3
D076,2026-02-01,Account access,B1,12
D076,2026-02-01,Account access,B2,2
D076,2026-02-01,Technical support,B1,13
D076,2026-02-01,Technical support,B2,4
D076,2026-03-01,Delivery enquiry,B1,10
D076,2026-03-01,Delivery enquiry,B2,2
D076,2026-03-01,Product return,B1,19
D076,2026-03-01,Product return,B2,20
D076,2026-03-01,Warranty claim,B1,3
D076,2026-03-01,Warranty claim,B2,15
D076,2026-03-01,Account access,B1,11
D076,2026-03-01,Account access,B2,1
D076,2026-03-01,Technical support,B1,1
D076,2026-03-01,Technical support,B2,24
D077,2026-01-01,Delivery enquiry,B1,19
D077,2026-01-01,Delivery enquiry,B2,22
D077,2026-01-01,Product return,B1,11
D077,2026-01-01,Product return,B2,22
D077,2026-01-01,Warranty claim,B1,2
D077,2026-01-01,Warranty claim,B2,3
D077,2026-01-01,Account access,B1,14
D077,2026-01-01,Account access,B2,17
D077,2026-01-01,Technical support,B1,9
D077,2026-01-01,Technical support,B2,6
D077,2026-02-01,Delivery enquiry,B1,14
D077,2026-02-01,Delivery enquiry,B2,19
D077,2026-02-01,Product return,B1,21
D077,2026-02-01,Product return,B2,16
D077,2026-02-01,Warranty claim,B1,19
D077,2026-02-01,Warranty claim,B2,22
D077,2026-02-01,Account access,B1,6
D077,2026-02-01,Account access,B2,8
D077,2026-02-01,Technical support,B1,6
D077,2026-02-01,Technical support,B2,10
D077,2026-03-01,Delivery enquiry,B1,2
D077,2026-03-01,Delivery enquiry,B2,13
D077,2026-03-01,Product return,B1,3
D077,2026-03-01,Product return,B2,23
D077,2026-03-01,Warranty claim,B1,16
D077,2026-03-01,Warranty claim,B2,21
D077,2026-03-01,Account access,B1,7
D077,2026-03-01,Account access,B2,4
D077,2026-03-01,Technical support,B1,5
D077,2026-03-01,Technical support,B2,8
D078,2026-01-01,Delivery enquiry,B1,11
D078,2026-01-01,Delivery enquiry,B2,4
D078,2026-01-01,Product return,B1,20
D078,2026-01-01,Product return,B2,19
D078,2026-01-01,Warranty claim,B1,19
D078,2026-01-01,Warranty claim,B2,18
D078,2026-01-01,Account access,B1,15
D078,2026-01-01,Account access,B2,9
D078,2026-01-01,Technical support,B1,3
D078,2026-01-01,Technical support,B2,15
D078,2026-02-01,Delivery enquiry,B1,11
D078,2026-02-01,Delivery enquiry,B2,22
D078,2026-02-01,Product return,B1,2
D078,2026-02-01,Product return,B2,7
D078,2026-02-01,Warranty claim,B1,16
D078,2026-02-01,Warranty claim,B2,21
D078,2026-02-01,Account access,B1,13
D078,2026-02-01,Account access,B2,21
D078,2026-02-01,Technical support,B1,14
D078,2026-02-01,Technical support,B2,20
D078,2026-03-01,Delivery enquiry,B1,13
D078,2026-03-01,Delivery enquiry,B2,21
D078,2026-03-01,Product return,B1,19
D078,2026-03-01,Product return,B2,4
D078,2026-03-01,Warranty claim,B1,12
D078,2026-03-01,Warranty claim,B2,17
D078,2026-03-01,Account access,B1,24
D078,2026-03-01,Account access,B2,1
D078,2026-03-01,Technical support,B1,4
D078,2026-03-01,Technical support,B2,10
D079,2026-01-01,Delivery enquiry,B1,12
D079,2026-01-01,Delivery enquiry,B2,20
D079,2026-01-01,Product return,B1,18
D079,2026-01-01,Product return,B2,20
D079,2026-01-01,Warranty claim,B1,14
D079,2026-01-01,Warranty claim,B2,20
D079,2026-01-01,Account access,B1,4
D079,2026-01-01,Account access,B2,9
D079,2026-01-01,Technical support,B1,23
D079,2026-01-01,Technical support,B2,2
D079,2026-02-01,Delivery enquiry,B1,18
D079,2026-02-01,Delivery enquiry,B2,24
D079,2026-02-01,Product return,B1,7
D079,2026-02-01,Product return,B2,11
D079,2026-02-01,Warranty claim,B1,1
D079,2026-02-01,Warranty claim,B2,24
D079,2026-02-01,Account access,B1,12
D079,2026-02-01,Account access,B2,6
D079,2026-02-01,Technical support,B1,21
D079,2026-02-01,Technical support,B2,19
D079,2026-03-01,Delivery enquiry,B1,8
D079,2026-03-01,Delivery enquiry,B2,6
D079,2026-03-01,Product return,B1,15
D079,2026-03-01,Product return,B2,22
D079,2026-03-01,Warranty claim,B1,3
D079,2026-03-01,Warranty claim,B2,23
D079,2026-03-01,Account access,B1,22
D079,2026-03-01,Account access,B2,17
D079,2026-03-01,Technical support,B1,11
D079,2026-03-01,Technical support,B2,22
D080,2026-01-01,Delivery enquiry,B1,3
D080,2026-01-01,Delivery enquiry,B2,12
D080,2026-01-01,Product return,B1,7
D080,2026-01-01,Product return,B2,23
D080,2026-01-01,Warranty claim,B1,15
D080,2026-01-01,Warranty claim,B2,5
D080,2026-01-01,Account access,B1,2
D080,2026-01-01,Account access,B2,17
D080,2026-01-01,Technical support,B1,16
D080,2026-01-01,Technical support,B2,19
D080,2026-02-01,Delivery enquiry,B1,7
D080,2026-02-01,Delivery enquiry,B2,10
D080,2026-02-01,Product return,B1,5
D080,2026-02-01,Product return,B2,22
D080,2026-02-01,Warranty claim,B1,24
D080,2026-02-01,Warranty claim,B2,21
D080,2026-02-01,Account access,B1,19
D080,2026-02-01,Account access,B2,18
D080,2026-02-01,Technical support,B1,13
D080,2026-02-01,Technical support,B2,15
D080,2026-03-01,Delivery enquiry,B1,7
D080,2026-03-01,Delivery enquiry,B2,16
D080,2026-03-01,Product return,B1,4
D080,2026-03-01,Product return,B2,24
D080,2026-03-01,Warranty claim,B1,20
D080,2026-03-01,Warranty claim,B2,11
D080,2026-03-01,Account access,B1,15
D080,2026-03-01,Account access,B2,19
D080,2026-03-01,Technical support,B1,23
D080,2026-03-01,Technical support,B2,3
D081,2026-01-01,Delivery enquiry,B1,3
D081,2026-01-01,Delivery enquiry,B2,11
D081,2026-01-01,Product return,B1,24
D081,2026-01-01,Product return,B2,13
D081,2026-01-01,Warranty claim,B1,7
D081,2026-01-01,Warranty claim,B2,17
D081,2026-01-01,Account access,B1,15
D081,2026-01-01,Account access,B2,15
D081,2026-01-01,Technical support,B1,5
D081,2026-01-01,Technical support,B2,1
D081,2026-02-01,Delivery enquiry,B1,6
D081,2026-02-01,Delivery enquiry,B2,7
D081,2026-02-01,Product return,B1,23
D081,2026-02-01,Product return,B2,11
D081,2026-02-01,Warranty claim,B1,9
D081,2026-02-01,Warranty claim,B2,23
D081,2026-02-01,Account access,B1,24
D081,2026-02-01,Account access,B2,12
D081,2026-02-01,Technical support,B1,4
D081,2026-02-01,Technical support,B2,7
D081,2026-03-01,Delivery enquiry,B1,10
D081,2026-03-01,Delivery enquiry,B2,13
D081,2026-03-01,Product return,B1,17
D081,2026-03-01,Product return,B2,17
D081,2026-03-01,Warranty claim,B1,15
D081,2026-03-01,Warranty claim,B2,4
D081,2026-03-01,Account access,B1,10
D081,2026-03-01,Account access,B2,20
D081,2026-03-01,Technical support,B1,22
D081,2026-03-01,Technical support,B2,14
D082,2026-01-01,Delivery enquiry,B1,10
D082,2026-01-01,Delivery enquiry,B2,16
D082,2026-01-01,Product return,B1,5
D082,2026-01-01,Product return,B2,18
D082,2026-01-01,Warranty claim,B1,1
D082,2026-01-01,Warranty claim,B2,12
D082,2026-01-01,Account access,B1,16
D082,2026-01-01,Account access,B2,11
D082,2026-01-01,Technical support,B1,19
D082,2026-01-01,Technical support,B2,13
D082,2026-02-01,Delivery enquiry,B1,18
D082,2026-02-01,Delivery enquiry,B2,1
D082,2026-02-01,Product return,B1,22
D082,2026-02-01,Product return,B2,16
D082,2026-02-01,Warranty claim,B1,9
D082,2026-02-01,Warranty claim,B2,9
D082,2026-02-01,Account access,B1,11
D082,2026-02-01,Account access,B2,13
D082,2026-02-01,Technical support,B1,23
D082,2026-02-01,Technical support,B2,20
D082,2026-03-01,Delivery enquiry,B1,10
D082,2026-03-01,Delivery enquiry,B2,8
D082,2026-03-01,Product return,B1,7
D082,2026-03-01,Product return,B2,21
D082,2026-03-01,Warranty claim,B1,24
D082,2026-03-01,Warranty claim,B2,3
D082,2026-03-01,Account access,B1,4
D082,2026-03-01,Account access,B2,18
D082,2026-03-01,Technical support,B1,11
D082,2026-03-01,Technical support,B2,17
D083,2026-01-01,Delivery enquiry,B1,16
D083,2026-01-01,Delivery enquiry,B2,4
D083,2026-01-01,Product return,B1,7
D083,2026-01-01,Product return,B2,17
D083,2026-01-01,Warranty claim,B1,10
D083,2026-01-01,Warranty claim,B2,7
D083,2026-01-01,Account access,B1,24
D083,2026-01-01,Account access,B2,5
D083,2026-01-01,Technical support,B1,4
D083,2026-01-01,Technical support,B2,6
D083,2026-02-01,Delivery enquiry,B1,2
D083,2026-02-01,Delivery enquiry,B2,13
D083,2026-02-01,Product return,B1,4
D083,2026-02-01,Product return,B2,20
D083,2026-02-01,Warranty claim,B1,12
D083,2026-02-01,Warranty claim,B2,24
D083,2026-02-01,Account access,B1,23
D083,2026-02-01,Account access,B2,8
D083,2026-02-01,Technical support,B1,19
D083,2026-02-01,Technical support,B2,14
D083,2026-03-01,Delivery enquiry,B1,1
D083,2026-03-01,Delivery enquiry,B2,17
D083,2026-03-01,Product return,B1,5
D083,2026-03-01,Product return,B2,9
D083,2026-03-01,Warranty claim,B1,1
D083,2026-03-01,Warranty claim,B2,4
D083,2026-03-01,Account access,B1,13
D083,2026-03-01,Account access,B2,9
D083,2026-03-01,Technical support,B1,23
D083,2026-03-01,Technical support,B2,10
D084,2026-01-01,Delivery enquiry,B1,3
D084,2026-01-01,Delivery enquiry,B2,4
D084,2026-01-01,Product return,B1,15
D084,2026-01-01,Product return,B2,12
D084,2026-01-01,Warranty claim,B1,19
D084,2026-01-01,Warranty claim,B2,8
D084,2026-01-01,Account access,B1,18
D084,2026-01-01,Account access,B2,18
D084,2026-01-01,Technical support,B1,24
D084,2026-01-01,Technical support,B2,10
D084,2026-02-01,Delivery enquiry,B1,3
D084,2026-02-01,Delivery enquiry,B2,13
D084,2026-02-01,Product return,B1,1
D084,2026-02-01,Product return,B2,10
D084,2026-02-01,Warranty claim,B1,22
D084,2026-02-01,Warranty claim,B2,4
D084,2026-02-01,Account access,B1,21
D084,2026-02-01,Account access,B2,22
D084,2026-02-01,Technical support,B1,9
D084,2026-02-01,Technical support,B2,12
D084,2026-03-01,Delivery enquiry,B1,22
D084,2026-03-01,Delivery enquiry,B2,15
D084,2026-03-01,Product return,B1,13
D084,2026-03-01,Product return,B2,4
D084,2026-03-01,Warranty claim,B1,16
D084,2026-03-01,Warranty claim,B2,20
D084,2026-03-01,Account access,B1,2
D084,2026-03-01,Account access,B2,10
D084,2026-03-01,Technical support,B1,13
D084,2026-03-01,Technical support,B2,1
D085,2026-01-01,Delivery enquiry,B1,1
D085,2026-01-01,Delivery enquiry,B2,14
D085,2026-01-01,Product return,B1,12
D085,2026-01-01,Product return,B2,17
D085,2026-01-01,Warranty claim,B1,16
D085,2026-01-01,Warranty claim,B2,13
D085,2026-01-01,Account access,B1,8
D085,2026-01-01,Account access,B2,3
D085,2026-01-01,Technical support,B1,12
D085,2026-01-01,Technical support,B2,1
D085,2026-02-01,Delivery enquiry,B1,17
D085,2026-02-01,Delivery enquiry,B2,18
D085,2026-02-01,Product return,B1,12
D085,2026-02-01,Product return,B2,8
D085,2026-02-01,Warranty claim,B1,22
D085,2026-02-01,Warranty claim,B2,24
D085,2026-02-01,Account access,B1,3
D085,2026-02-01,Account access,B2,17
D085,2026-02-01,Technical support,B1,21
D085,2026-02-01,Technical support,B2,6
D085,2026-03-01,Delivery enquiry,B1,4
D085,2026-03-01,Delivery enquiry,B2,3
D085,2026-03-01,Product return,B1,14
D085,2026-03-01,Product return,B2,23
D085,2026-03-01,Warranty claim,B1,7
D085,2026-03-01,Warranty claim,B2,14
D085,2026-03-01,Account access,B1,12
D085,2026-03-01,Account access,B2,3
D085,2026-03-01,Technical support,B1,7
D085,2026-03-01,Technical support,B2,3
D086,2026-01-01,Delivery enquiry,B1,20
D086,2026-01-01,Delivery enquiry,B2,19
D086,2026-01-01,Product return,B1,6
D086,2026-01-01,Product return,B2,12
D086,2026-01-01,Warranty claim,B1,15
D086,2026-01-01,Warranty claim,B2,3
D086,2026-01-01,Account access,B1,18
D086,2026-01-01,Account access,B2,6
D086,2026-01-01,Technical support,B1,11
D086,2026-01-01,Technical support,B2,10
D086,2026-02-01,Delivery enquiry,B1,7
D086,2026-02-01,Delivery enquiry,B2,11
D086,2026-02-01,Product return,B1,5
D086,2026-02-01,Product return,B2,17
D086,2026-02-01,Warranty claim,B1,19
D086,2026-02-01,Warranty claim,B2,4
D086,2026-02-01,Account access,B1,15
D086,2026-02-01,Account access,B2,8
D086,2026-02-01,Technical support,B1,21
D086,2026-02-01,Technical support,B2,17
D086,2026-03-01,Delivery enquiry,B1,5
D086,2026-03-01,Delivery enquiry,B2,8
D086,2026-03-01,Product return,B1,2
D086,2026-03-01,Product return,B2,9
D086,2026-03-01,Warranty claim,B1,18
D086,2026-03-01,Warranty claim,B2,11
D086,2026-03-01,Account access,B1,6
D086,2026-03-01,Account access,B2,14
D086,2026-03-01,Technical support,B1,16
D086,2026-03-01,Technical support,B2,10
D087,2026-01-01,Delivery enquiry,B1,7
D087,2026-01-01,Delivery enquiry,B2,7
D087,2026-01-01,Product return,B1,1
D087,2026-01-01,Product return,B2,12
D087,2026-01-01,Warranty claim,B1,8
D087,2026-01-01,Warranty claim,B2,3
D087,2026-01-01,Account access,B1,12
D087,2026-01-01,Account access,B2,19
D087,2026-01-01,Technical support,B1,19
D087,2026-01-01,Technical support,B2,13
D087,2026-02-01,Delivery enquiry,B1,1
D087,2026-02-01,Delivery enquiry,B2,5
D087,2026-02-01,Product return,B1,3
D087,2026-02-01,Product return,B2,10
D087,2026-02-01,Warranty claim,B1,1
D087,2026-02-01,Warranty claim,B2,19
D087,2026-02-01,Account access,B1,3
D087,2026-02-01,Account access,B2,1
D087,2026-02-01,Technical support,B1,23
D087,2026-02-01,Technical support,B2,15
D087,2026-03-01,Delivery enquiry,B1,1
D087,2026-03-01,Delivery enquiry,B2,9
D087,2026-03-01,Product return,B1,16
D087,2026-03-01,Product return,B2,21
D087,2026-03-01,Warranty claim,B1,21
D087,2026-03-01,Warranty claim,B2,11
D087,2026-03-01,Account access,B1,14
D087,2026-03-01,Account access,B2,14
D087,2026-03-01,Technical support,B1,20
D087,2026-03-01,Technical support,B2,23
D088,2026-01-01,Delivery enquiry,B1,18
D088,2026-01-01,Delivery enquiry,B2,19
D088,2026-01-01,Product return,B1,4
D088,2026-01-01,Product return,B2,12
D088,2026-01-01,Warranty claim,B1,9
D088,2026-01-01,Warranty claim,B2,4
D088,2026-01-01,Account access,B1,19
D088,2026-01-01,Account access,B2,6
D088,2026-01-01,Technical support,B1,24
D088,2026-01-01,Technical support,B2,6
D088,2026-02-01,Delivery enquiry,B1,23
D088,2026-02-01,Delivery enquiry,B2,11
D088,2026-02-01,Product return,B1,1
D088,2026-02-01,Product return,B2,24
D088,2026-02-01,Warranty claim,B1,6
D088,2026-02-01,Warranty claim,B2,17
D088,2026-02-01,Account access,B1,5
D088,2026-02-01,Account access,B2,5
D088,2026-02-01,Technical support,B1,2
D088,2026-02-01,Technical support,B2,14
D088,2026-03-01,Delivery enquiry,B1,4
D088,2026-03-01,Delivery enquiry,B2,4
D088,2026-03-01,Product return,B1,6
D088,2026-03-01,Product return,B2,13
D088,2026-03-01,Warranty claim,B1,20
D088,2026-03-01,Warranty claim,B2,24
D088,2026-03-01,Account access,B1,12
D088,2026-03-01,Account access,B2,16
D088,2026-03-01,Technical support,B1,10
D088,2026-03-01,Technical support,B2,14
D089,2026-01-01,Delivery enquiry,B1,18
D089,2026-01-01,Delivery enquiry,B2,22
D089,2026-01-01,Product return,B1,16
D089,2026-01-01,Product return,B2,7
D089,2026-01-01,Warranty claim,B1,15
D089,2026-01-01,Warranty claim,B2,20
D089,2026-01-01,Account access,B1,20
D089,2026-01-01,Account access,B2,21
D089,2026-01-01,Technical support,B1,24
D089,2026-01-01,Technical support,B2,8
D089,2026-02-01,Delivery enquiry,B1,2
D089,2026-02-01,Delivery enquiry,B2,13
D089,2026-02-01,Product return,B1,8
D089,2026-02-01,Product return,B2,24
D089,2026-02-01,Warranty claim,B1,17
D089,2026-02-01,Warranty claim,B2,1
D089,2026-02-01,Account access,B1,8
D089,2026-02-01,Account access,B2,9
D089,2026-02-01,Technical support,B1,3
D089,2026-02-01,Technical support,B2,6
D089,2026-03-01,Delivery enquiry,B1,23
D089,2026-03-01,Delivery enquiry,B2,19
D089,2026-03-01,Product return,B1,10
D089,2026-03-01,Product return,B2,9
D089,2026-03-01,Warranty claim,B1,1
D089,2026-03-01,Warranty claim,B2,21
D089,2026-03-01,Account access,B1,9
D089,2026-03-01,Account access,B2,3
D089,2026-03-01,Technical support,B1,20
D089,2026-03-01,Technical support,B2,6
D090,2026-01-01,Delivery enquiry,B1,21
D090,2026-01-01,Delivery enquiry,B2,4
D090,2026-01-01,Product return,B1,1
D090,2026-01-01,Product return,B2,19
D090,2026-01-01,Warranty claim,B1,21
D090,2026-01-01,Warranty claim,B2,20
D090,2026-01-01,Account access,B1,23
D090,2026-01-01,Account access,B2,19
D090,2026-01-01,Technical support,B1,3
D090,2026-01-01,Technical support,B2,22
D090,2026-02-01,Delivery enquiry,B1,3
D090,2026-02-01,Delivery enquiry,B2,18
D090,2026-02-01,Product return,B1,14
D090,2026-02-01,Product return,B2,4
D090,2026-02-01,Warranty claim,B1,5
D090,2026-02-01,Warranty claim,B2,4
D090,2026-02-01,Account access,B1,11
D090,2026-02-01,Account access,B2,5
D090,2026-02-01,Technical support,B1,6
D090,2026-02-01,Technical support,B2,16
D090,2026-03-01,Delivery enquiry,B1,16
D090,2026-03-01,Delivery enquiry,B2,22
D090,2026-03-01,Product return,B1,14
D090,2026-03-01,Product return,B2,6
D090,2026-03-01,Warranty claim,B1,10
D090,2026-03-01,Warranty claim,B2,20
D090,2026-03-01,Account access,B1,19
D090,2026-03-01,Account access,B2,19
D090,2026-03-01,Technical support,B1,20
D090,2026-03-01,Technical support,B2,3
D091,2026-01-01,Delivery enquiry,B1,22
D091,2026-01-01,Delivery enquiry,B2,11
D091,2026-01-01,Product return,B1,16
D091,2026-01-01,Product return,B2,19
D091,2026-01-01,Warranty claim,B1,1
D091,2026-01-01,Warranty claim,B2,8
D091,2026-01-01,Account access,B1,6
D091,2026-01-01,Account access,B2,3
D091,2026-01-01,Technical support,B1,1
D091,2026-01-01,Technical support,B2,13
D091,2026-02-01,Delivery enquiry,B1,15
D091,2026-02-01,Delivery enquiry,B2,18
D091,2026-02-01,Product return,B1,3
D091,2026-02-01,Product return,B2,11
D091,2026-02-01,Warranty claim,B1,7
D091,2026-02-01,Warranty claim,B2,21
D091,2026-02-01,Account access,B1,21
D091,2026-02-01,Account access,B2,23
D091,2026-02-01,Technical support,B1,22
D091,2026-02-01,Technical support,B2,1
D091,2026-03-01,Delivery enquiry,B1,9
D091,2026-03-01,Delivery enquiry,B2,4
D091,2026-03-01,Product return,B1,6
D091,2026-03-01,Product return,B2,6
D091,2026-03-01,Warranty claim,B1,7
D091,2026-03-01,Warranty claim,B2,3
D091,2026-03-01,Account access,B1,17
D091,2026-03-01,Account access,B2,7
D091,2026-03-01,Technical support,B1,16
D091,2026-03-01,Technical support,B2,12
D092,2026-01-01,Delivery enquiry,B1,19
D092,2026-01-01,Delivery enquiry,B2,8
D092,2026-01-01,Product return,B1,21
D092,2026-01-01,Product return,B2,15
D092,2026-01-01,Warranty claim,B1,19
D092,2026-01-01,Warranty claim,B2,13
D092,2026-01-01,Account access,B1,11
D092,2026-01-01,Account access,B2,11
D092,2026-01-01,Technical support,B1,2
D092,2026-01-01,Technical support,B2,21
D092,2026-02-01,Delivery enquiry,B1,6
D092,2026-02-01,Delivery enquiry,B2,16
D092,2026-02-01,Product return,B1,9
D092,2026-02-01,Product return,B2,20
D092,2026-02-01,Warranty claim,B1,22
D092,2026-02-01,Warranty claim,B2,7
D092,2026-02-01,Account access,B1,22
D092,2026-02-01,Account access,B2,22
D092,2026-02-01,Technical support,B1,18
D092,2026-02-01,Technical support,B2,12
D092,2026-03-01,Delivery enquiry,B1,21
D092,2026-03-01,Delivery enquiry,B2,15
D092,2026-03-01,Product return,B1,6
D092,2026-03-01,Product return,B2,16
D092,2026-03-01,Warranty claim,B1,15
D092,2026-03-01,Warranty claim,B2,2
D092,2026-03-01,Account access,B1,3
D092,2026-03-01,Account access,B2,23
D092,2026-03-01,Technical support,B1,12
D092,2026-03-01,Technical support,B2,16
D093,2026-01-01,Delivery enquiry,B1,15
D093,2026-01-01,Delivery enquiry,B2,21
D093,2026-01-01,Product return,B1,16
D093,2026-01-01,Product return,B2,8
D093,2026-01-01,Warranty claim,B1,20
D093,2026-01-01,Warranty claim,B2,24
D093,2026-01-01,Account access,B1,11
D093,2026-01-01,Account access,B2,3
D093,2026-01-01,Technical support,B1,9
D093,2026-01-01,Technical support,B2,8
D093,2026-02-01,Delivery enquiry,B1,4
D093,2026-02-01,Delivery enquiry,B2,16
D093,2026-02-01,Product return,B1,16
D093,2026-02-01,Product return,B2,6
D093,2026-02-01,Warranty claim,B1,5
D093,2026-02-01,Warranty claim,B2,22
D093,2026-02-01,Account access,B1,3
D093,2026-02-01,Account access,B2,20
D093,2026-02-01,Technical support,B1,5
D093,2026-02-01,Technical support,B2,21
D093,2026-03-01,Delivery enquiry,B1,6
D093,2026-03-01,Delivery enquiry,B2,19
D093,2026-03-01,Product return,B1,9
D093,2026-03-01,Product return,B2,19
D093,2026-03-01,Warranty claim,B1,19
D093,2026-03-01,Warranty claim,B2,5
D093,2026-03-01,Account access,B1,2
D093,2026-03-01,Account access,B2,4
D093,2026-03-01,Technical support,B1,14
D093,2026-03-01,Technical support,B2,23
D094,2026-01-01,Delivery enquiry,B1,14
D094,2026-01-01,Delivery enquiry,B2,21
D094,2026-01-01,Product return,B1,13
D094,2026-01-01,Product return,B2,16
D094,2026-01-01,Warranty claim,B1,22
D094,2026-01-01,Warranty claim,B2,5
D094,2026-01-01,Account access,B1,3
D094,2026-01-01,Account access,B2,23
D094,2026-01-01,Technical support,B1,23
D094,2026-01-01,Technical support,B2,23
D094,2026-02-01,Delivery enquiry,B1,1
D094,2026-02-01,Delivery enquiry,B2,10
D094,2026-02-01,Product return,B1,17
D094,2026-02-01,Product return,B2,23
D094,2026-02-01,Warranty claim,B1,20
D094,2026-02-01,Warranty claim,B2,23
D094,2026-02-01,Account access,B1,14
D094,2026-02-01,Account access,B2,19
D094,2026-02-01,Technical support,B1,6
D094,2026-02-01,Technical support,B2,11
D094,2026-03-01,Delivery enquiry,B1,20
D094,2026-03-01,Delivery enquiry,B2,18
D094,2026-03-01,Product return,B1,24
D094,2026-03-01,Product return,B2,23
D094,2026-03-01,Warranty claim,B1,16
D094,2026-03-01,Warranty claim,B2,23
D094,2026-03-01,Account access,B1,8
D094,2026-03-01,Account access,B2,6
D094,2026-03-01,Technical support,B1,7
D094,2026-03-01,Technical support,B2,4
D095,2026-01-01,Delivery enquiry,B1,20
D095,2026-01-01,Delivery enquiry,B2,17
D095,2026-01-01,Product return,B1,16
D095,2026-01-01,Product return,B2,4
D095,2026-01-01,Warranty claim,B1,1
D095,2026-01-01,Warranty claim,B2,8
D095,2026-01-01,Account access,B1,21
D095,2026-01-01,Account access,B2,9
D095,2026-01-01,Technical support,B1,2
D095,2026-01-01,Technical support,B2,20
D095,2026-02-01,Delivery enquiry,B1,23
D095,2026-02-01,Delivery enquiry,B2,23
D095,2026-02-01,Product return,B1,4
D095,2026-02-01,Product return,B2,11
D095,2026-02-01,Warranty claim,B1,11
D095,2026-02-01,Warranty claim,B2,1
D095,2026-02-01,Account access,B1,23
D095,2026-02-01,Account access,B2,24
D095,2026-02-01,Technical support,B1,17
D095,2026-02-01,Technical support,B2,11
D095,2026-03-01,Delivery enquiry,B1,14
D095,2026-03-01,Delivery enquiry,B2,6
D095,2026-03-01,Product return,B1,9
D095,2026-03-01,Product return,B2,21
D095,2026-03-01,Warranty claim,B1,14
D095,2026-03-01,Warranty claim,B2,2
D095,2026-03-01,Account access,B1,4
D095,2026-03-01,Account access,B2,5
D095,2026-03-01,Technical support,B1,10
D095,2026-03-01,Technical support,B2,7
D096,2026-01-01,Delivery enquiry,B1,10
D096,2026-01-01,Delivery enquiry,B2,15
D096,2026-01-01,Product return,B1,14
D096,2026-01-01,Product return,B2,9
D096,2026-01-01,Warranty claim,B1,23
D096,2026-01-01,Warranty claim,B2,18
D096,2026-01-01,Account access,B1,15
D096,2026-01-01,Account access,B2,4
D096,2026-01-01,Technical support,B1,24
D096,2026-01-01,Technical support,B2,16
D096,2026-02-01,Delivery enquiry,B1,1
D096,2026-02-01,Delivery enquiry,B2,22
D096,2026-02-01,Product return,B1,5
D096,2026-02-01,Product return,B2,20
D096,2026-02-01,Warranty claim,B1,19
D096,2026-02-01,Warranty claim,B2,11
D096,2026-02-01,Account access,B1,12
D096,2026-02-01,Account access,B2,5
D096,2026-02-01,Technical support,B1,18
D096,2026-02-01,Technical support,B2,23
D096,2026-03-01,Delivery enquiry,B1,12
D096,2026-03-01,Delivery enquiry,B2,1
D096,2026-03-01,Product return,B1,8
D096,2026-03-01,Product return,B2,2
D096,2026-03-01,Warranty claim,B1,10
D096,2026-03-01,Warranty claim,B2,2
D096,2026-03-01,Account access,B1,17
D096,2026-03-01,Account access,B2,6
D096,2026-03-01,Technical support,B1,12
D096,2026-03-01,Technical support,B2,6
D097,2026-01-01,Delivery enquiry,B1,24
D097,2026-01-01,Delivery enquiry,B2,6
D097,2026-01-01,Product return,B1,3
D097,2026-01-01,Product return,B2,24
D097,2026-01-01,Warranty claim,B1,3
D097,2026-01-01,Warranty claim,B2,15
D097,2026-01-01,Account access,B1,12
D097,2026-01-01,Account access,B2,2
D097,2026-01-01,Technical support,B1,14
D097,2026-01-01,Technical support,B2,3
D097,2026-02-01,Delivery enquiry,B1,11
D097,2026-02-01,Delivery enquiry,B2,7
D097,2026-02-01,Product return,B1,14
D097,2026-02-01,Product return,B2,16
D097,2026-02-01,Warranty claim,B1,17
D097,2026-02-01,Warranty claim,B2,19
D097,2026-02-01,Account access,B1,5
D097,2026-02-01,Account access,B2,16
D097,2026-02-01,Technical support,B1,11
D097,2026-02-01,Technical support,B2,13
D097,2026-03-01,Delivery enquiry,B1,14
D097,2026-03-01,Delivery enquiry,B2,2
D097,2026-03-01,Product return,B1,14
D097,2026-03-01,Product return,B2,19
D097,2026-03-01,Warranty claim,B1,10
D097,2026-03-01,Warranty claim,B2,14
D097,2026-03-01,Account access,B1,11
D097,2026-03-01,Account access,B2,12
D097,2026-03-01,Technical support,B1,3
D097,2026-03-01,Technical support,B2,14
D098,2026-01-01,Delivery enquiry,B1,13
D098,2026-01-01,Delivery enquiry,B2,9
D098,2026-01-01,Product return,B1,6
D098,2026-01-01,Product return,B2,8
D098,2026-01-01,Warranty claim,B1,10
D098,2026-01-01,Warranty claim,B2,13
D098,2026-01-01,Account access,B1,7
D098,2026-01-01,Account access,B2,17
D098,2026-01-01,Technical support,B1,23
D098,2026-01-01,Technical support,B2,19
D098,2026-02-01,Delivery enquiry,B1,2
D098,2026-02-01,Delivery enquiry,B2,23
D098,2026-02-01,Product return,B1,13
D098,2026-02-01,Product return,B2,20
D098,2026-02-01,Warranty claim,B1,6
D098,2026-02-01,Warranty claim,B2,10
D098,2026-02-01,Account access,B1,15
D098,2026-02-01,Account access,B2,20
D098,2026-02-01,Technical support,B1,2
D098,2026-02-01,Technical support,B2,15
D098,2026-03-01,Delivery enquiry,B1,8
D098,2026-03-01,Delivery enquiry,B2,2
D098,2026-03-01,Product return,B1,7
D098,2026-03-01,Product return,B2,24
D098,2026-03-01,Warranty claim,B1,4
D098,2026-03-01,Warranty claim,B2,2
D098,2026-03-01,Account access,B1,16
D098,2026-03-01,Account access,B2,4
D098,2026-03-01,Technical support,B1,24
D098,2026-03-01,Technical support,B2,17
D099,2026-01-01,Delivery enquiry,B1,19
D099,2026-01-01,Delivery enquiry,B2,7
D099,2026-01-01,Product return,B1,7
D099,2026-01-01,Product return,B2,15
D099,2026-01-01,Warranty claim,B1,20
D099,2026-01-01,Warranty claim,B2,21
D099,2026-01-01,Account access,B1,20
D099,2026-01-01,Account access,B2,13
D099,2026-01-01,Technical support,B1,14
D099,2026-01-01,Technical support,B2,7
D099,2026-02-01,Delivery enquiry,B1,19
D099,2026-02-01,Delivery enquiry,B2,12
D099,2026-02-01,Product return,B1,3
D099,2026-02-01,Product return,B2,7
D099,2026-02-01,Warranty claim,B1,11
D099,2026-02-01,Warranty claim,B2,8
D099,2026-02-01,Account access,B1,17
D099,2026-02-01,Account access,B2,13
D099,2026-02-01,Technical support,B1,9
D099,2026-02-01,Technical support,B2,11
D099,2026-03-01,Delivery enquiry,B1,10
D099,2026-03-01,Delivery enquiry,B2,3
D099,2026-03-01,Product return,B1,16
D099,2026-03-01,Product return,B2,18
D099,2026-03-01,Warranty claim,B1,11
D099,2026-03-01,Warranty claim,B2,24
D099,2026-03-01,Account access,B1,8
D099,2026-03-01,Account access,B2,11
D099,2026-03-01,Technical support,B1,18
D099,2026-03-01,Technical support,B2,24
D100,2026-01-01,Delivery enquiry,B1,11
D100,2026-01-01,Delivery enquiry,B2,14
D100,2026-01-01,Product return,B1,13
D100,2026-01-01,Product return,B2,11
D100,2026-01-01,Warranty claim,B1,1
D100,2026-01-01,Warranty claim,B2,16
D100,2026-01-01,Account access,B1,14
D100,2026-01-01,Account access,B2,13
D100,2026-01-01,Technical support,B1,10
D100,2026-01-01,Technical support,B2,1
D100,2026-02-01,Delivery enquiry,B1,23
D100,2026-02-01,Delivery enquiry,B2,15
D100,2026-02-01,Product return,B1,2
D100,2026-02-01,Product return,B2,4
D100,2026-02-01,Warranty claim,B1,10
D100,2026-02-01,Warranty claim,B2,9
D100,2026-02-01,Account access,B1,8
D100,2026-02-01,Account access,B2,5
D100,2026-02-01,Technical support,B1,16
D100,2026-02-01,Technical support,B2,13
D100,2026-03-01,Delivery enquiry,B1,13
D100,2026-03-01,Delivery enquiry,B2,22
D100,2026-03-01,Product return,B1,12
D100,2026-03-01,Product return,B2,5
D100,2026-03-01,Warranty claim,B1,9
D100,2026-03-01,Warranty claim,B2,8
D100,2026-03-01,Account access,B1,1
D100,2026-03-01,Account access,B2,20
D100,2026-03-01,Technical support,B1,19
D100,2026-03-01,Technical support,B2,13
D101,2026-01-01,Delivery enquiry,B1,1
D101,2026-01-01,Delivery enquiry,B2,1
D101,2026-01-01,Product return,B1,4
D101,2026-01-01,Product return,B2,13
D101,2026-01-01,Warranty claim,B1,11
D101,2026-01-01,Warranty claim,B2,8
D101,2026-01-01,Account access,B1,4
D101,2026-01-01,Account access,B2,17
D101,2026-01-01,Technical support,B1,19
D101,2026-01-01,Technical support,B2,8
D101,2026-02-01,Delivery enquiry,B1,12
D101,2026-02-01,Delivery enquiry,B2,1
D101,2026-02-01,Product return,B1,1
D101,2026-02-01,Product return,B2,11
D101,2026-02-01,Warranty claim,B1,15
D101,2026-02-01,Warranty claim,B2,16
D101,2026-02-01,Account access,B1,16
D101,2026-02-01,Account access,B2,7
D101,2026-02-01,Technical support,B1,7
D101,2026-02-01,Technical support,B2,3
D101,2026-03-01,Delivery enquiry,B1,22
D101,2026-03-01,Delivery enquiry,B2,18
D101,2026-03-01,Product return,B1,23
D101,2026-03-01,Product return,B2,24
D101,2026-03-01,Warranty claim,B1,1
D101,2026-03-01,Warranty claim,B2,6
D101,2026-03-01,Account access,B1,22
D101,2026-03-01,Account access,B2,12
D101,2026-03-01,Technical support,B1,18
D101,2026-03-01,Technical support,B2,16
D102,2026-01-01,Delivery enquiry,B1,22
D102,2026-01-01,Delivery enquiry,B2,6
D102,2026-01-01,Product return,B1,22
D102,2026-01-01,Product return,B2,24
D102,2026-01-01,Warranty claim,B1,11
D102,2026-01-01,Warranty claim,B2,6
D102,2026-01-01,Account access,B1,15
D102,2026-01-01,Account access,B2,24
D102,2026-01-01,Technical support,B1,10
D102,2026-01-01,Technical support,B2,16
D102,2026-02-01,Delivery enquiry,B1,23
D102,2026-02-01,Delivery enquiry,B2,11
D102,2026-02-01,Product return,B1,24
D102,2026-02-01,Product return,B2,11
D102,2026-02-01,Warranty claim,B1,24
D102,2026-02-01,Warranty claim,B2,23
D102,2026-02-01,Account access,B1,23
D102,2026-02-01,Account access,B2,6
D102,2026-02-01,Technical support,B1,7
D102,2026-02-01,Technical support,B2,21
D102,2026-03-01,Delivery enquiry,B1,9
D102,2026-03-01,Delivery enquiry,B2,8
D102,2026-03-01,Product return,B1,9
D102,2026-03-01,Product return,B2,17
D102,2026-03-01,Warranty claim,B1,13
D102,2026-03-01,Warranty claim,B2,5
D102,2026-03-01,Account access,B1,23
D102,2026-03-01,Account access,B2,18
D102,2026-03-01,Technical support,B1,2
D102,2026-03-01,Technical support,B2,20
D103,2026-01-01,Delivery enquiry,B1,19
D103,2026-01-01,Delivery enquiry,B2,7
D103,2026-01-01,Product return,B1,21
D103,2026-01-01,Product return,B2,11
D103,2026-01-01,Warranty claim,B1,11
D103,2026-01-01,Warranty claim,B2,8
D103,2026-01-01,Account access,B1,16
D103,2026-01-01,Account access,B2,20
D103,2026-01-01,Technical support,B1,5
D103,2026-01-01,Technical support,B2,19
D103,2026-02-01,Delivery enquiry,B1,14
D103,2026-02-01,Delivery enquiry,B2,4
D103,2026-02-01,Product return,B1,1
D103,2026-02-01,Product return,B2,8
D103,2026-02-01,Warranty claim,B1,6
D103,2026-02-01,Warranty claim,B2,1
D103,2026-02-01,Account access,B1,15
D103,2026-02-01,Account access,B2,24
D103,2026-02-01,Technical support,B1,8
D103,2026-02-01,Technical support,B2,3
D103,2026-03-01,Delivery enquiry,B1,14
D103,2026-03-01,Delivery enquiry,B2,17
D103,2026-03-01,Product return,B1,15
D103,2026-03-01,Product return,B2,10
D103,2026-03-01,Warranty claim,B1,23
D103,2026-03-01,Warranty claim,B2,19
D103,2026-03-01,Account access,B1,15
D103,2026-03-01,Account access,B2,17
D103,2026-03-01,Technical support,B1,13
D103,2026-03-01,Technical support,B2,15
D104,2026-01-01,Delivery enquiry,B1,5
D104,2026-01-01,Delivery enquiry,B2,20
D104,2026-01-01,Product return,B1,23
D104,2026-01-01,Product return,B2,24
D104,2026-01-01,Warranty claim,B1,11
D104,2026-01-01,Warranty claim,B2,8
D104,2026-01-01,Account access,B1,15
D104,2026-01-01,Account access,B2,6
D104,2026-01-01,Technical support,B1,1
D104,2026-01-01,Technical support,B2,19
D104,2026-02-01,Delivery enquiry,B1,11
D104,2026-02-01,Delivery enquiry,B2,20
D104,2026-02-01,Product return,B1,17
D104,2026-02-01,Product return,B2,8
D104,2026-02-01,Warranty claim,B1,4
D104,2026-02-01,Warranty claim,B2,17
D104,2026-02-01,Account access,B1,2
D104,2026-02-01,Account access,B2,12
D104,2026-02-01,Technical support,B1,6
D104,2026-02-01,Technical support,B2,20
D104,2026-03-01,Delivery enquiry,B1,14
D104,2026-03-01,Delivery enquiry,B2,17
D104,2026-03-01,Product return,B1,16
D104,2026-03-01,Product return,B2,5
D104,2026-03-01,Warranty claim,B1,23
D104,2026-03-01,Warranty claim,B2,6
D104,2026-03-01,Account access,B1,19
D104,2026-03-01,Account access,B2,13
D104,2026-03-01,Technical support,B1,12
D104,2026-03-01,Technical support,B2,5
D105,2026-01-01,Delivery enquiry,B1,11
D105,2026-01-01,Delivery enquiry,B2,24
D105,2026-01-01,Product return,B1,2
D105,2026-01-01,Product return,B2,19
D105,2026-01-01,Warranty claim,B1,14
D105,2026-01-01,Warranty claim,B2,15
D105,2026-01-01,Account access,B1,4
D105,2026-01-01,Account access,B2,1
D105,2026-01-01,Technical support,B1,4
D105,2026-01-01,Technical support,B2,19
D105,2026-02-01,Delivery enquiry,B1,16
D105,2026-02-01,Delivery enquiry,B2,2
D105,2026-02-01,Product return,B1,17
D105,2026-02-01,Product return,B2,9
D105,2026-02-01,Warranty claim,B1,3
D105,2026-02-01,Warranty claim,B2,24
D105,2026-02-01,Account access,B1,23
D105,2026-02-01,Account access,B2,15
D105,2026-02-01,Technical support,B1,16
D105,2026-02-01,Technical support,B2,8
D105,2026-03-01,Delivery enquiry,B1,18
D105,2026-03-01,Delivery enquiry,B2,6
D105,2026-03-01,Product return,B1,10
D105,2026-03-01,Product return,B2,14
D105,2026-03-01,Warranty claim,B1,10
D105,2026-03-01,Warranty claim,B2,10
D105,2026-03-01,Account access,B1,8
D105,2026-03-01,Account access,B2,5
D105,2026-03-01,Technical support,B1,22
D105,2026-03-01,Technical support,B2,10
D106,2026-01-01,Delivery enquiry,B1,21
D106,2026-01-01,Delivery enquiry,B2,4
D106,2026-01-01,Product return,B1,16
D106,2026-01-01,Product return,B2,6
D106,2026-01-01,Warranty claim,B1,22
D106,2026-01-01,Warranty claim,B2,1
D106,2026-01-01,Account access,B1,16
D106,2026-01-01,Account access,B2,10
D106,2026-01-01,Technical support,B1,6
D106,2026-01-01,Technical support,B2,23
D106,2026-02-01,Delivery enquiry,B1,17
D106,2026-02-01,Delivery enquiry,B2,17
D106,2026-02-01,Product return,B1,19
D106,2026-02-01,Product return,B2,21
D106,2026-02-01,Warranty claim,B1,9
D106,2026-02-01,Warranty claim,B2,17
D106,2026-02-01,Account access,B1,5
D106,2026-02-01,Account access,B2,17
D106,2026-02-01,Technical support,B1,6
D106,2026-02-01,Technical support,B2,8
D106,2026-03-01,Delivery enquiry,B1,17
D106,2026-03-01,Delivery enquiry,B2,24
D106,2026-03-01,Product return,B1,15
D106,2026-03-01,Product return,B2,14
D106,2026-03-01,Warranty claim,B1,2
D106,2026-03-01,Warranty claim,B2,11
D106,2026-03-01,Account access,B1,16
D106,2026-03-01,Account access,B2,8
D106,2026-03-01,Technical support,B1,14
D106,2026-03-01,Technical support,B2,1
D107,2026-01-01,Delivery enquiry,B1,14
D107,2026-01-01,Delivery enquiry,B2,23
D107,2026-01-01,Product return,B1,12
D107,2026-01-01,Product return,B2,14
D107,2026-01-01,Warranty claim,B1,10
D107,2026-01-01,Warranty claim,B2,1
D107,2026-01-01,Account access,B1,8
D107,2026-01-01,Account access,B2,17
D107,2026-01-01,Technical support,B1,17
D107,2026-01-01,Technical support,B2,5
D107,2026-02-01,Delivery enquiry,B1,16
D107,2026-02-01,Delivery enquiry,B2,16
D107,2026-02-01,Product return,B1,16
D107,2026-02-01,Product return,B2,12
D107,2026-02-01,Warranty claim,B1,11
D107,2026-02-01,Warranty claim,B2,23
D107,2026-02-01,Account access,B1,23
D107,2026-02-01,Account access,B2,1
D107,2026-02-01,Technical support,B1,17
D107,2026-02-01,Technical support,B2,12
D107,2026-03-01,Delivery enquiry,B1,6
D107,2026-03-01,Delivery enquiry,B2,9
D107,2026-03-01,Product return,B1,9
D107,2026-03-01,Product return,B2,21
D107,2026-03-01,Warranty claim,B1,23
D107,2026-03-01,Warranty claim,B2,16
D107,2026-03-01,Account access,B1,17
D107,2026-03-01,Account access,B2,4
D107,2026-03-01,Technical support,B1,24
D107,2026-03-01,Technical support,B2,14
D108,2026-01-01,Delivery enquiry,B1,12
D108,2026-01-01,Delivery enquiry,B2,20
D108,2026-01-01,Product return,B1,1
D108,2026-01-01,Product return,B2,16
D108,2026-01-01,Warranty claim,B1,10
D108,2026-01-01,Warranty claim,B2,4
D108,2026-01-01,Account access,B1,9
D108,2026-01-01,Account access,B2,6
D108,2026-01-01,Technical support,B1,12
D108,2026-01-01,Technical support,B2,19
D108,2026-02-01,Delivery enquiry,B1,20
D108,2026-02-01,Delivery enquiry,B2,9
D108,2026-02-01,Product return,B1,24
D108,2026-02-01,Product return,B2,19
D108,2026-02-01,Warranty claim,B1,7
D108,2026-02-01,Warranty claim,B2,12
D108,2026-02-01,Account access,B1,18
D108,2026-02-01,Account access,B2,9
D108,2026-02-01,Technical support,B1,23
D108,2026-02-01,Technical support,B2,17
D108,2026-03-01,Delivery enquiry,B1,11
D108,2026-03-01,Delivery enquiry,B2,4
D108,2026-03-01,Product return,B1,11
D108,2026-03-01,Product return,B2,13
D108,2026-03-01,Warranty claim,B1,6
D108,2026-03-01,Warranty claim,B2,3
D108,2026-03-01,Account access,B1,10
D108,2026-03-01,Account access,B2,20
D108,2026-03-01,Technical support,B1,23
D108,2026-03-01,Technical support,B2,15
D109,2026-01-01,Delivery enquiry,B1,19
D109,2026-01-01,Delivery enquiry,B2,14
D109,2026-01-01,Product return,B1,23
D109,2026-01-01,Product return,B2,4
D109,2026-01-01,Warranty claim,B1,15
D109,2026-01-01,Warranty claim,B2,3
D109,2026-01-01,Account access,B1,20
D109,2026-01-01,Account access,B2,6
D109,2026-01-01,Technical support,B1,10
D109,2026-01-01,Technical support,B2,2
D109,2026-02-01,Delivery enquiry,B1,23
D109,2026-02-01,Delivery enquiry,B2,6
D109,2026-02-01,Product return,B1,18
D109,2026-02-01,Product return,B2,18
D109,2026-02-01,Warranty claim,B1,14
D109,2026-02-01,Warranty claim,B2,4
D109,2026-02-01,Account access,B1,17
D109,2026-02-01,Account access,B2,18
D109,2026-02-01,Technical support,B1,15
D109,2026-02-01,Technical support,B2,12
D109,2026-03-01,Delivery enquiry,B1,2
D109,2026-03-01,Delivery enquiry,B2,24
D109,2026-03-01,Product return,B1,13
D109,2026-03-01,Product return,B2,2
D109,2026-03-01,Warranty claim,B1,19
D109,2026-03-01,Warranty claim,B2,21
D109,2026-03-01,Account access,B1,10
D109,2026-03-01,Account access,B2,22
D109,2026-03-01,Technical support,B1,5
D109,2026-03-01,Technical support,B2,23
D110,2026-01-01,Delivery enquiry,B1,7
D110,2026-01-01,Delivery enquiry,B2,1
D110,2026-01-01,Product return,B1,9
D110,2026-01-01,Product return,B2,13
D110,2026-01-01,Warranty claim,B1,15
D110,2026-01-01,Warranty claim,B2,20
D110,2026-01-01,Account access,B1,20
D110,2026-01-01,Account access,B2,20
D110,2026-01-01,Technical support,B1,5
D110,2026-01-01,Technical support,B2,18
D110,2026-02-01,Delivery enquiry,B1,21
D110,2026-02-01,Delivery enquiry,B2,24
D110,2026-02-01,Product return,B1,19
D110,2026-02-01,Product return,B2,20
D110,2026-02-01,Warranty claim,B1,16
D110,2026-02-01,Warranty claim,B2,17
D110,2026-02-01,Account access,B1,13
D110,2026-02-01,Account access,B2,16
D110,2026-02-01,Technical support,B1,19
D110,2026-02-01,Technical support,B2,3
D110,2026-03-01,Delivery enquiry,B1,1
D110,2026-03-01,Delivery enquiry,B2,7
D110,2026-03-01,Product return,B1,2
D110,2026-03-01,Product return,B2,6
D110,2026-03-01,Warranty claim,B1,5
D110,2026-03-01,Warranty claim,B2,8
D110,2026-03-01,Account access,B1,9
D110,2026-03-01,Account access,B2,18
D110,2026-03-01,Technical support,B1,8
D110,2026-03-01,Technical support,B2,5
D111,2026-01-01,Delivery enquiry,B1,2
D111,2026-01-01,Delivery enquiry,B2,11
D111,2026-01-01,Product return,B1,20
D111,2026-01-01,Product return,B2,15
D111,2026-01-01,Warranty claim,B1,18
D111,2026-01-01,Warranty claim,B2,10
D111,2026-01-01,Account access,B1,4
D111,2026-01-01,Account access,B2,6
D111,2026-01-01,Technical support,B1,3
D111,2026-01-01,Technical support,B2,9
D111,2026-02-01,Delivery enquiry,B1,4
D111,2026-02-01,Delivery enquiry,B2,9
D111,2026-02-01,Product return,B1,8
D111,2026-02-01,Product return,B2,17
D111,2026-02-01,Warranty claim,B1,10
D111,2026-02-01,Warranty claim,B2,8
D111,2026-02-01,Account access,B1,12
D111,2026-02-01,Account access,B2,3
D111,2026-02-01,Technical support,B1,12
D111,2026-02-01,Technical support,B2,10
D111,2026-03-01,Delivery enquiry,B1,7
D111,2026-03-01,Delivery enquiry,B2,4
D111,2026-03-01,Product return,B1,23
D111,2026-03-01,Product return,B2,22
D111,2026-03-01,Warranty claim,B1,16
D111,2026-03-01,Warranty claim,B2,18
D111,2026-03-01,Account access,B1,23
D111,2026-03-01,Account access,B2,13
D111,2026-03-01,Technical support,B1,17
D111,2026-03-01,Technical support,B2,18
D112,2026-01-01,Delivery enquiry,B1,24
D112,2026-01-01,Delivery enquiry,B2,23
D112,2026-01-01,Product return,B1,12
D112,2026-01-01,Product return,B2,4
D112,2026-01-01,Warranty claim,B1,11
D112,2026-01-01,Warranty claim,B2,19
D112,2026-01-01,Account access,B1,21
D112,2026-01-01,Account access,B2,22
D112,2026-01-01,Technical support,B1,6
D112,2026-01-01,Technical support,B2,24
D112,2026-02-01,Delivery enquiry,B1,2
D112,2026-02-01,Delivery enquiry,B2,9
D112,2026-02-01,Product return,B1,12
D112,2026-02-01,Product return,B2,6
D112,2026-02-01,Warranty claim,B1,16
D112,2026-02-01,Warranty claim,B2,5
D112,2026-02-01,Account access,B1,19
D112,2026-02-01,Account access,B2,6
D112,2026-02-01,Technical support,B1,14
D112,2026-02-01,Technical support,B2,11
D112,2026-03-01,Delivery enquiry,B1,23
D112,2026-03-01,Delivery enquiry,B2,15
D112,2026-03-01,Product return,B1,19
D112,2026-03-01,Product return,B2,6
D112,2026-03-01,Warranty claim,B1,5
D112,2026-03-01,Warranty claim,B2,2
D112,2026-03-01,Account access,B1,18
D112,2026-03-01,Account access,B2,20
D112,2026-03-01,Technical support,B1,12
D112,2026-03-01,Technical support,B2,2
D113,2026-01-01,Delivery enquiry,B1,17
D113,2026-01-01,Delivery enquiry,B2,18
D113,2026-01-01,Product return,B1,20
D113,2026-01-01,Product return,B2,23
D113,2026-01-01,Warranty claim,B1,9
D113,2026-01-01,Warranty claim,B2,13
D113,2026-01-01,Account access,B1,16
D113,2026-01-01,Account access,B2,2
D113,2026-01-01,Technical support,B1,11
D113,2026-01-01,Technical support,B2,14
D113,2026-02-01,Delivery enquiry,B1,10
D113,2026-02-01,Delivery enquiry,B2,5
D113,2026-02-01,Product return,B1,9
D113,2026-02-01,Product return,B2,9
D113,2026-02-01,Warranty claim,B1,7
D113,2026-02-01,Warranty claim,B2,9
D113,2026-02-01,Account access,B1,5
D113,2026-02-01,Account access,B2,17
D113,2026-02-01,Technical support,B1,8
D113,2026-02-01,Technical support,B2,4
D113,2026-03-01,Delivery enquiry,B1,23
D113,2026-03-01,Delivery enquiry,B2,13
D113,2026-03-01,Product return,B1,2
D113,2026-03-01,Product return,B2,15
D113,2026-03-01,Warranty claim,B1,16
D113,2026-03-01,Warranty claim,B2,12
D113,2026-03-01,Account access,B1,14
D113,2026-03-01,Account access,B2,17
D113,2026-03-01,Technical support,B1,7
D113,2026-03-01,Technical support,B2,22
D114,2026-01-01,Delivery enquiry,B1,16
D114,2026-01-01,Delivery enquiry,B2,21
D114,2026-01-01,Product return,B1,12
D114,2026-01-01,Product return,B2,21
D114,2026-01-01,Warranty claim,B1,16
D114,2026-01-01,Warranty claim,B2,20
D114,2026-01-01,Account access,B1,6
D114,2026-01-01,Account access,B2,11
D114,2026-01-01,Technical support,B1,18
D114,2026-01-01,Technical support,B2,5
D114,2026-02-01,Delivery enquiry,B1,1
D114,2026-02-01,Delivery enquiry,B2,15
D114,2026-02-01,Product return,B1,7
D114,2026-02-01,Product return,B2,9
D114,2026-02-01,Warranty claim,B1,19
D114,2026-02-01,Warranty claim,B2,1
D114,2026-02-01,Account access,B1,17
D114,2026-02-01,Account access,B2,5
D114,2026-02-01,Technical support,B1,11
D114,2026-02-01,Technical support,B2,17
D114,2026-03-01,Delivery enquiry,B1,21
D114,2026-03-01,Delivery enquiry,B2,9
D114,2026-03-01,Product return,B1,6
D114,2026-03-01,Product return,B2,22
D114,2026-03-01,Warranty claim,B1,17
D114,2026-03-01,Warranty claim,B2,24
D114,2026-03-01,Account access,B1,5
D114,2026-03-01,Account access,B2,19
D114,2026-03-01,Technical support,B1,21
D114,2026-03-01,Technical support,B2,6
D115,2026-01-01,Delivery enquiry,B1,8
D115,2026-01-01,Delivery enquiry,B2,8
D115,2026-01-01,Product return,B1,14
D115,2026-01-01,Product return,B2,13
D115,2026-01-01,Warranty claim,B1,14
D115,2026-01-01,Warranty claim,B2,11
D115,2026-01-01,Account access,B1,19
D115,2026-01-01,Account access,B2,5
D115,2026-01-01,Technical support,B1,7
D115,2026-01-01,Technical support,B2,10
D115,2026-02-01,Delivery enquiry,B1,15
D115,2026-02-01,Delivery enquiry,B2,23
D115,2026-02-01,Product return,B1,2
D115,2026-02-01,Product return,B2,2
D115,2026-02-01,Warranty claim,B1,6
D115,2026-02-01,Warranty claim,B2,6
D115,2026-02-01,Account access,B1,2
D115,2026-02-01,Account access,B2,1
D115,2026-02-01,Technical support,B1,7
D115,2026-02-01,Technical support,B2,24
D115,2026-03-01,Delivery enquiry,B1,10
D115,2026-03-01,Delivery enquiry,B2,1
D115,2026-03-01,Product return,B1,16
D115,2026-03-01,Product return,B2,5
D115,2026-03-01,Warranty claim,B1,13
D115,2026-03-01,Warranty claim,B2,11
D115,2026-03-01,Account access,B1,9
D115,2026-03-01,Account access,B2,8
D115,2026-03-01,Technical support,B1,9
D115,2026-03-01,Technical support,B2,19
D116,2026-01-01,Delivery enquiry,B1,19
D116,2026-01-01,Delivery enquiry,B2,13
D116,2026-01-01,Product return,B1,24
D116,2026-01-01,Product return,B2,11
D116,2026-01-01,Warranty claim,B1,13
D116,2026-01-01,Warranty claim,B2,7
D116,2026-01-01,Account access,B1,19
D116,2026-01-01,Account access,B2,6
D116,2026-01-01,Technical support,B1,1
D116,2026-01-01,Technical support,B2,12
D116,2026-02-01,Delivery enquiry,B1,3
D116,2026-02-01,Delivery enquiry,B2,9
D116,2026-02-01,Product return,B1,24
D116,2026-02-01,Product return,B2,7
D116,2026-02-01,Warranty claim,B1,18
D116,2026-02-01,Warranty claim,B2,18
D116,2026-02-01,Account access,B1,21
D116,2026-02-01,Account access,B2,5
D116,2026-02-01,Technical support,B1,6
D116,2026-02-01,Technical support,B2,23
D116,2026-03-01,Delivery enquiry,B1,14
D116,2026-03-01,Delivery enquiry,B2,11
D116,2026-03-01,Product return,B1,6
D116,2026-03-01,Product return,B2,18
D116,2026-03-01,Warranty claim,B1,12
D116,2026-03-01,Warranty claim,B2,19
D116,2026-03-01,Account access,B1,13
D116,2026-03-01,Account access,B2,15
D116,2026-03-01,Technical support,B1,9
D116,2026-03-01,Technical support,B2,10
D117,2026-01-01,Delivery enquiry,B1,3
D117,2026-01-01,Delivery enquiry,B2,23
D117,2026-01-01,Product return,B1,24
D117,2026-01-01,Product return,B2,18
D117,2026-01-01,Warranty claim,B1,11
D117,2026-01-01,Warranty claim,B2,19
D117,2026-01-01,Account access,B1,24
D117,2026-01-01,Account access,B2,2
D117,2026-01-01,Technical support,B1,6
D117,2026-01-01,Technical support,B2,4
D117,2026-02-01,Delivery enquiry,B1,15
D117,2026-02-01,Delivery enquiry,B2,2
D117,2026-02-01,Product return,B1,1
D117,2026-02-01,Product return,B2,19
D117,2026-02-01,Warranty claim,B1,4
D117,2026-02-01,Warranty claim,B2,7
D117,2026-02-01,Account access,B1,2
D117,2026-02-01,Account access,B2,4
D117,2026-02-01,Technical support,B1,11
D117,2026-02-01,Technical support,B2,19
D117,2026-03-01,Delivery enquiry,B1,4
D117,2026-03-01,Delivery enquiry,B2,11
D117,2026-03-01,Product return,B1,12
D117,2026-03-01,Product return,B2,2
D117,2026-03-01,Warranty claim,B1,13
D117,2026-03-01,Warranty claim,B2,2
D117,2026-03-01,Account access,B1,14
D117,2026-03-01,Account access,B2,4
D117,2026-03-01,Technical support,B1,16
D117,2026-03-01,Technical support,B2,11
D118,2026-01-01,Delivery enquiry,B1,15
D118,2026-01-01,Delivery enquiry,B2,4
D118,2026-01-01,Product return,B1,4
D118,2026-01-01,Product return,B2,11
D118,2026-01-01,Warranty claim,B1,4
D118,2026-01-01,Warranty claim,B2,11
D118,2026-01-01,Account access,B1,23
D118,2026-01-01,Account access,B2,16
D118,2026-01-01,Technical support,B1,18
D118,2026-01-01,Technical support,B2,8
D118,2026-02-01,Delivery enquiry,B1,11
D118,2026-02-01,Delivery enquiry,B2,8
D118,2026-02-01,Product return,B1,5
D118,2026-02-01,Product return,B2,5
D118,2026-02-01,Warranty claim,B1,22
D118,2026-02-01,Warranty claim,B2,15
D118,2026-02-01,Account access,B1,6
D118,2026-02-01,Account access,B2,7
D118,2026-02-01,Technical support,B1,24
D118,2026-02-01,Technical support,B2,16
D118,2026-03-01,Delivery enquiry,B1,10
D118,2026-03-01,Delivery enquiry,B2,1
D118,2026-03-01,Product return,B1,23
D118,2026-03-01,Product return,B2,7
D118,2026-03-01,Warranty claim,B1,2
D118,2026-03-01,Warranty claim,B2,24
D118,2026-03-01,Account access,B1,6
D118,2026-03-01,Account access,B2,16
D118,2026-03-01,Technical support,B1,13
D118,2026-03-01,Technical support,B2,7
D119,2026-01-01,Delivery enquiry,B1,18
D119,2026-01-01,Delivery enquiry,B2,11
D119,2026-01-01,Product return,B1,19
D119,2026-01-01,Product return,B2,16
D119,2026-01-01,Warranty claim,B1,24
D119,2026-01-01,Warranty claim,B2,5
D119,2026-01-01,Account access,B1,19
D119,2026-01-01,Account access,B2,15
D119,2026-01-01,Technical support,B1,21
D119,2026-01-01,Technical support,B2,13
D119,2026-02-01,Delivery enquiry,B1,14
D119,2026-02-01,Delivery enquiry,B2,7
D119,2026-02-01,Product return,B1,6
D119,2026-02-01,Product return,B2,6
D119,2026-02-01,Warranty claim,B1,22
D119,2026-02-01,Warranty claim,B2,24
D119,2026-02-01,Account access,B1,3
D119,2026-02-01,Account access,B2,10
D119,2026-02-01,Technical support,B1,24
D119,2026-02-01,Technical support,B2,14
D119,2026-03-01,Delivery enquiry,B1,5
D119,2026-03-01,Delivery enquiry,B2,8
D119,2026-03-01,Product return,B1,24
D119,2026-03-01,Product return,B2,11
D119,2026-03-01,Warranty claim,B1,17
D119,2026-03-01,Warranty claim,B2,2
D119,2026-03-01,Account access,B1,14
D119,2026-03-01,Account access,B2,22
D119,2026-03-01,Technical support,B1,12
D119,2026-03-01,Technical support,B2,8
D120,2026-01-01,Delivery enquiry,B1,12
D120,2026-01-01,Delivery enquiry,B2,23
D120,2026-01-01,Product return,B1,6
D120,2026-01-01,Product return,B2,13
D120,2026-01-01,Warranty claim,B1,7
D120,2026-01-01,Warranty claim,B2,3
D120,2026-01-01,Account access,B1,24
D120,2026-01-01,Account access,B2,24
D120,2026-01-01,Technical support,B1,12
D120,2026-01-01,Technical support,B2,15
D120,2026-02-01,Delivery enquiry,B1,16
D120,2026-02-01,Delivery enquiry,B2,22
D120,2026-02-01,Product return,B1,16
D120,2026-02-01,Product return,B2,17
D120,2026-02-01,Warranty claim,B1,17
D120,2026-02-01,Warranty claim,B2,15
D120,2026-02-01,Account access,B1,8
D120,2026-02-01,Account access,B2,11
D120,2026-02-01,Technical support,B1,18
D120,2026-02-01,Technical support,B2,5
D120,2026-03-01,Delivery enquiry,B1,20
D120,2026-03-01,Delivery enquiry,B2,18
D120,2026-03-01,Product return,B1,4
D120,2026-03-01,Product return,B2,1
D120,2026-03-01,Warranty claim,B1,13
D120,2026-03-01,Warranty claim,B2,18
D120,2026-03-01,Account access,B1,16
D120,2026-03-01,Account access,B2,14
D120,2026-03-01,Technical support,B1,10
D120,2026-03-01,Technical support,B2,4
