OrderLineID,OrderID,OrderDateText,ShippedDateText,CustomerID,ProductID,DepartmentID,Region,SalesChannel,Quantity,UnitPriceGBP,DiscountPct
SL-01-00001,SO-01-00001,2026-01-25,,C01351,P0251,D065,North,Partner,3,164.49,0
SL-01-00002,SO-01-00001,2026-01-04,2026-01-06,C00465,P0343,D040,Central,Store,4,198.99,0
SL-01-00003,SO-01-00002,2026-01-01,2026-01-07,C00256,P0262,D011,Central,Partner,4,288.24,0.10
SL-01-00004,SO-01-00002,2026-01-12,2026-01-16,C00779,P0150,D008,North,Store,3,362.24,0
SL-01-00005,SO-01-00003,2026-01-08,2026-01-11,C00480,P0188,D104,Central,Online,5,122.74,0.10
SL-01-00006,SO-01-00003,2026-01-23,2026-01-31,C00908,P0060,D015,East,Store,4,350.24,0.05
SL-01-00007,SO-01-00004,2026-01-25,2026-01-26,C00672,P0237,D030,Central,Partner,5,340.49,0.15
SL-01-00008,SO-01-00004,2026-01-12,2026-01-19,C00130,P0160,D066,North,Partner,5,141.24,0
SL-01-00009,SO-01-00005,2026-01-18,2026-01-19,C00668,P0257,D041,West,Store,1,231.99,0.15
SL-01-00010,SO-01-00005,2026-01-13,2026-01-15,C00607,P0225,D011,North,Online,2,205.49,0.15
SL-01-00011,SO-01-00006,2026-01-04,2026-01-07,C00872,P0158,D067,East,Partner,3,118.74,0
SL-01-00012,SO-01-00006,2026-01-15,2026-01-23,C00854,P0048,D074,East,Store,1,215.24,0.05
SL-01-00013,SO-01-00007,2026-01-03,2026-01-08,C00672,P0100,D011,West,Partner,2,133.24,0.10
SL-01-00014,SO-01-00007,2026-01-22,2026-01-27,C00194,P0286,D070,East,Online,3,224.74,0.15
SL-01-00015,SO-01-00008,2026-01-21,2026-01-29,C00151,P0265,D026,Central,Online,5,321.99,0.05
SL-01-00016,SO-01-00008,2026-01-30,2026-02-02,C00611,P0041,D074,South,Online,2,136.49,0.10
SL-01-00017,SO-01-00009,2026-01-28,2026-02-05,C00390,P0273,D019,North,Store,4,78.49,0.05
SL-01-00018,SO-01-00009,2026-01-06,2026-01-14,C00143,P0148,D017,North,Online,1,339.74,0.10
SL-01-00019,SO-01-00010,2026-01-24,2026-01-28,C01067,P0308,D015,North,Online,1,138.74,0.05
SL-01-00020,SO-01-00010,2026-01-10,2026-01-18,C00706,P0251,D101,East,Store,5,164.49,0.05
SL-01-00021,SO-01-00011,2026-01-27,2026-02-01,C00452,P0071,D045,West,Store,2,140.49,0.15
SL-01-00022,SO-01-00011,2026-01-17,2026-01-22,C00659,P0151,D069,North,Store,5,39.99,0.05
SL-01-00023,SO-01-00012,2026-01-25,,C00093,P0233,D075,North,Store,3,295.49,0.10
SL-01-00024,SO-01-00012,2026-01-04,2026-01-05,C00738,P0197,D033,Central,Store,2,223.99,0.05
SL-01-00025,SO-01-00013,2026-01-14,2026-01-16,C00719,P0086,D038,Central,Store,1,309.24,0
SL-01-00026,SO-01-00013,2026-01-09,2026-01-16,C01034,P0300,D033,South,Partner,2,382.24,0.15
SL-01-00027,SO-01-00014,2026-01-21,2026-01-22,C00436,P0283,D051,West,Partner,2,190.99,0.05
SL-01-00028,SO-01-00014,2026-01-20,2026-01-24,C00342,P0110,D100,North,Partner,3,245.74,0.05
SL-01-00029,SO-01-00015,2026-01-16,2026-01-24,C00805,P0160,D100,Central,Partner,4,141.24,0.15
SL-01-00030,SO-01-00015,2026-01-14,2026-01-21,C00992,P0180,D076,East,Online,4,366.24,0
SL-01-00031,SO-01-00016,2026-01-13,2026-01-16,C00631,P0115,D069,North,Online,5,301.99,0.10
SL-01-00032,SO-01-00016,2026-01-24,2026-01-26,C01362,P0278,D024,Central,Partner,3,134.74,0.10
SL-01-00033,SO-01-00017,2026-01-29,2026-01-30,C00416,P0238,D079,East,Online,2,351.74,0.05
SL-01-00034,SO-01-00017,2026-01-06,2026-01-07,C00404,P0295,D065,East,Store,3,325.99,0.10
SL-01-00035,SO-01-00018,2026-01-30,2026-02-06,C00886,P0280,D012,Central,Store,3,157.24,0
SL-01-00036,SO-01-00018,2026-01-05,2026-01-08,C00583,P0019,D008,South,Store,2,222.49,0
SL-01-00037,SO-01-00019,2026-01-24,2026-01-26,C00354,P0030,D055,West,Partner,2,346.24,0.15
SL-01-00038,SO-01-00019,2026-01-19,2026-01-27,C00456,P0196,D086,Central,Store,1,212.74,0.10
SL-01-00039,SO-01-00020,2026-01-27,2026-02-02,C00502,P0034,D001,East,Online,4,57.74,0.15
SL-01-00040,SO-01-00020,2026-01-10,2026-01-18,C00478,P0277,D049,North,Partner,4,123.49,0.10
SL-01-00041,SO-01-00021,2026-01-29,2026-02-05,C00105,P0144,D093,East,Online,1,294.74,0.05
SL-01-00042,SO-01-00021,2026-01-07,2026-01-13,C00282,P0022,D095,West,Online,4,256.24,0.05
SL-01-00043,SO-01-00022,2026-01-15,2026-01-17,C00398,P0028,D096,South,Store,2,323.74,0.10
SL-01-00044,SO-01-00022,2026-01-21,2026-01-23,C00003,P0117,D056,Central,Partner,1,324.49,0.10
SL-01-00045,SO-01-00023,2026-01-01,,C00639,P0279,D088,East,Store,5,145.99,0.05
SL-01-00046,SO-01-00023,2026-01-03,2026-01-07,C00371,P0295,D004,South,Store,3,325.99,0.05
SL-01-00047,SO-01-00024,2026-01-21,2026-01-26,C00576,P0046,D002,North,Store,5,192.74,0.15
SL-01-00048,SO-01-00024,2026-01-18,2026-01-22,C00516,P0297,D060,North,Store,5,348.49,0.15
SL-01-00049,SO-01-00025,2026-01-09,2026-01-11,C00298,P0325,D045,Central,Partner,3,329.99,0.15
SL-01-00050,SO-01-00025,2026-01-05,2026-01-09,C00591,P0083,D040,North,Online,5,275.49,0.10
SL-01-00051,SO-01-00026,2026-01-31,2026-02-05,C00715,P0089,D049,East,Online,5,342.99,0.15
SL-01-00052,SO-01-00026,2026-01-13,2026-01-17,C00684,P0080,D105,Central,Partner,2,241.74,0.10
SL-01-00053,SO-01-00027,2026-01-11,2026-01-16,C00448,P0047,D100,East,Partner,3,203.99,0
SL-01-00054,SO-01-00027,2026-01-19,2026-01-25,C00895,P0145,D046,North,Online,5,305.99,0.10
SL-01-00055,SO-01-00028,2026-01-29,2026-02-02,C00609,P0265,D097,East,Online,2,321.99,0
SL-01-00056,SO-01-00028,2026-01-11,2026-01-19,C00582,P0227,D107,South,Store,3,227.99,0.10
SL-01-00057,SO-01-00029,2026-01-30,2026-02-02,C01021,P0322,D092,Central,Partner,1,296.24,0.05
SL-01-00058,SO-01-00029,2026-01-26,2026-01-30,C01099,P0354,D081,East,Partner,2,322.74,0.05
SL-01-00059,SO-01-00030,2026-01-12,2026-01-18,C00520,P0205,D043,Central,Online,2,313.99,0
SL-01-00060,SO-01-00030,2026-01-19,2026-01-21,C00376,P0022,D005,South,Store,2,256.24,0.10
SL-01-00061,SO-01-00031,2026-01-21,2026-01-25,C00926,P0180,D009,East,Store,5,366.24,0.15
SL-01-00062,SO-01-00031,2026-01-07,2026-01-14,C00260,P0252,D062,South,Online,1,175.74,0
SL-01-00063,SO-01-00032,2026-01-26,2026-01-31,C01353,P0214,D061,North,Online,4,81.74,0.15
SL-01-00064,SO-01-00032,2026-01-13,2026-01-16,C00049,P0186,D087,East,Online,3,100.24,0.05
SL-01-00065,SO-01-00033,2026-01-27,2026-01-30,C00381,P0326,D007,West,Online,4,341.24,0.10
SL-01-00066,SO-01-00033,2026-01-17,2026-01-20,C00922,P0341,D110,Central,Store,4,176.49,0.15
SL-01-00067,SO-01-00034,2026-01-12,,C00054,P0053,D105,North,Partner,3,271.49,0.10
SL-01-00068,SO-01-00034,2026-01-30,2026-02-01,C00291,P0062,D103,South,Partner,2,39.24,0.05
SL-01-00069,SO-01-00035,2026-01-20,2026-01-27,C00748,P0186,D080,South,Online,1,100.24,0
SL-01-00070,SO-01-00035,2026-01-27,2026-02-03,C01003,P0244,D006,East,Online,5,85.74,0
SL-01-00071,SO-01-00036,2026-01-23,2026-01-25,C00779,P0268,D109,Central,Partner,3,355.74,0.10
SL-01-00072,SO-01-00036,2026-01-12,2026-01-16,C00955,P0285,D065,North,Partner,5,213.49,0.10
SL-01-00073,SO-01-00037,2026-01-16,2026-01-22,C00091,P0034,D043,East,Store,2,57.74,0.05
SL-01-00074,SO-01-00037,2026-01-06,2026-01-13,C00549,P0287,D024,West,Online,2,235.99,0.10
SL-01-00075,SO-01-00038,2026-01-22,2026-01-26,C01092,P0012,D059,North,Online,3,143.74,0.15
SL-01-00076,SO-01-00038,2026-01-12,2026-01-15,C00344,P0162,D017,South,Online,4,163.74,0.05
SL-01-00077,SO-01-00039,2026-01-24,2026-01-30,C01015,P0043,D044,South,Store,2,158.99,0.10
SL-01-00078,SO-01-00039,2026-01-15,2026-01-22,C00502,P0178,D083,Central,Store,3,343.74,0.05
SL-01-00079,SO-01-00040,2026-01-08,2026-01-13,C00674,P0237,D089,Central,Partner,5,340.49,0.05
SL-01-00080,SO-01-00040,2026-01-06,2026-01-10,C00385,P0341,D014,West,Online,3,176.49,0.10
SL-01-00081,SO-01-00041,2026-01-31,2026-02-02,C00836,P0012,D008,Central,Partner,4,143.74,0.15
SL-01-00082,SO-01-00041,2026-01-25,2026-02-02,C00864,P0265,D029,South,Store,1,321.99,0.15
SL-01-00083,SO-01-00042,2026-01-10,2026-01-14,C00310,P0217,D006,East,Store,3,115.49,0.10
SL-01-00084,SO-01-00042,2026-01-21,2026-01-24,C00872,P0046,D111,Central,Online,5,192.74,0.05
SL-01-00085,SO-01-00043,2026-01-28,2026-02-05,C01093,P0208,D022,East,Online,5,347.74,0.15
SL-01-00086,SO-01-00043,2026-01-06,2026-01-11,C00588,P0313,D015,West,Online,2,194.99,0.15
SL-01-00087,SO-01-00044,2026-01-14,2026-01-16,C00306,P0079,D035,Central,Store,3,230.49,0
SL-01-00088,SO-01-00044,2026-01-16,2026-01-21,C00112,P0175,D036,West,Store,2,309.99,0.10
SL-01-00089,SO-01-00045,2026-01-29,,C00355,P0163,D038,West,Online,4,174.99,0
SL-01-00090,SO-01-00045,2026-01-15,2026-01-21,C00975,P0242,D091,North,Partner,3,63.24,0.05
SL-01-00091,SO-01-00046,2026-01-31,2026-02-02,C01040,P0318,D046,East,Partner,5,251.24,0.15
SL-01-00092,SO-01-00046,2026-01-16,2026-01-19,C00761,P0352,D099,North,Partner,3,300.24,0
SL-01-00093,SO-01-00047,2026-01-23,2026-01-25,C00665,P0294,D105,East,Store,3,314.74,0
SL-01-00094,SO-01-00047,2026-01-08,2026-01-13,C01364,P0190,D050,South,Partner,4,145.24,0.10
SL-01-00095,SO-01-00048,2026-01-29,2026-02-06,C00628,P0209,D015,East,Store,3,358.99,0
SL-01-00096,SO-01-00048,2026-01-30,2026-01-31,C00478,P0050,D040,East,Online,1,237.74,0.15
SL-01-00097,SO-01-00049,2026-01-06,2026-01-07,C01051,P0319,D012,South,Store,5,262.49,0.10
SL-01-00098,SO-01-00049,2026-01-19,2026-01-23,C00014,P0249,D108,South,Partner,4,141.99,0
SL-01-00099,SO-01-00050,2026-01-18,2026-01-21,C00547,P0149,D098,North,Store,2,350.99,0.05
SL-01-00100,SO-01-00050,2026-01-14,2026-01-21,C00039,P0120,D064,South,Partner,5,358.24,0.05
SL-01-00101,SO-01-00051,2026-01-12,2026-01-15,C00575,P0314,D085,East,Partner,4,206.24,0.10
SL-01-00102,SO-01-00051,2026-01-17,2026-01-25,C00163,P0200,D056,East,Store,1,257.74,0.15
SL-01-00103,SO-01-00052,2026-01-27,2026-02-01,C00822,P0054,D094,South,Partner,1,282.74,0.05
SL-01-00104,SO-01-00052,2026-01-07,2026-01-09,C00170,P0333,D100,North,Online,3,86.49,0
SL-01-00105,SO-01-00053,2026-01-02,2026-01-04,C00985,P0122,D002,North,Store,2,47.24,0.05
SL-01-00106,SO-01-00053,2026-01-07,2026-01-14,C00937,P0309,D080,West,Store,3,149.99,0
SL-01-00107,SO-01-00054,2026-01-17,2026-01-22,C00677,P0157,D060,Central,Partner,5,107.49,0.15
SL-01-00108,SO-01-00054,2026-01-06,2026-01-12,C00075,P0109,D039,North,Store,3,234.49,0
SL-01-00109,SO-01-00055,2026-01-22,2026-01-23,C00010,P0051,D032,South,Online,1,248.99,0.15
SL-01-00110,SO-01-00055,2026-01-08,2026-01-11,C00466,P0045,D080,South,Online,4,181.49,0.10
SL-01-00111,SO-01-00056,2026-01-31,,C00076,P0188,D064,East,Online,1,122.74,0
SL-01-00112,SO-01-00056,2026-01-21,2026-01-26,C00687,P0358,D067,South,Store,5,367.74,0.05
SL-01-00113,SO-01-00057,2026-01-01,2026-01-03,C00031,P0042,D083,North,Partner,4,147.74,0.05
SL-01-00114,SO-01-00057,2026-01-24,2026-01-25,C01094,P0275,D033,East,Store,4,100.99,0.10
SL-01-00115,SO-01-00058,2026-01-26,2026-02-03,C00594,P0301,D097,South,Partner,5,59.99,0.15
SL-01-00116,SO-01-00058,2026-01-05,2026-01-11,C00207,P0209,D028,North,Partner,1,358.99,0
SL-01-00117,SO-01-00059,2026-01-02,2026-01-10,C00295,P0171,D050,North,Online,3,264.99,0.15
SL-01-00118,SO-01-00059,2026-01-24,2026-01-27,C00381,P0142,D043,East,Online,4,272.24,0
SL-01-00119,SO-01-00060,2026-01-04,2026-01-07,C00595,P0355,D011,South,Online,3,333.99,0.15
SL-01-00120,SO-01-00060,2026-01-02,2026-01-04,C00149,P0291,D037,South,Online,3,280.99,0.10
SL-01-00121,SO-01-00061,2026-01-22,2026-01-30,C01002,P0102,D092,West,Online,2,155.74,0.15
SL-01-00122,SO-01-00061,2026-01-29,2026-02-03,C00222,P0223,D067,West,Store,4,182.99,0.15
SL-01-00123,SO-01-00062,2026-01-10,2026-01-12,C00029,P0015,D029,North,Store,5,177.49,0.10
SL-01-00124,SO-01-00062,2026-01-23,2026-01-29,C00903,P0009,D067,South,Partner,4,109.99,0
SL-01-00125,SO-01-00063,2026-01-11,2026-01-15,C01355,P0252,D068,North,Online,5,175.74,0.10
SL-01-00126,SO-01-00063,2026-01-05,2026-01-10,C00586,P0185,D095,South,Online,1,88.99,0.15
SL-01-00127,SO-01-00064,2026-01-14,2026-01-21,C00106,P0241,D086,Central,Online,4,51.99,0.15
SL-01-00128,SO-01-00064,2026-01-01,2026-01-02,C00513,P0329,D018,Central,Online,1,374.99,0.10
SL-01-00129,SO-01-00065,2026-01-10,2026-01-12,C00976,P0010,D045,West,Partner,5,121.24,0.15
SL-01-00130,SO-01-00065,2026-01-14,2026-01-18,C00843,P0139,D016,Central,Partner,2,238.49,0.10
SL-01-00131,SO-01-00066,2026-01-16,2026-01-23,C00439,P0116,D073,South,Partner,4,313.24,0.05
SL-01-00132,SO-01-00066,2026-01-30,2026-02-04,C00562,P0162,D074,West,Partner,1,163.74,0.10
SL-01-00133,SO-01-00067,2026-01-02,,C00835,P0194,D038,West,Online,3,190.24,0.15
SL-01-00134,SO-01-00067,2026-01-09,2026-01-16,C00220,P0039,D080,West,Online,5,113.99,0.10
SL-01-00135,SO-01-00068,2026-01-21,2026-01-22,C00365,P0356,D007,East,Online,2,345.24,0
SL-01-00136,SO-01-00068,2026-01-06,2026-01-14,C00161,P0087,D010,North,Store,5,320.49,0.10
SL-01-00137,SO-01-00069,2026-01-07,2026-01-14,C00368,P0029,D035,North,Online,5,334.99,0
SL-01-00138,SO-01-00069,2026-01-10,2026-01-12,C00145,P0217,D086,West,Partner,4,115.49,0.10
SL-01-00139,SO-01-00070,2026-01-14,2026-01-22,C00643,P0006,D091,East,Partner,2,76.24,0.15
SL-01-00140,SO-01-00070,2026-01-17,2026-01-21,C00219,P0112,D097,West,Store,5,268.24,0.10
SL-01-00141,SO-01-00071,2026-01-04,2026-01-10,C00905,P0325,D064,Central,Online,1,329.99,0
SL-01-00142,SO-01-00071,2026-01-16,2026-01-17,C00033,P0092,D102,South,Partner,1,43.24,0.10
SL-01-00143,SO-01-00072,2026-01-10,2026-01-12,C00803,P0014,D009,East,Store,2,166.24,0.05
SL-01-00144,SO-01-00072,2026-01-05,2026-01-06,C00151,P0336,D049,East,Store,1,120.24,0.15
SL-01-00145,SO-01-00073,2026-01-11,2026-01-15,C00212,P0319,D023,North,Store,1,262.49,0
SL-01-00146,SO-01-00073,2026-01-23,2026-01-29,C00132,P0230,D039,East,Online,2,261.74,0.10
SL-01-00147,SO-01-00074,2026-01-21,2026-01-28,C00294,P0146,D017,East,Online,1,317.24,0.15
SL-01-00148,SO-01-00074,2026-01-19,2026-01-20,C00681,P0118,D039,Central,Online,3,335.74,0.15
SL-01-00149,SO-01-00075,2026-01-06,2026-01-09,C00226,P0324,D044,East,Store,4,318.74,0.15
SL-01-00150,SO-01-00075,2026-01-11,2026-01-16,C00847,P0329,D039,North,Online,5,374.99,0.15
SL-01-00151,SO-01-00076,2026-01-24,2026-01-28,C00214,P0069,D085,North,Online,3,117.99,0
SL-01-00152,SO-01-00076,2026-01-05,2026-01-13,C00484,P0217,D077,West,Store,3,115.49,0.10
SL-01-00153,SO-01-00077,2026-01-21,2026-01-29,C00520,P0113,D016,South,Store,2,279.49,0
SL-01-00154,SO-01-00077,2026-01-30,2026-01-31,C01025,P0247,D012,South,Store,3,119.49,0.05
SL-01-00155,SO-01-00078,2026-01-14,,C00821,P0016,D061,Central,Partner,1,188.74,0.10
SL-01-00156,SO-01-00078,2026-01-18,2026-01-20,C01366,P0047,D081,West,Store,1,203.99,0.15
SL-01-00157,SO-01-00079,2026-01-23,2026-01-31,C00378,P0271,D110,North,Online,2,55.99,0.05
SL-01-00158,SO-01-00079,2026-01-24,2026-01-31,C00893,P0295,D051,South,Online,1,325.99,0.15
SL-01-00159,SO-01-00080,2026-01-24,2026-01-29,C00927,P0164,D062,South,Store,5,186.24,0.10
SL-01-00160,SO-01-00080,2026-01-29,2026-02-03,C00177,P0253,D036,Central,Online,4,186.99,0.10
SL-01-00161,SO-01-00081,2026-01-24,2026-01-27,C00791,P0173,D021,South,Store,1,287.49,0
SL-01-00162,SO-01-00081,2026-01-07,2026-01-12,C00667,P0088,D061,South,Store,1,331.74,0.15
SL-01-00163,SO-01-00082,2026-01-02,2026-01-03,C01018,P0033,D014,North,Partner,5,46.49,0.10
SL-01-00164,SO-01-00082,2026-01-07,2026-01-11,C00529,P0014,D059,East,Online,4,166.24,0.15
SL-01-00165,SO-01-00083,2026-01-18,2026-01-20,C00805,P0115,D014,Central,Online,2,301.99,0
SL-01-00166,SO-01-00083,2026-01-21,2026-01-22,C00997,P0146,D085,North,Store,2,317.24,0.05
SL-01-00167,SO-01-00084,2026-01-09,2026-01-14,C00782,P0021,D043,North,Partner,3,244.99,0
SL-01-00168,SO-01-00084,2026-01-30,2026-02-07,C00766,P0337,D002,North,Online,1,131.49,0.15
SL-01-00169,SO-01-00085,2026-01-25,2026-02-02,C00554,P0191,D064,West,Partner,2,156.49,0.05
SL-01-00170,SO-01-00085,2026-01-17,2026-01-23,C00440,P0236,D025,Central,Online,1,329.24,0
SL-01-00171,SO-01-00086,2026-01-02,2026-01-05,C00697,P0306,D065,West,Store,3,116.24,0.05
SL-01-00172,SO-01-00086,2026-01-30,2026-01-31,C00197,P0164,D107,East,Online,4,186.24,0.15
SL-01-00173,SO-01-00087,2026-01-05,2026-01-06,C01063,P0035,D094,South,Store,3,68.99,0
SL-01-00174,SO-01-00087,2026-01-04,2026-01-06,C00266,P0015,D009,North,Store,4,177.49,0.15
SL-01-00175,SO-01-00088,2026-01-10,2026-01-13,C00758,P0146,D072,West,Store,2,317.24,0.05
SL-01-00176,SO-01-00088,2026-01-24,2026-01-31,C00110,P0079,D071,West,Online,4,230.49,0.15
SL-01-00177,SO-01-00089,2026-01-28,,C00216,P0312,D089,South,Partner,4,183.74,0.15
SL-01-00178,SO-01-00089,2026-01-29,2026-02-05,C00863,P0021,D036,North,Online,2,244.99,0.10
SL-01-00179,SO-01-00090,2026-01-18,2026-01-21,C00092,P0317,D074,West,Partner,2,239.99,0
SL-01-00180,SO-01-00090,2026-01-31,2026-02-04,C00472,P0234,D101,Central,Partner,2,306.74,0.10
SL-01-00181,SO-01-00091,2026-01-29,2026-02-04,C00199,P0289,D023,Central,Partner,5,258.49,0
SL-01-00182,SO-01-00091,2026-01-31,2026-02-02,C00707,P0114,D016,West,Online,3,290.74,0.05
SL-01-00183,SO-01-00092,2026-01-27,2026-01-31,C00393,P0143,D059,North,Partner,4,283.49,0.10
SL-01-00184,SO-01-00092,2026-01-24,2026-01-28,C00440,P0322,D046,East,Online,3,296.24,0.15
SL-01-00185,SO-01-00093,2026-01-24,2026-01-25,C00427,P0017,D085,West,Online,4,199.99,0.10
SL-01-00186,SO-01-00093,2026-01-14,2026-01-16,C00843,P0249,D041,South,Store,3,141.99,0.15
SL-01-00187,SO-01-00094,2026-01-08,2026-01-11,C01357,P0028,D052,West,Online,2,323.74,0.10
SL-01-00188,SO-01-00094,2026-01-23,2026-01-28,C00939,P0159,D021,South,Partner,4,129.99,0
SL-01-00189,SO-01-00095,2026-01-08,2026-01-14,C00411,P0205,D065,South,Store,1,313.99,0
SL-01-00190,SO-01-00095,2026-01-12,2026-01-15,C00626,P0221,D067,North,Partner,3,160.49,0.10
SL-01-00191,SO-01-00096,2026-01-19,2026-01-22,C00981,P0052,D107,North,Online,2,260.24,0.10
SL-01-00192,SO-01-00096,2026-01-07,2026-01-09,C00673,P0249,D006,East,Store,4,141.99,0
SL-01-00193,SO-01-00097,2026-01-14,2026-01-20,C00499,P0259,D100,West,Partner,4,254.49,0.05
SL-01-00194,SO-01-00097,2026-01-27,2026-02-04,C00668,P0078,D007,West,Online,5,219.24,0.15
SL-01-00195,SO-01-00098,2026-01-30,2026-02-02,C00220,P0100,D104,South,Online,3,133.24,0.15
SL-01-00196,SO-01-00098,2026-01-05,2026-01-10,C00597,P0316,D097,West,Partner,5,228.74,0.15
SL-01-00197,SO-01-00099,2026-01-10,2026-01-13,C00748,P0125,D065,East,Online,5,80.99,0
SL-01-00198,SO-01-00099,2026-01-23,2026-01-31,C00472,P0050,D069,Central,Online,5,237.74,0
SL-01-00199,SO-01-00100,2026-01-20,,C00368,P0201,D017,North,Online,1,268.99,0.05
SL-01-00200,SO-01-00100,2026-01-29,2026-02-05,C00349,P0091,D028,South,Partner,2,31.99,0
SL-01-00201,SO-01-00101,2026-01-02,2026-01-08,C00383,P0003,D048,North,Online,3,42.49,0.05
SL-01-00202,SO-01-00101,2026-01-20,2026-01-24,C00675,P0212,D064,West,Online,3,59.24,0.15
SL-01-00203,SO-01-00102,2026-01-10,2026-01-17,C00008,P0284,D077,South,Store,4,202.24,0.15
SL-01-00204,SO-01-00102,2026-01-23,2026-01-25,C00309,P0015,D079,North,Partner,2,177.49,0.10
SL-01-00205,SO-01-00103,2026-01-12,2026-01-18,C00225,P0216,D030,West,Partner,4,104.24,0.15
SL-01-00206,SO-01-00103,2026-01-03,2026-01-10,C00400,P0316,D006,West,Online,3,228.74,0
SL-01-00207,SO-01-00104,2026-01-27,2026-01-29,C00704,P0253,D032,North,Store,3,186.99,0.05
SL-01-00208,SO-01-00104,2026-01-22,2026-01-29,C00375,P0357,D029,South,Partner,4,356.49,0.05
SL-01-00209,SO-01-00105,2026-01-12,2026-01-19,C00828,P0196,D029,East,Online,2,212.74,0
SL-01-00210,SO-01-00105,2026-01-04,2026-01-08,C00756,P0335,D017,North,Store,4,108.99,0.10
SL-01-00211,SO-01-00106,2026-01-02,2026-01-08,C00056,P0087,D070,West,Store,1,320.49,0.15
SL-01-00212,SO-01-00106,2026-01-23,2026-01-30,C00771,P0262,D104,East,Partner,1,288.24,0.15
SL-01-00213,SO-01-00107,2026-01-03,2026-01-09,C00787,P0244,D092,East,Store,1,85.74,0.10
SL-01-00214,SO-01-00107,2026-01-13,2026-01-16,C00070,P0230,D056,North,Partner,5,261.74,0.10
SL-01-00215,SO-01-00108,2026-01-08,2026-01-12,C00706,P0157,D058,West,Partner,1,107.49,0.10
SL-01-00216,SO-01-00108,2026-01-16,2026-01-17,C00458,P0067,D110,Central,Store,5,95.49,0.10
SL-01-00217,SO-01-00109,2026-01-01,2026-01-03,C00603,P0025,D093,Central,Store,4,289.99,0.05
SL-01-00218,SO-01-00109,2026-01-31,2026-02-04,C01368,P0001,D084,Central,Online,5,19.99,0.10
SL-01-00219,SO-01-00110,2026-01-16,2026-01-18,C00974,P0314,D060,North,Online,3,206.24,0.15
SL-01-00220,SO-01-00110,2026-01-29,2026-01-30,C00892,P0165,D045,East,Partner,5,197.49,0.05
SL-01-00221,SO-01-00111,2026-01-02,,C00932,P0287,D003,Central,Store,4,235.99,0.05
SL-01-00222,SO-01-00111,2026-01-25,2026-02-02,C00068,P0064,D055,East,Partner,3,61.74,0.10
SL-01-00223,SO-01-00112,2026-01-03,2026-01-08,C01020,P0256,D064,North,Partner,5,220.74,0
SL-01-00224,SO-01-00112,2026-01-14,2026-01-17,C00711,P0290,D109,South,Store,4,269.74,0.15
SL-01-00225,SO-01-00113,2026-01-17,2026-01-20,C00552,P0172,D074,East,Online,4,276.24,0.10
SL-01-00226,SO-01-00113,2026-01-29,2026-02-02,C00843,P0164,D107,East,Partner,3,186.24,0.10
SL-01-00227,SO-01-00114,2026-01-21,2026-01-25,C00424,P0288,D009,West,Online,1,247.24,0
SL-01-00228,SO-01-00114,2026-01-30,2026-02-06,C00152,P0013,D106,North,Store,3,154.99,0.10
SL-01-00229,SO-01-00115,2026-01-29,2026-02-06,C00050,P0320,D044,North,Online,5,273.74,0.10
SL-01-00230,SO-01-00115,2026-01-25,2026-01-28,C00145,P0266,D111,North,Store,4,333.24,0.05
SL-01-00231,SO-01-00116,2026-01-02,2026-01-08,C00266,P0297,D023,East,Online,5,348.49,0
SL-01-00232,SO-01-00116,2026-01-24,2026-01-26,C00470,P0333,D061,South,Store,4,86.49,0
SL-01-00233,SO-01-00117,2026-01-31,2026-02-06,C00567,P0293,D104,Central,Partner,1,303.49,0.05
SL-01-00234,SO-01-00117,2026-01-21,2026-01-23,C00321,P0088,D072,South,Online,1,331.74,0
SL-01-00235,SO-01-00118,2026-01-06,2026-01-08,C00022,P0039,D010,Central,Partner,2,113.99,0.10
SL-01-00236,SO-01-00118,2026-01-07,2026-01-12,C00415,P0244,D033,Central,Online,5,85.74,0.05
SL-01-00237,SO-01-00119,2026-01-29,2026-01-30,C00720,P0226,D063,South,Partner,2,216.74,0.15
SL-01-00238,SO-01-00119,2026-01-23,2026-01-24,C00058,P0242,D023,South,Store,3,63.24,0.10
SL-01-00239,SO-01-00120,2026-01-17,2026-01-23,C00823,P0115,D092,Central,Online,2,301.99,0.05
SL-01-00240,SO-01-00120,2026-01-16,2026-01-18,C00602,P0323,D112,Central,Online,4,307.49,0.15
SL-01-00241,SO-01-00121,2026-01-04,2026-01-05,C01058,P0193,D096,Central,Store,3,178.99,0.05
SL-01-00242,SO-01-00121,2026-01-08,2026-01-11,C00836,P0220,D083,West,Partner,2,149.24,0.15
SL-01-00243,SO-01-00122,2026-01-18,,C00848,P0315,D007,South,Partner,5,217.49,0.05
SL-01-00244,SO-01-00122,2026-01-31,2026-02-04,C00502,P0149,D041,West,Store,2,350.99,0.10
SL-01-00245,SO-01-00123,2026-01-13,2026-01-15,C00573,P0111,D094,North,Partner,2,256.99,0.10
SL-01-00246,SO-01-00123,2026-01-07,2026-01-10,C00044,P0188,D078,East,Online,3,122.74,0
SL-01-00247,SO-01-00124,2026-01-27,2026-01-30,C00215,P0244,D052,South,Partner,2,85.74,0.05
SL-01-00248,SO-01-00124,2026-01-06,2026-01-10,C00349,P0283,D101,West,Partner,4,190.99,0.15
SL-01-00249,SO-01-00125,2026-01-02,2026-01-07,C01359,P0102,D042,East,Partner,2,155.74,0
SL-01-00250,SO-01-00125,2026-01-09,2026-01-16,C00338,P0006,D095,West,Partner,5,76.24,0
SL-01-00251,SO-01-00126,2026-01-03,2026-01-05,C01098,P0127,D074,Central,Store,4,103.49,0.10
SL-01-00252,SO-01-00126,2026-01-02,2026-01-06,C00316,P0224,D095,Central,Online,1,194.24,0
SL-01-00253,SO-01-00127,2026-01-05,2026-01-13,C00755,P0171,D105,Central,Online,4,264.99,0
SL-01-00254,SO-01-00127,2026-01-13,2026-01-16,C01023,P0225,D059,Central,Partner,2,205.49,0
SL-01-00255,SO-01-00128,2026-01-03,2026-01-08,C00957,P0222,D034,South,Online,3,171.74,0.05
SL-01-00256,SO-01-00128,2026-01-31,2026-02-06,C00393,P0069,D107,West,Store,2,117.99,0.15
SL-01-00257,SO-01-00129,2026-01-12,2026-01-13,C00040,P0158,D090,North,Store,5,118.74,0.05
SL-01-00258,SO-01-00129,2026-01-16,2026-01-21,C00753,P0310,D041,South,Partner,5,161.24,0.05
SL-01-00259,SO-01-00130,2026-01-19,2026-01-23,C00895,P0175,D067,South,Online,1,309.99,0.05
SL-01-00260,SO-01-00130,2026-01-26,2026-01-28,C00327,P0303,D021,Central,Store,1,82.49,0.10
SL-01-00261,SO-01-00131,2026-01-29,2026-02-04,C00291,P0001,D044,North,Store,5,19.99,0.15
SL-01-00262,SO-01-00131,2026-01-05,2026-01-06,C00794,P0013,D102,Central,Partner,1,154.99,0
SL-01-00263,SO-01-00132,2026-01-25,2026-01-31,C00704,P0046,D052,South,Store,1,192.74,0
SL-01-00264,SO-01-00132,2026-01-16,2026-01-18,C00563,P0039,D072,East,Partner,5,113.99,0
SL-01-00265,SO-01-00133,2026-01-14,,C00082,P0315,D110,South,Store,3,217.49,0.10
SL-01-00266,SO-01-00133,2026-01-22,2026-01-24,C00455,P0129,D085,South,Partner,4,125.99,0.05
SL-01-00267,SO-01-00134,2026-01-16,2026-01-18,C00509,P0031,D051,West,Online,4,23.99,0.05
SL-01-00268,SO-01-00134,2026-01-12,2026-01-15,C00863,P0343,D077,South,Online,1,198.99,0.10
SL-01-00269,SO-01-00135,2026-01-28,2026-02-04,C00955,P0184,D008,East,Online,2,77.74,0.15
SL-01-00270,SO-01-00135,2026-01-12,2026-01-13,C00794,P0028,D096,East,Partner,5,323.74,0
SL-01-00271,SO-01-00136,2026-01-21,2026-01-25,C00509,P0154,D083,East,Online,4,73.74,0
SL-01-00272,SO-01-00136,2026-01-09,2026-01-13,C00368,P0302,D020,West,Partner,1,71.24,0.05
SL-01-00273,SO-01-00137,2026-01-11,2026-01-12,C00358,P0188,D103,Central,Store,5,122.74,0.15
SL-01-00274,SO-01-00137,2026-01-08,2026-01-10,C00706,P0098,D073,North,Store,1,110.74,0
SL-01-00275,SO-01-00138,2026-01-22,2026-01-30,C00640,P0011,D095,West,Partner,2,132.49,0.15
SL-01-00276,SO-01-00138,2026-01-30,2026-02-03,C00096,P0173,D008,East,Store,2,287.49,0
SL-01-00277,SO-01-00139,2026-01-12,2026-01-14,C00188,P0249,D093,South,Partner,2,141.99,0.15
SL-01-00278,SO-01-00139,2026-01-30,2026-02-02,C01017,P0095,D045,East,Store,1,76.99,0
SL-01-00279,SO-01-00140,2026-01-12,2026-01-13,C00747,P0306,D043,South,Online,5,116.24,0
SL-01-00280,SO-01-00140,2026-01-14,2026-01-22,C01370,P0313,D091,North,Online,2,194.99,0.05
SL-01-00281,SO-01-00141,2026-01-07,2026-01-14,C01070,P0346,D096,Central,Store,4,232.74,0.05
SL-01-00282,SO-01-00141,2026-01-02,2026-01-06,C00822,P0069,D057,West,Store,5,117.99,0
SL-01-00283,SO-01-00142,2026-01-18,2026-01-20,C00505,P0358,D076,South,Partner,1,367.74,0.15
SL-01-00284,SO-01-00142,2026-01-20,2026-01-23,C00742,P0131,D015,South,Partner,4,148.49,0
SL-01-00285,SO-01-00143,2026-01-19,2026-01-27,C00543,P0188,D002,Central,Partner,5,122.74,0.10
SL-01-00286,SO-01-00143,2026-01-12,2026-01-19,C01008,P0209,D070,North,Partner,3,358.99,0.15
SL-01-00287,SO-01-00144,2026-01-05,,C00177,P0123,D007,West,Store,2,58.49,0.15
SL-01-00288,SO-01-00144,2026-01-01,2026-01-04,C00911,P0224,D034,East,Store,4,194.24,0.10
SL-01-00289,SO-01-00145,2026-01-13,2026-01-21,C00484,P0260,D084,North,Store,3,265.74,0.05
SL-01-00290,SO-01-00145,2026-01-18,2026-01-19,C00452,P0074,D049,North,Store,1,174.24,0
SL-01-00291,SO-01-00146,2026-01-29,2026-02-06,C00116,P0123,D036,West,Store,1,58.49,0.15
SL-01-00292,SO-01-00146,2026-01-09,2026-01-12,C00185,P0220,D089,Central,Store,3,149.24,0.10
SL-01-00293,SO-01-00147,2026-01-11,2026-01-12,C00305,P0161,D076,South,Partner,1,152.49,0.05
SL-01-00294,SO-01-00147,2026-01-23,2026-01-24,C00050,P0137,D009,North,Store,3,215.99,0.05
SL-01-00295,SO-01-00148,2026-01-06,2026-01-09,C00885,P0104,D111,North,Partner,5,178.24,0.15
SL-01-00296,SO-01-00148,2026-01-23,2026-01-27,C00560,P0316,D097,East,Store,5,228.74,0.15
SL-01-00297,SO-01-00149,2026-01-20,2026-01-21,C00134,P0226,D001,North,Partner,3,216.74,0
SL-01-00298,SO-01-00149,2026-01-24,2026-01-27,C00241,P0267,D080,Central,Partner,3,344.49,0
SL-01-00299,SO-01-00150,2026-01-13,2026-01-18,C00628,P0350,D064,Central,Online,2,277.74,0
SL-01-00300,SO-01-00150,2026-01-14,2026-01-15,C00895,P0156,D083,Central,Store,4,96.24,0.05
SL-01-00301,SO-01-00151,2026-01-10,2026-01-15,C00737,P0152,D106,Central,Online,4,51.24,0
SL-01-00302,SO-01-00151,2026-01-22,2026-01-27,C00472,P0194,D074,East,Partner,3,190.24,0.15
SL-01-00303,SO-01-00152,2026-01-29,2026-02-01,C00109,P0233,D071,South,Partner,2,295.49,0
SL-01-00304,SO-01-00152,2026-01-11,2026-01-15,C00437,P0088,D005,North,Online,5,331.74,0.15
SL-01-00305,SO-01-00153,2026-01-09,2026-01-10,C00638,P0199,D037,West,Online,1,246.49,0
SL-01-00306,SO-01-00153,2026-01-12,2026-01-18,C00109,P0164,D102,Central,Online,5,186.24,0.15
SL-01-00307,SO-01-00154,2026-01-25,2026-01-27,C00848,P0319,D044,North,Partner,4,262.49,0.15
SL-01-00308,SO-01-00154,2026-01-13,2026-01-17,C00469,P0033,D088,North,Online,3,46.49,0.10
SL-01-00309,SO-01-00155,2026-01-27,,C00603,P0290,D038,Central,Online,2,269.74,0.10
SL-01-00310,SO-01-00155,2026-01-02,2026-01-08,C00312,P0041,D078,South,Online,5,136.49,0.05
SL-01-00311,SO-01-00156,2026-01-12,2026-01-20,C01361,P0244,D054,Central,Store,3,85.74,0
SL-01-00312,SO-01-00156,2026-01-08,2026-01-13,C01069,P0284,D074,West,Partner,4,202.24,0.15
SL-01-00313,SO-01-00157,2026-01-31,2026-02-03,C00057,P0198,D076,Central,Partner,2,235.24,0.10
SL-01-00314,SO-01-00157,2026-01-18,2026-01-19,C00700,P0191,D005,South,Partner,3,156.49,0.10
SL-01-00315,SO-01-00158,2026-01-11,2026-01-14,C00138,P0186,D094,Central,Partner,4,100.24,0.15
SL-01-00316,SO-01-00158,2026-01-28,2026-02-04,C00382,P0112,D076,East,Store,2,268.24,0
SL-01-00317,SO-01-00159,2026-01-19,2026-01-25,C00567,P0074,D048,West,Partner,2,174.24,0.10
SL-01-00318,SO-01-00159,2026-01-30,2026-02-05,C01031,P0187,D090,West,Online,4,111.49,0.15
SL-01-00319,SO-01-00160,2026-01-06,2026-01-08,C00736,P0314,D083,South,Partner,5,206.24,0.15
SL-01-00320,SO-01-00160,2026-01-21,2026-01-24,C00071,P0323,D030,South,Store,2,307.49,0.15
SL-01-00321,SO-01-00161,2026-01-06,2026-01-14,C00738,P0307,D004,Central,Online,2,127.49,0.15
SL-01-00322,SO-01-00161,2026-01-13,2026-01-17,C00282,P0329,D028,Central,Store,3,374.99,0.15
SL-01-00323,SO-01-00162,2026-01-12,2026-01-17,C00827,P0077,D073,Central,Store,5,207.99,0.10
SL-01-00324,SO-01-00162,2026-01-06,2026-01-12,C00494,P0060,D074,Central,Store,2,350.24,0
SL-01-00325,SO-01-00163,2026-01-20,2026-01-21,C00834,P0276,D101,South,Store,4,112.24,0.10
SL-01-00326,SO-01-00163,2026-01-04,2026-01-11,C00951,P0163,D063,West,Online,4,174.99,0.05
SL-01-00327,SO-01-00164,2026-01-19,2026-01-26,C00604,P0349,D108,North,Online,3,266.49,0.10
SL-01-00328,SO-01-00164,2026-01-23,2026-01-31,C00550,P0266,D008,North,Store,3,333.24,0
SL-01-00329,SO-01-00165,2026-01-10,2026-01-11,C00303,P0343,D017,East,Partner,3,198.99,0.15
SL-01-00330,SO-01-00165,2026-01-06,2026-01-10,C00533,P0034,D014,North,Partner,5,57.74,0
SL-01-00331,SO-01-00166,2026-01-22,,C01062,P0119,D099,West,Partner,5,346.99,0.05
SL-01-00332,SO-01-00166,2026-01-23,2026-01-31,C00854,P0185,D023,South,Online,2,88.99,0.15
SL-01-00333,SO-01-00167,2026-01-02,2026-01-09,C00614,P0019,D083,North,Store,4,222.49,0
SL-01-00334,SO-01-00167,2026-01-17,2026-01-21,C00724,P0244,D071,South,Store,4,85.74,0.10
SL-01-00335,SO-01-00168,2026-01-02,2026-01-03,C00596,P0100,D020,West,Partner,5,133.24,0.15
SL-01-00336,SO-01-00168,2026-01-05,2026-01-10,C00481,P0275,D106,Central,Online,4,100.99,0.15
SL-01-00337,SO-01-00169,2026-01-19,2026-01-24,C00466,P0016,D042,West,Partner,2,188.74,0
SL-01-00338,SO-01-00169,2026-01-08,2026-01-09,C00307,P0188,D103,North,Store,4,122.74,0.15
SL-01-00339,SO-01-00170,2026-01-29,2026-02-06,C00123,P0253,D028,Central,Store,2,186.99,0.10
SL-01-00340,SO-01-00170,2026-01-18,2026-01-26,C00205,P0098,D091,Central,Online,3,110.74,0.05
SL-01-00341,SO-01-00171,2026-01-07,2026-01-11,C00794,P0206,D021,South,Online,3,325.24,0.05
SL-01-00342,SO-01-00171,2026-01-29,2026-01-31,C01352,P0351,D031,West,Store,2,288.99,0
SL-01-00343,SO-01-00172,2026-01-10,2026-01-16,C00822,P0231,D055,Central,Online,5,272.99,0.10
SL-01-00344,SO-01-00172,2026-01-22,2026-01-30,C00827,P0230,D097,North,Online,5,261.74,0.05
SL-01-00345,SO-01-00173,2026-01-22,2026-01-30,C00130,P0245,D051,South,Online,3,96.99,0.10
SL-01-00346,SO-01-00173,2026-01-06,2026-01-10,C01080,P0191,D005,North,Partner,4,156.49,0.15
SL-01-00347,SO-01-00174,2026-01-05,2026-01-08,C00562,P0240,D088,East,Online,4,374.24,0.10
SL-01-00348,SO-01-00174,2026-01-29,2026-02-02,C01005,P0276,D107,North,Online,1,112.24,0.05
SL-01-00349,SO-01-00175,2026-01-27,2026-02-02,C00874,P0324,D050,West,Online,1,318.74,0.10
SL-01-00350,SO-01-00175,2026-01-08,2026-01-09,C00349,P0222,D065,Central,Online,1,171.74,0.15
SL-01-00351,SO-01-00176,2026-01-10,2026-01-11,C00829,P0317,D040,South,Online,5,239.99,0
SL-01-00352,SO-01-00176,2026-01-01,2026-01-08,C00709,P0168,D073,North,Partner,2,231.24,0
SL-01-00353,SO-01-00177,2026-01-07,,C00043,P0351,D083,South,Online,5,288.99,0
SL-01-00354,SO-01-00177,2026-01-23,2026-01-26,C00260,P0005,D023,Central,Online,1,64.99,0
SL-01-00355,SO-01-00178,2026-01-26,2026-01-31,C00830,P0051,D048,West,Partner,4,248.99,0
SL-01-00356,SO-01-00178,2026-01-05,2026-01-09,C00045,P0233,D102,West,Online,4,295.49,0.10
SL-01-00357,SO-01-00179,2026-01-16,2026-01-19,C00450,P0052,D062,East,Partner,5,260.24,0
SL-01-00358,SO-01-00179,2026-01-21,2026-01-23,C00051,P0289,D087,South,Online,3,258.49,0.05
SL-01-00359,SO-01-00180,2026-01-11,2026-01-12,C00858,P0208,D044,South,Online,2,347.74,0
SL-01-00360,SO-01-00180,2026-01-18,2026-01-19,C00138,P0027,D033,South,Partner,2,312.49,0.15
SL-01-00361,SO-01-00181,2026-01-26,2026-02-02,C00449,P0329,D082,East,Store,3,374.99,0
SL-01-00362,SO-01-00181,2026-01-20,2026-01-26,C00661,P0163,D061,North,Store,1,174.99,0
SL-01-00363,SO-01-00182,2026-01-23,2026-01-29,C00076,P0301,D058,East,Partner,4,59.99,0.15
SL-01-00364,SO-01-00182,2026-01-27,2026-01-28,C00483,P0116,D098,West,Partner,4,313.24,0.05
SL-01-00365,SO-01-00183,2026-01-15,2026-01-21,C00095,P0229,D072,South,Online,3,250.49,0.05
SL-01-00366,SO-01-00183,2026-01-09,2026-01-10,C00147,P0232,D110,South,Store,5,284.24,0
SL-01-00367,SO-01-00184,2026-01-25,2026-01-31,C00941,P0328,D042,East,Online,3,363.74,0.10
SL-01-00368,SO-01-00184,2026-01-28,2026-02-03,C00617,P0135,D076,West,Store,1,193.49,0.15
SL-01-00369,SO-01-00185,2026-01-26,2026-01-28,C00385,P0126,D047,North,Partner,2,92.24,0.15
SL-01-00370,SO-01-00185,2026-01-06,2026-01-10,C01027,P0042,D036,North,Store,3,147.74,0.10
SL-01-00371,SO-01-00186,2026-01-20,2026-01-23,C00366,P0190,D030,Central,Partner,3,145.24,0.05
SL-01-00372,SO-01-00186,2026-01-15,2026-01-17,C00549,P0059,D095,North,Online,4,338.99,0.05
SL-01-00373,SO-01-00187,2026-01-21,2026-01-29,C01363,P0163,D063,Central,Partner,5,174.99,0.05
SL-01-00374,SO-01-00187,2026-01-31,2026-02-01,C00875,P0220,D024,East,Online,3,149.24,0.15
SL-01-00375,SO-01-00188,2026-01-04,,C00041,P0315,D060,East,Store,5,217.49,0.05
SL-01-00376,SO-01-00188,2026-01-24,2026-01-28,C00061,P0189,D060,West,Partner,2,133.99,0
SL-01-00377,SO-01-00189,2026-01-22,2026-01-28,C00112,P0117,D016,West,Partner,5,324.49,0.15
SL-01-00378,SO-01-00189,2026-01-30,2026-02-01,C00623,P0119,D005,West,Partner,3,346.99,0.05
SL-01-00379,SO-01-00190,2026-01-10,2026-01-17,C00663,P0168,D011,Central,Store,2,231.24,0.05
SL-01-00380,SO-01-00190,2026-01-06,2026-01-14,C00139,P0259,D076,Central,Partner,3,254.49,0.15
SL-01-00381,SO-01-00191,2026-01-04,2026-01-05,C00584,P0029,D086,South,Partner,4,334.99,0.05
SL-01-00382,SO-01-00191,2026-01-07,2026-01-13,C00924,P0007,D001,North,Partner,3,87.49,0.05
SL-01-00383,SO-01-00192,2026-01-14,2026-01-21,C00630,P0244,D110,East,Store,5,85.74,0.15
SL-01-00384,SO-01-00192,2026-01-12,2026-01-17,C00799,P0122,D035,Central,Store,2,47.24,0
SL-01-00385,SO-01-00193,2026-01-18,2026-01-19,C00199,P0292,D084,North,Partner,1,292.24,0.15
SL-01-00386,SO-01-00193,2026-01-23,2026-01-24,C00343,P0150,D006,South,Store,5,362.24,0.10
SL-01-00387,SO-01-00194,2026-01-09,2026-01-17,C00573,P0005,D026,Central,Partner,3,64.99,0.15
SL-01-00388,SO-01-00194,2026-01-14,2026-01-15,C00106,P0326,D088,West,Online,3,341.24,0
SL-01-00389,SO-01-00195,2026-01-15,2026-01-23,C00141,P0254,D039,West,Partner,1,198.24,0.05
SL-01-00390,SO-01-00195,2026-01-14,2026-01-20,C00292,P0124,D007,South,Online,1,69.74,0.05
SL-01-00391,SO-01-00196,2026-01-23,2026-01-27,C00079,P0211,D012,Central,Partner,3,47.99,0.05
SL-01-00392,SO-01-00196,2026-01-01,2026-01-02,C00083,P0271,D107,West,Online,5,55.99,0.15
SL-01-00393,SO-01-00197,2026-01-07,2026-01-11,C00626,P0015,D005,South,Store,5,177.49,0.05
SL-01-00394,SO-01-00197,2026-01-14,2026-01-15,C00207,P0030,D047,West,Partner,5,346.24,0.05
SL-01-00395,SO-01-00198,2026-01-23,2026-01-27,C00205,P0104,D010,Central,Partner,1,178.24,0.15
SL-01-00396,SO-01-00198,2026-01-05,2026-01-10,C00725,P0271,D065,West,Partner,4,55.99,0.05
SL-01-00397,SO-01-00199,2026-01-20,,C00696,P0326,D080,North,Online,4,341.24,0
SL-01-00398,SO-01-00199,2026-01-26,2026-02-01,C00905,P0196,D043,South,Store,4,212.74,0.05
SL-01-00399,SO-01-00200,2026-01-23,2026-01-29,C00788,P0281,D054,South,Store,4,168.49,0.15
SL-01-00400,SO-01-00200,2026-01-02,2026-01-08,C00547,P0040,D109,East,Partner,3,125.24,0
SL-01-00401,SO-01-00201,2026-01-12,2026-01-13,C00642,P0146,D101,East,Partner,5,317.24,0.05
SL-01-00402,SO-01-00201,2026-01-05,2026-01-10,C00663,P0223,D041,East,Store,5,182.99,0.05
SL-01-00403,SO-01-00202,2026-01-12,2026-01-15,C00340,P0146,D104,West,Online,3,317.24,0.05
SL-01-00404,SO-01-00202,2026-01-21,2026-01-25,C01354,P0358,D020,East,Store,5,367.74,0
SL-01-00405,SO-01-00203,2026-01-28,2026-02-01,C00957,P0060,D053,Central,Store,5,350.24,0.10
SL-01-00406,SO-01-00203,2026-01-03,2026-01-06,C00659,P0262,D097,Central,Store,5,288.24,0.05
SL-01-00407,SO-01-00204,2026-01-26,2026-02-02,C00116,P0136,D024,South,Partner,3,204.74,0.05
SL-01-00408,SO-01-00204,2026-01-14,2026-01-18,C00128,P0054,D088,North,Online,2,282.74,0.10
SL-01-00409,SO-01-00205,2026-01-13,2026-01-14,C00911,P0324,D112,North,Online,4,318.74,0.15
SL-01-00410,SO-01-00205,2026-01-09,2026-01-13,C00089,P0325,D087,Central,Partner,4,329.99,0
SL-01-00411,SO-01-00206,2026-01-17,2026-01-25,C00313,P0054,D003,West,Store,1,282.74,0.10
SL-01-00412,SO-01-00206,2026-01-01,2026-01-02,C00388,P0203,D022,Central,Store,3,291.49,0.05
SL-01-00413,SO-01-00207,2026-01-30,2026-02-01,C00924,P0002,D061,Central,Store,5,31.24,0.10
SL-01-00414,SO-01-00207,2026-01-25,2026-01-26,C00247,P0028,D063,East,Store,4,323.74,0.10
SL-01-00415,SO-01-00208,2026-01-29,2026-02-02,C00829,P0163,D097,Central,Store,4,174.99,0
SL-01-00416,SO-01-00208,2026-01-20,2026-01-23,C00313,P0031,D044,West,Partner,1,23.99,0.10
SL-01-00417,SO-01-00209,2026-01-08,2026-01-10,C00961,P0221,D060,South,Store,3,160.49,0.05
SL-01-00418,SO-01-00209,2026-01-02,2026-01-09,C00030,P0096,D061,Central,Online,4,88.24,0.10
SL-01-00419,SO-01-00210,2026-01-04,,C00567,P0081,D107,Central,Store,2,252.99,0.15
SL-01-00420,SO-01-00210,2026-01-04,2026-01-12,C00648,P0214,D052,Central,Partner,1,81.74,0.10
SL-01-00421,SO-01-00211,2026-01-15,2026-01-18,C00048,P0244,D030,South,Store,5,85.74,0
SL-01-00422,SO-01-00211,2026-01-18,2026-01-22,C00636,P0016,D052,Central,Online,3,188.74,0
SL-01-00423,SO-01-00212,2026-01-01,2026-01-07,C00848,P0186,D052,Central,Online,4,100.24,0.10
SL-01-00424,SO-01-00212,2026-01-13,2026-01-20,C00460,P0206,D057,Central,Online,3,325.24,0.15
SL-01-00425,SO-01-00213,2026-01-24,2026-01-31,C00661,P0271,D110,South,Store,3,55.99,0.05
SL-01-00426,SO-01-00213,2026-01-01,2026-01-04,C00959,P0054,D085,Central,Store,1,282.74,0.10
SL-01-00427,SO-01-00214,2026-01-15,2026-01-18,C00702,P0011,D045,North,Online,4,132.49,0.05
SL-01-00428,SO-01-00214,2026-01-13,2026-01-19,C01018,P0115,D102,South,Online,2,301.99,0
SL-01-00429,SO-01-00215,2026-01-29,2026-02-06,C00127,P0015,D073,West,Online,2,177.49,0.05
SL-01-00430,SO-01-00215,2026-01-22,2026-01-23,C00272,P0083,D027,East,Online,1,275.49,0.05
SL-01-00431,SO-01-00216,2026-01-23,2026-01-26,C00876,P0157,D041,West,Online,4,107.49,0.10
SL-01-00432,SO-01-00216,2026-01-17,2026-01-20,C00474,P0268,D110,South,Online,4,355.74,0.05
SL-01-00433,SO-01-00217,2026-01-28,2026-02-05,C00536,P0255,D050,East,Partner,2,209.49,0.15
SL-01-00434,SO-01-00217,2026-01-30,2026-02-06,C00859,P0123,D002,Central,Partner,2,58.49,0.10
SL-01-00435,SO-01-00218,2026-01-12,2026-01-15,C01365,P0099,D088,East,Partner,2,121.99,0
SL-01-00436,SO-01-00218,2026-01-13,2026-01-14,C00558,P0001,D002,South,Partner,1,19.99,0.05
SL-01-00437,SO-01-00219,2026-01-18,2026-01-24,C00583,P0166,D087,North,Store,1,208.74,0.05
SL-01-00438,SO-01-00219,2026-01-15,2026-01-17,C00151,P0316,D021,North,Online,1,228.74,0.15
SL-01-00439,SO-01-00220,2026-01-11,2026-01-16,C01065,P0027,D036,South,Partner,4,312.49,0
SL-01-00440,SO-01-00220,2026-01-09,2026-01-14,C00230,P0133,D032,North,Online,1,170.99,0.10
SL-01-00441,SO-01-00221,2026-01-20,,C00839,P0222,D092,Central,Online,5,171.74,0.15
SL-01-00442,SO-01-00221,2026-01-27,2026-02-02,C00083,P0161,D005,North,Online,5,152.49,0.05
SL-01-00443,SO-01-00222,2026-01-13,2026-01-15,C00430,P0152,D079,South,Partner,5,51.24,0
SL-01-00444,SO-01-00222,2026-01-13,2026-01-18,C00770,P0105,D084,Central,Partner,2,189.49,0.05
SL-01-00445,SO-01-00223,2026-01-05,2026-01-13,C00661,P0280,D095,West,Store,3,157.24,0
SL-01-00446,SO-01-00223,2026-01-14,2026-01-17,C00837,P0112,D033,East,Online,1,268.24,0.10
SL-01-00447,SO-01-00224,2026-01-14,2026-01-21,C00451,P0214,D070,North,Online,1,81.74,0.15
SL-01-00448,SO-01-00224,2026-01-22,2026-01-25,C00602,P0284,D021,West,Partner,5,202.24,0.05
SL-01-00449,SO-01-00225,2026-01-17,2026-01-24,C00542,P0135,D049,West,Partner,5,193.49,0.05
SL-01-00450,SO-01-00225,2026-01-02,2026-01-10,C01094,P0216,D042,West,Online,4,104.24,0.15
SL-01-00451,SO-01-00226,2026-01-01,2026-01-08,C00237,P0258,D105,South,Store,3,243.24,0.15
SL-01-00452,SO-01-00226,2026-01-11,2026-01-16,C00083,P0128,D082,West,Online,2,114.74,0
SL-01-00453,SO-01-00227,2026-01-05,2026-01-13,C00110,P0108,D019,South,Store,1,223.24,0.10
SL-01-00454,SO-01-00227,2026-01-20,2026-01-23,C00274,P0184,D093,West,Partner,3,77.74,0.15
SL-01-00455,SO-01-00228,2026-01-13,2026-01-15,C00555,P0056,D025,East,Online,4,305.24,0.05
SL-01-00456,SO-01-00228,2026-01-03,2026-01-06,C01022,P0341,D054,West,Store,5,176.49,0.05
SL-01-00457,SO-01-00229,2026-01-16,2026-01-19,C00516,P0295,D012,South,Store,1,325.99,0.15
SL-01-00458,SO-01-00229,2026-01-22,2026-01-24,C01043,P0001,D059,West,Partner,5,19.99,0.05
SL-01-00459,SO-01-00230,2026-01-15,2026-01-18,C00674,P0147,D100,Central,Partner,3,328.49,0
SL-01-00460,SO-01-00230,2026-01-05,2026-01-09,C00783,P0009,D009,North,Store,1,109.99,0.10
SL-01-00461,SO-01-00231,2026-01-04,2026-01-09,C00605,P0054,D027,South,Online,1,282.74,0.10
SL-01-00462,SO-01-00231,2026-01-24,2026-01-30,C00821,P0013,D050,South,Partner,2,154.99,0.10
SL-01-00463,SO-01-00232,2026-01-30,,C01057,P0194,D057,East,Store,5,190.24,0
SL-01-00464,SO-01-00232,2026-01-27,2026-02-01,C00803,P0265,D094,South,Online,4,321.99,0.10
SL-01-00465,SO-01-00233,2026-01-22,2026-01-26,C01080,P0305,D065,North,Store,4,104.99,0.05
SL-01-00466,SO-01-00233,2026-01-01,2026-01-05,C01356,P0341,D002,Central,Store,4,176.49,0.15
SL-01-00467,SO-01-00234,2026-01-18,2026-01-19,C00282,P0082,D042,South,Store,3,264.24,0.15
SL-01-00468,SO-01-00234,2026-01-03,2026-01-10,C00787,P0116,D083,South,Online,3,313.24,0.05
SL-01-00469,SO-01-00235,2026-01-12,2026-01-14,C00324,P0270,D018,North,Store,3,378.24,0.10
SL-01-00470,SO-01-00235,2026-01-02,2026-01-09,C00724,P0087,D022,North,Partner,2,320.49,0.15
SL-01-00471,SO-01-00236,2026-01-31,2026-02-06,C00068,P0310,D017,West,Online,5,161.24,0
SL-01-00472,SO-01-00236,2026-01-19,2026-01-23,C00386,P0054,D027,North,Partner,5,282.74,0.05
SL-01-00473,SO-01-00237,2026-01-18,2026-01-24,C00855,P0209,D091,East,Partner,2,358.99,0.10
SL-01-00474,SO-01-00237,2026-01-13,2026-01-18,C00014,P0143,D107,Central,Store,5,283.49,0.10
SL-01-00475,SO-01-00238,2026-01-22,2026-01-29,C00388,P0351,D050,West,Online,3,288.99,0.10
SL-01-00476,SO-01-00238,2026-01-18,2026-01-19,C00330,P0016,D084,North,Store,3,188.74,0.05
SL-01-00477,SO-01-00239,2026-01-23,2026-01-26,C00226,P0024,D041,North,Store,2,278.74,0
SL-01-00478,SO-01-00239,2026-01-11,2026-01-15,C00734,P0162,D017,Central,Online,3,163.74,0.05
SL-01-00479,SO-01-00240,2026-01-14,2026-01-19,C01070,P0029,D073,Central,Online,3,334.99,0.15
SL-01-00480,SO-01-00240,2026-01-03,2026-01-06,C00924,P0114,D050,South,Online,1,290.74,0.15
SL-01-00481,SO-01-00241,2026-01-06,2026-01-09,C00783,P0042,D030,West,Store,5,147.74,0
SL-01-00482,SO-01-00241,2026-01-19,2026-01-23,C00957,P0076,D007,West,Store,4,196.74,0.15
SL-01-00483,SO-01-00242,2026-01-09,2026-01-12,C00753,P0021,D022,East,Store,5,244.99,0.05
SL-01-00484,SO-01-00242,2026-01-22,2026-01-23,C00176,P0351,D007,East,Store,5,288.99,0.10
SL-01-00485,SO-01-00243,2026-01-17,,C00655,P0095,D059,East,Online,4,76.99,0.10
SL-01-00486,SO-01-00243,2026-01-10,2026-01-13,C00671,P0255,D084,East,Store,3,209.49,0.05
SL-01-00487,SO-01-00244,2026-01-26,2026-01-30,C01019,P0262,D109,South,Online,3,288.24,0.15
SL-01-00488,SO-01-00244,2026-01-19,2026-01-27,C01086,P0094,D024,Central,Store,5,65.74,0.10
SL-01-00489,SO-01-00245,2026-01-23,2026-01-24,C00467,P0133,D112,Central,Store,1,170.99,0.10
SL-01-00490,SO-01-00245,2026-01-21,2026-01-27,C00118,P0037,D112,South,Online,3,91.49,0
SL-01-00491,SO-01-00246,2026-01-13,2026-01-20,C00340,P0326,D052,South,Partner,2,341.24,0.05
SL-01-00492,SO-01-00246,2026-01-24,2026-01-29,C00628,P0126,D026,West,Partner,4,92.24,0.15
SL-01-00493,SO-01-00247,2026-01-12,2026-01-14,C00682,P0082,D033,East,Store,5,264.24,0.05
SL-01-00494,SO-01-00247,2026-01-27,2026-01-30,C00699,P0023,D040,Central,Partner,1,267.49,0.05
SL-01-00495,SO-01-00248,2026-01-26,2026-01-27,C00036,P0289,D091,Central,Partner,5,258.49,0
SL-01-00496,SO-01-00248,2026-01-13,2026-01-20,C01000,P0273,D002,South,Online,3,78.49,0.05
SL-01-00497,SO-01-00249,2026-01-25,2026-01-31,C01367,P0093,D043,West,Partner,3,54.49,0
SL-01-00498,SO-01-00249,2026-01-10,2026-01-17,C00213,P0002,D109,Central,Partner,4,31.24,0.15
SL-01-00499,SO-01-00250,2026-01-01,2026-01-09,C00754,P0309,D018,West,Online,1,149.99,0
SL-01-00500,SO-01-00250,2026-01-21,2026-01-27,C01005,P0103,D056,East,Partner,3,166.99,0.15
SL-01-00501,SO-01-00251,2026-01-04,2026-01-05,C00277,P0326,D063,West,Online,3,341.24,0.05
SL-01-00502,SO-01-00251,2026-01-26,2026-01-30,C00418,P0099,D051,North,Partner,5,121.99,0.05
SL-01-00503,SO-01-00252,2026-01-03,2026-01-11,C00122,P0031,D071,North,Partner,5,23.99,0
SL-01-00504,SO-01-00252,2026-01-04,2026-01-12,C00852,P0149,D009,East,Store,1,350.99,0.05
SL-01-00505,SO-01-00253,2026-01-09,2026-01-15,C00643,P0154,D046,North,Partner,1,73.74,0.05
SL-01-00506,SO-01-00253,2026-01-21,2026-01-22,C00167,P0331,D052,Central,Online,2,63.99,0
SL-01-00507,SO-01-00254,2026-01-28,,C00954,P0235,D104,Central,Partner,2,317.99,0
SL-01-00508,SO-01-00254,2026-01-19,2026-01-24,C00819,P0257,D072,South,Partner,3,231.99,0.05
SL-01-00509,SO-01-00255,2026-01-08,2026-01-16,C00922,P0030,D044,North,Store,4,346.24,0.05
SL-01-00510,SO-01-00255,2026-01-13,2026-01-14,C00897,P0105,D070,South,Partner,4,189.49,0
SL-01-00511,SO-01-00256,2026-01-01,2026-01-08,C00152,P0044,D033,East,Online,1,170.24,0.05
SL-01-00512,SO-01-00256,2026-01-09,2026-01-12,C00136,P0172,D054,West,Online,3,276.24,0
SL-01-00513,SO-01-00257,2026-01-26,2026-01-30,C01032,P0302,D085,West,Online,4,71.24,0.15
SL-01-00514,SO-01-00257,2026-01-21,2026-01-24,C00619,P0250,D078,North,Partner,5,153.24,0.10
SL-01-00515,SO-01-00258,2026-01-10,2026-01-14,C00514,P0147,D062,South,Online,5,328.49,0
SL-01-00516,SO-01-00258,2026-01-22,2026-01-30,C00232,P0059,D098,West,Partner,3,338.99,0
SL-01-00517,SO-01-00259,2026-01-19,2026-01-26,C00746,P0029,D049,South,Online,1,334.99,0.05
SL-01-00518,SO-01-00259,2026-01-06,2026-01-14,C00915,P0305,D074,East,Online,2,104.99,0.15
SL-01-00519,SO-01-00260,2026-01-26,2026-01-31,C00587,P0288,D059,South,Store,1,247.24,0.15
SL-01-00520,SO-01-00260,2026-01-18,2026-01-26,C00086,P0341,D006,North,Online,3,176.49,0.15
SL-01-00521,SO-01-00261,2026-01-31,2026-02-06,C00768,P0236,D043,West,Store,4,329.24,0.05
SL-01-00522,SO-01-00261,2026-01-20,2026-01-26,C00445,P0093,D028,Central,Online,1,54.49,0.10
SL-01-00523,SO-01-00262,2026-01-14,2026-01-20,C00618,P0178,D062,North,Partner,5,343.74,0.05
SL-01-00524,SO-01-00262,2026-01-15,2026-01-23,C01051,P0108,D006,West,Partner,1,223.24,0.10
SL-01-00525,SO-01-00263,2026-01-30,2026-02-03,C01082,P0001,D102,West,Online,3,19.99,0.10
SL-01-00526,SO-01-00263,2026-01-08,2026-01-15,C00799,P0194,D080,Central,Online,4,190.24,0.15
SL-01-00527,SO-01-00264,2026-01-14,2026-01-17,C00661,P0085,D044,North,Online,5,297.99,0.15
SL-01-00528,SO-01-00264,2026-01-13,2026-01-15,C01358,P0192,D024,South,Store,5,167.74,0.10
SL-01-00529,SO-01-00265,2026-01-22,,C00913,P0316,D019,South,Store,3,228.74,0.05
SL-01-00530,SO-01-00265,2026-01-16,2026-01-20,C00338,P0118,D023,East,Partner,3,335.74,0
SL-01-00531,SO-01-00266,2026-01-19,2026-01-20,C00880,P0224,D036,North,Partner,5,194.24,0.15
SL-01-00532,SO-01-00266,2026-01-01,2026-01-07,C00166,P0027,D070,South,Online,5,312.49,0.10
SL-01-00533,SO-01-00267,2026-01-01,2026-01-05,C00563,P0264,D079,North,Partner,2,310.74,0.15
SL-01-00534,SO-01-00267,2026-01-25,2026-02-02,C00827,P0289,D053,Central,Store,1,258.49,0.05
SL-01-00535,SO-01-00268,2026-01-11,2026-01-19,C00154,P0005,D009,North,Online,1,64.99,0.15
SL-01-00536,SO-01-00268,2026-01-04,2026-01-08,C00760,P0024,D013,West,Online,2,278.74,0.10
SL-01-00537,SO-01-00269,2026-01-30,2026-02-03,C00886,P0087,D055,South,Partner,4,320.49,0.10
SL-01-00538,SO-01-00269,2026-01-02,2026-01-07,C00546,P0260,D054,West,Online,4,265.74,0.05
SL-01-00539,SO-01-00270,2026-01-01,2026-01-09,C00950,P0202,D014,East,Partner,5,280.24,0
SL-01-00540,SO-01-00270,2026-01-06,2026-01-11,C00835,P0277,D012,East,Store,1,123.49,0.15
SL-01-00541,SO-01-00271,2026-01-18,2026-01-19,C00680,P0214,D104,Central,Partner,2,81.74,0.05
SL-01-00542,SO-01-00271,2026-01-09,2026-01-11,C00332,P0008,D092,South,Store,1,98.74,0.10
SL-01-00543,SO-01-00272,2026-01-02,2026-01-08,C00145,P0216,D083,South,Store,5,104.24,0.10
SL-01-00544,SO-01-00272,2026-01-09,2026-01-12,C00310,P0164,D096,North,Store,2,186.24,0.15
SL-01-00545,SO-01-00273,2026-01-30,2026-02-01,C01044,P0320,D102,West,Store,4,273.74,0.10
SL-01-00546,SO-01-00273,2026-01-30,2026-02-02,C00507,P0275,D037,Central,Online,1,100.99,0
SL-01-00547,SO-01-00274,2026-01-22,2026-01-24,C00643,P0150,D014,North,Online,5,362.24,0.05
SL-01-00548,SO-01-00274,2026-01-18,2026-01-25,C00141,P0277,D083,North,Store,2,123.49,0
SL-01-00549,SO-01-00275,2026-01-13,2026-01-21,C00165,P0345,D057,South,Store,5,221.49,0.15
SL-01-00550,SO-01-00275,2026-01-08,2026-01-10,C00768,P0208,D040,Central,Partner,3,347.74,0
SL-01-00551,SO-01-00276,2026-01-21,,C00739,P0310,D106,East,Store,2,161.24,0.05
SL-01-00552,SO-01-00276,2026-01-05,2026-01-12,C00128,P0220,D055,North,Store,1,149.24,0
SL-01-00553,SO-01-00277,2026-01-14,2026-01-21,C00298,P0342,D034,East,Online,5,187.74,0.05
SL-01-00554,SO-01-00277,2026-01-17,2026-01-19,C00139,P0042,D033,North,Partner,4,147.74,0.10
SL-01-00555,SO-01-00278,2026-01-27,2026-01-28,C00415,P0119,D055,North,Online,1,346.99,0.15
SL-01-00556,SO-01-00278,2026-01-19,2026-01-21,C00370,P0266,D054,West,Store,2,333.24,0.05
SL-01-00557,SO-01-00279,2026-01-08,2026-01-11,C01069,P0049,D049,Central,Store,4,226.49,0.15
SL-01-00558,SO-01-00279,2026-01-01,2026-01-09,C00812,P0317,D062,North,Partner,4,239.99,0.15
SL-01-00559,SO-01-00280,2026-01-29,2026-02-04,C01369,P0271,D025,West,Online,2,55.99,0
SL-01-00560,SO-01-00280,2026-01-21,2026-01-22,C00390,P0044,D027,North,Online,3,170.24,0.05
SL-01-00561,SO-01-00281,2026-01-09,2026-01-11,C00382,P0327,D023,East,Partner,5,352.49,0.05
SL-01-00562,SO-01-00281,2026-01-05,2026-01-10,C00744,P0151,D071,Central,Online,4,39.99,0.05
SL-01-00563,SO-01-00282,2026-01-14,2026-01-18,C01057,P0073,D031,Central,Online,1,162.99,0.05
SL-01-00564,SO-01-00282,2026-01-14,2026-01-22,C00983,P0085,D102,West,Partner,4,297.99,0.05
SL-01-00565,SO-01-00283,2026-01-01,2026-01-02,C00479,P0218,D042,West,Store,4,126.74,0
SL-01-00566,SO-01-00283,2026-01-01,2026-01-07,C00232,P0327,D041,East,Store,3,352.49,0.05
SL-01-00567,SO-01-00284,2026-01-16,2026-01-23,C00396,P0130,D025,Central,Online,5,137.24,0.15
SL-01-00568,SO-01-00284,2026-01-01,2026-01-05,C00703,P0165,D085,Central,Store,1,197.49,0.05
SL-01-00569,SO-01-00285,2026-01-15,2026-01-21,C00102,P0005,D013,North,Partner,5,64.99,0.10
SL-01-00570,SO-01-00285,2026-01-21,2026-01-22,C00307,P0242,D089,North,Online,1,63.24,0.05
SL-01-00571,SO-01-00286,2026-01-23,2026-01-25,C00088,P0226,D018,South,Partner,3,216.74,0.15
SL-01-00572,SO-01-00286,2026-01-19,2026-01-24,C00185,P0163,D095,West,Store,5,174.99,0
SL-01-00573,SO-01-00287,2026-01-22,,C00189,P0356,D020,Central,Online,3,345.24,0.10
SL-01-00574,SO-01-00287,2026-01-13,2026-01-14,C00817,P0291,D043,Central,Store,1,280.99,0.15
SL-01-00575,SO-01-00288,2026-01-11,2026-01-17,C00894,P0153,D031,South,Partner,4,62.49,0.05
SL-01-00576,SO-01-00288,2026-01-25,2026-01-29,C00447,P0101,D067,Central,Online,4,144.49,0.10
SL-01-00577,SO-01-00289,2026-01-12,2026-01-15,C00519,P0244,D093,North,Online,4,85.74,0.10
SL-01-00578,SO-01-00289,2026-01-23,2026-01-28,C00108,P0360,D066,East,Online,3,390.24,0.05
SL-01-00579,SO-01-00290,2026-01-01,2026-01-03,C01046,P0152,D018,West,Store,2,51.24,0.10
SL-01-00580,SO-01-00290,2026-01-22,2026-01-24,C00801,P0325,D108,Central,Store,4,329.99,0.10
SL-01-00581,SO-01-00291,2026-01-11,2026-01-19,C01069,P0061,D086,Central,Partner,5,27.99,0.10
SL-01-00582,SO-01-00291,2026-01-10,2026-01-16,C00292,P0041,D022,West,Online,3,136.49,0
SL-01-00583,SO-01-00292,2026-01-11,2026-01-13,C00425,P0088,D040,West,Partner,5,331.74,0.05
SL-01-00584,SO-01-00292,2026-01-05,2026-01-11,C00967,P0007,D053,East,Partner,1,87.49,0.05
SL-01-00585,SO-01-00293,2026-01-05,2026-01-12,C00450,P0296,D079,North,Online,4,337.24,0.15
SL-01-00586,SO-01-00293,2026-01-21,2026-01-29,C00345,P0123,D016,North,Store,5,58.49,0.10
SL-01-00587,SO-01-00294,2026-01-08,2026-01-16,C00513,P0157,D040,South,Store,1,107.49,0
SL-01-00588,SO-01-00294,2026-01-05,2026-01-11,C00845,P0026,D001,North,Partner,3,301.24,0.10
SL-01-00589,SO-01-00295,2026-01-02,2026-01-05,C00635,P0189,D033,East,Store,5,133.99,0.15
SL-01-00590,SO-01-00295,2026-01-18,2026-01-21,C01360,P0023,D041,West,Online,4,267.49,0
SL-01-00591,SO-01-00296,2026-01-04,2026-01-12,C00969,P0341,D031,South,Partner,2,176.49,0.15
SL-01-00592,SO-01-00296,2026-01-09,2026-01-14,C00220,P0326,D061,Central,Online,3,341.24,0.10
SL-01-00593,SO-01-00297,2026-01-19,2026-01-25,C00680,P0168,D052,East,Store,5,231.24,0.15
SL-01-00594,SO-01-00297,2026-01-01,2026-01-05,C00514,P0272,D017,North,Online,1,67.24,0.05
SL-01-00595,SO-01-00298,2026-01-30,,C00554,P0346,D051,Central,Partner,4,232.74,0.05
SL-01-00596,SO-01-00298,2026-01-06,2026-01-11,C00096,P0290,D090,North,Partner,5,269.74,0
SL-01-00597,SO-01-00299,2026-01-22,2026-01-26,C00642,P0276,D049,East,Store,5,112.24,0.10
SL-01-00598,SO-01-00299,2026-01-13,2026-01-18,C01033,P0332,D106,East,Store,3,75.24,0.15
SL-01-00599,SO-01-00300,2026-01-20,2026-01-22,C01052,P0315,D086,Central,Store,2,217.49,0.10
SL-01-00600,SO-01-00300,2026-01-18,2026-01-26,C00485,P0124,D106,East,Online,5,69.74,0.15
SL-01-00601,SO-01-00301,2026-01-18,2026-01-23,C00537,P0225,D109,Central,Online,5,205.49,0.05
SL-01-00602,SO-01-00301,2026-01-01,2026-01-07,C00504,P0053,D011,North,Partner,5,271.49,0.05
SL-01-00603,SO-01-00302,2026-01-01,2026-01-05,C00206,P0267,D040,South,Store,5,344.49,0.05
SL-01-00604,SO-01-00302,2026-01-18,2026-01-26,C00366,P0182,D097,East,Partner,3,55.24,0.10
SL-01-00605,SO-01-00303,2026-01-12,2026-01-16,C00940,P0286,D052,South,Online,1,224.74,0.10
SL-01-00606,SO-01-00303,2026-01-06,2026-01-11,C00508,P0069,D093,West,Online,5,117.99,0.05
SL-01-00607,SO-01-00304,2026-01-25,2026-01-28,C00466,P0018,D077,East,Store,5,211.24,0
SL-01-00608,SO-01-00304,2026-01-09,2026-01-16,C00475,P0137,D064,Central,Store,4,215.99,0
SL-01-00609,SO-01-00305,2026-01-08,2026-01-15,C01043,P0031,D005,Central,Partner,5,23.99,0.10
SL-01-00610,SO-01-00305,2026-01-14,2026-01-15,C00856,P0151,D030,North,Partner,2,39.99,0.05
SL-01-00611,SO-01-00306,2026-01-31,2026-02-03,C00992,P0159,D047,East,Partner,4,129.99,0.15
SL-01-00612,SO-01-00306,2026-01-12,2026-01-14,C00820,P0082,D106,West,Store,3,264.24,0
SL-01-00613,SO-01-00307,2026-01-20,2026-01-28,C00740,P0345,D044,East,Online,4,221.49,0.15
SL-01-00614,SO-01-00307,2026-01-16,2026-01-17,C00940,P0087,D047,South,Store,1,320.49,0.05
SL-01-00615,SO-01-00308,2026-01-06,2026-01-10,C00816,P0346,D092,East,Partner,2,232.74,0.15
SL-01-00616,SO-01-00308,2026-01-27,2026-02-01,C00813,P0334,D031,North,Store,5,97.74,0.15
SL-01-00617,SO-01-00309,2026-01-15,,C00936,P0069,D076,Central,Store,3,117.99,0
SL-01-00618,SO-01-00309,2026-01-08,2026-01-11,C00826,P0066,D013,West,Store,5,84.24,0.15
SL-01-00619,SO-01-00310,2026-01-23,2026-01-24,C00898,P0267,D003,North,Online,3,344.49,0.05
SL-01-00620,SO-01-00310,2026-01-29,2026-02-02,C00340,P0209,D056,West,Store,2,358.99,0.05
SL-01-00621,SO-01-00311,2026-01-31,2026-02-06,C01351,P0009,D065,East,Store,3,109.99,0
SL-01-00622,SO-01-00311,2026-01-27,2026-02-03,C00928,P0029,D079,Central,Partner,2,334.99,0.10
SL-01-00623,SO-01-00312,2026-01-09,2026-01-13,C00158,P0160,D058,South,Store,2,141.24,0.10
SL-01-00624,SO-01-00312,2026-01-09,2026-01-13,C01002,P0311,D018,Central,Online,3,172.49,0.10
SL-01-00625,SO-01-00313,2026-01-17,2026-01-22,C00345,P0142,D069,South,Partner,5,272.24,0.15
SL-01-00626,SO-01-00313,2026-01-09,2026-01-11,C00441,P0168,D064,North,Partner,2,231.24,0.05
SL-01-00627,SO-01-00314,2026-01-29,2026-01-30,C00718,P0068,D029,North,Partner,3,106.74,0
SL-01-00628,SO-01-00314,2026-01-04,2026-01-10,C00614,P0181,D110,North,Online,4,43.99,0.15
SL-01-00629,SO-01-00315,2026-01-12,2026-01-16,C00808,P0219,D055,Central,Online,4,137.99,0
SL-01-00630,SO-01-00315,2026-01-05,2026-01-11,C01024,P0175,D059,South,Store,3,309.99,0.10
SL-01-00631,SO-01-00316,2026-01-23,2026-01-27,C00923,P0152,D007,North,Partner,4,51.24,0.15
SL-01-00632,SO-01-00316,2026-01-14,2026-01-16,C00750,P0298,D097,South,Store,5,359.74,0
SL-01-00633,SO-01-00317,2026-01-16,2026-01-17,C00928,P0263,D093,Central,Store,1,299.49,0.10
SL-01-00634,SO-01-00317,2026-01-10,2026-01-13,C00541,P0213,D085,Central,Partner,3,70.49,0.05
SL-01-00635,SO-01-00318,2026-01-07,2026-01-09,C00393,P0138,D024,East,Partner,4,227.24,0
SL-01-00636,SO-01-00318,2026-01-01,2026-01-02,C00826,P0148,D060,South,Partner,1,339.74,0.15
SL-01-00637,SO-01-00319,2026-01-16,2026-01-24,C00148,P0310,D011,West,Online,3,161.24,0
SL-01-00638,SO-01-00319,2026-01-13,2026-01-18,C00714,P0201,D035,South,Store,1,268.99,0.05
SL-01-00639,SO-01-00320,2026-01-23,,C00652,P0140,D030,North,Store,2,249.74,0.15
SL-01-00640,SO-01-00320,2026-01-10,2026-01-12,C00118,P0053,D018,Central,Online,2,271.49,0.05
SL-01-00641,SO-01-00321,2026-01-20,2026-01-25,C00426,P0225,D073,East,Online,4,205.49,0
SL-01-00642,SO-01-00321,2026-01-02,2026-01-08,C00583,P0208,D028,South,Store,1,347.74,0.15
SL-01-00643,SO-01-00322,2026-01-27,2026-02-02,C00085,P0264,D051,North,Store,2,310.74,0.05
SL-01-00644,SO-01-00322,2026-01-07,2026-01-11,C00592,P0211,D035,South,Store,2,47.99,0.05
SL-01-00645,SO-01-00323,2026-01-09,2026-01-17,C00544,P0048,D107,East,Store,1,215.24,0.15
SL-01-00646,SO-01-00323,2026-01-06,2026-01-10,C00642,P0337,D053,East,Online,2,131.49,0
SL-01-00647,SO-01-00324,2026-01-15,2026-01-18,C00311,P0201,D110,South,Online,2,268.99,0
SL-01-00648,SO-01-00324,2026-01-15,2026-01-23,C00027,P0178,D038,East,Online,4,343.74,0.10
SL-01-00649,SO-01-00325,2026-01-21,2026-01-25,C00733,P0240,D094,West,Store,1,374.24,0.05
SL-01-00650,SO-01-00325,2026-01-13,2026-01-21,C01044,P0329,D087,West,Online,5,374.99,0
SL-01-00651,SO-01-00326,2026-01-13,2026-01-14,C00142,P0193,D034,West,Partner,3,178.99,0.05
SL-01-00652,SO-01-00326,2026-01-18,2026-01-21,C01362,P0074,D044,South,Partner,5,174.24,0
SL-01-00653,SO-01-00327,2026-01-25,2026-01-30,C00510,P0249,D058,South,Partner,4,141.99,0
SL-01-00654,SO-01-00327,2026-01-14,2026-01-15,C00355,P0355,D067,East,Online,1,333.99,0
SL-01-00655,SO-01-00328,2026-01-14,2026-01-15,C00406,P0032,D008,South,Store,1,35.24,0.05
SL-01-00656,SO-01-00328,2026-01-01,2026-01-02,C00376,P0013,D068,North,Online,3,154.99,0.15
SL-01-00657,SO-01-00329,2026-01-19,2026-01-25,C00325,P0027,D083,North,Partner,1,312.49,0.05
SL-01-00658,SO-01-00329,2026-01-15,2026-01-23,C00555,P0241,D041,West,Online,1,51.99,0.15
SL-01-00659,SO-01-00330,2026-01-28,2026-02-04,C00723,P0108,D049,North,Partner,1,223.24,0.10
SL-01-00660,SO-01-00330,2026-01-19,2026-01-24,C01077,P0020,D079,West,Partner,1,233.74,0
SL-01-00661,SO-01-00331,2026-01-16,,C00023,P0023,D004,South,Store,4,267.49,0.10
SL-01-00662,SO-01-00331,2026-01-14,2026-01-15,C00653,P0073,D026,West,Store,4,162.99,0.05
SL-01-00663,SO-01-00332,2026-01-21,2026-01-23,C00807,P0003,D097,North,Store,3,42.49,0.10
SL-01-00664,SO-01-00332,2026-01-21,2026-01-24,C00710,P0113,D024,South,Online,3,279.49,0.15
SL-01-00665,SO-01-00333,2026-01-09,2026-01-11,C00807,P0004,D014,Central,Partner,4,53.74,0.15
SL-01-00666,SO-01-00333,2026-01-04,2026-01-11,C00001,P0286,D080,Central,Partner,2,224.74,0
SL-01-00667,SO-01-00334,2026-01-06,2026-01-10,C00319,P0284,D071,Central,Store,2,202.24,0
SL-01-00668,SO-01-00334,2026-01-21,2026-01-23,C00486,P0007,D049,East,Partner,1,87.49,0.10
SL-01-00669,SO-01-00335,2026-01-01,2026-01-09,C01026,P0289,D078,North,Online,2,258.49,0.10
SL-01-00670,SO-01-00335,2026-01-17,2026-01-20,C00669,P0272,D052,North,Partner,3,67.24,0.05
SL-01-00671,SO-01-00336,2026-01-30,2026-02-07,C00542,P0025,D107,East,Partner,3,289.99,0.15
SL-01-00672,SO-01-00336,2026-01-05,2026-01-12,C00579,P0059,D057,Central,Online,3,338.99,0.05
SL-01-00673,SO-01-00337,2026-01-09,2026-01-10,C00235,P0006,D008,North,Store,2,76.24,0.05
SL-01-00674,SO-01-00337,2026-01-08,2026-01-13,C00537,P0178,D021,South,Online,3,343.74,0.15
SL-01-00675,SO-01-00338,2026-01-12,2026-01-16,C00210,P0209,D017,Central,Partner,4,358.99,0.15
SL-01-00676,SO-01-00338,2026-01-03,2026-01-06,C00715,P0041,D010,West,Partner,5,136.49,0.05
SL-01-00677,SO-01-00339,2026-01-28,2026-02-04,C00736,P0224,D002,Central,Partner,5,194.24,0.05
SL-01-00678,SO-01-00339,2026-01-26,2026-01-30,C00195,P0194,D043,Central,Partner,3,190.24,0
SL-01-00679,SO-01-00340,2026-01-12,2026-01-19,C00376,P0279,D042,Central,Store,1,145.99,0.10
SL-01-00680,SO-01-00340,2026-01-04,2026-01-05,C00727,P0320,D069,West,Partner,1,273.74,0
SL-01-00681,SO-01-00341,2026-01-08,2026-01-14,C00222,P0301,D031,East,Partner,5,59.99,0.15
SL-01-00682,SO-01-00341,2026-01-25,2026-01-30,C00900,P0303,D078,West,Online,1,82.49,0.05
SL-01-00683,SO-01-00342,2026-01-01,,C01353,P0125,D049,Central,Partner,2,80.99,0
SL-01-00684,SO-01-00342,2026-01-10,2026-01-13,C00982,P0008,D042,West,Partner,2,98.74,0.05
SL-01-00685,SO-01-00343,2026-01-08,2026-01-12,C00718,P0337,D032,East,Store,5,131.49,0.05
SL-01-00686,SO-01-00343,2026-01-11,2026-01-13,C00656,P0328,D028,North,Store,2,363.74,0
SL-01-00687,SO-01-00344,2026-01-09,2026-01-10,C00339,P0350,D058,Central,Store,4,277.74,0
SL-01-00688,SO-01-00344,2026-01-30,2026-02-03,C00243,P0091,D002,South,Store,2,31.99,0
SL-01-00689,SO-01-00345,2026-01-22,2026-01-23,C00186,P0014,D024,Central,Partner,2,166.24,0.10
SL-01-00690,SO-01-00345,2026-01-29,2026-02-06,C00237,P0126,D038,West,Online,4,92.24,0.15
SL-01-00691,SO-01-00346,2026-01-27,2026-01-30,C00353,P0312,D021,East,Partner,4,183.74,0.10
SL-01-00692,SO-01-00346,2026-01-03,2026-01-05,C00332,P0058,D103,West,Store,2,327.74,0.15
SL-01-00693,SO-01-00347,2026-01-24,2026-01-29,C00609,P0301,D096,Central,Partner,2,59.99,0.10
SL-01-00694,SO-01-00347,2026-01-27,2026-02-03,C00499,P0018,D026,East,Online,1,211.24,0.15
SL-01-00695,SO-01-00348,2026-01-04,2026-01-11,C00292,P0193,D032,Central,Partner,2,178.99,0
SL-01-00696,SO-01-00348,2026-01-23,2026-01-27,C01002,P0022,D052,East,Partner,1,256.24,0.15
SL-01-00697,SO-01-00349,2026-01-07,2026-01-12,C00762,P0048,D034,North,Partner,4,215.24,0
SL-01-00698,SO-01-00349,2026-01-16,2026-01-18,C00468,P0007,D007,Central,Store,4,87.49,0.05
SL-01-00699,SO-01-00350,2026-01-03,2026-01-08,C00471,P0289,D073,North,Partner,5,258.49,0.10
SL-01-00700,SO-01-00350,2026-01-02,2026-01-07,C00357,P0029,D091,North,Store,3,334.99,0.10
SL-01-00701,SO-01-00351,2026-01-21,2026-01-28,C00698,P0024,D037,Central,Partner,1,278.74,0.10
SL-01-00702,SO-01-00351,2026-01-28,2026-01-30,C01071,P0047,D017,North,Store,3,203.99,0.15
SL-01-00703,SO-01-00352,2026-01-06,2026-01-14,C00352,P0262,D107,West,Partner,4,288.24,0
SL-01-00704,SO-01-00352,2026-01-30,2026-01-31,C00746,P0279,D001,West,Online,4,145.99,0.15
SL-01-00705,SO-01-00353,2026-01-08,,C00029,P0132,D087,South,Online,5,159.74,0
SL-01-00706,SO-01-00353,2026-01-02,2026-01-03,C01065,P0111,D098,North,Partner,2,256.99,0.10
SL-01-00707,SO-01-00354,2026-01-04,2026-01-05,C00213,P0133,D096,North,Store,5,170.99,0.15
SL-01-00708,SO-01-00354,2026-01-30,2026-02-06,C00925,P0242,D059,East,Store,4,63.24,0.05
SL-01-00709,SO-01-00355,2026-01-05,2026-01-13,C01031,P0219,D007,East,Partner,3,137.99,0.10
SL-01-00710,SO-01-00355,2026-01-22,2026-01-25,C00086,P0132,D069,East,Store,5,159.74,0.10
SL-01-00711,SO-01-00356,2026-01-08,2026-01-14,C00047,P0330,D097,South,Online,3,386.24,0.10
SL-01-00712,SO-01-00356,2026-01-13,2026-01-14,C00494,P0071,D061,South,Partner,2,140.49,0.10
SL-01-00713,SO-01-00357,2026-01-20,2026-01-26,C00633,P0285,D104,Central,Store,2,213.49,0.10
SL-01-00714,SO-01-00357,2026-01-08,2026-01-13,C01364,P0327,D002,Central,Online,2,352.49,0.15
SL-01-00715,SO-01-00358,2026-01-20,2026-01-22,C00866,P0099,D050,North,Store,5,121.99,0.15
SL-01-00716,SO-01-00358,2026-01-16,2026-01-22,C01002,P0001,D038,East,Partner,1,19.99,0
SL-01-00717,SO-01-00359,2026-01-17,2026-01-22,C00404,P0183,D023,North,Online,5,66.49,0.10
SL-01-00718,SO-01-00359,2026-01-12,2026-01-14,C00655,P0330,D003,North,Partner,4,386.24,0.10
SL-01-00719,SO-01-00360,2026-01-25,2026-01-31,C00798,P0036,D108,West,Online,2,80.24,0.15
SL-01-00720,SO-01-00360,2026-01-11,2026-01-16,C00801,P0247,D108,West,Online,3,119.49,0.15
SL-01-00721,SO-01-00361,2026-01-19,2026-01-22,C00149,P0348,D087,East,Online,1,255.24,0.05
SL-01-00722,SO-01-00361,2026-01-11,2026-01-18,C00713,P0037,D035,Central,Online,5,91.49,0.05
SL-01-00723,SO-01-00362,2026-01-26,2026-02-01,C00360,P0015,D060,East,Store,3,177.49,0.10
SL-01-00724,SO-01-00362,2026-01-19,2026-01-21,C00189,P0291,D044,East,Partner,4,280.99,0.15
SL-01-00725,SO-01-00363,2026-01-13,2026-01-15,C00735,P0238,D027,Central,Online,1,351.74,0.05
SL-01-00726,SO-01-00363,2026-01-31,2026-02-04,C00299,P0166,D004,Central,Partner,2,208.74,0
SL-01-00727,SO-01-00364,2026-01-28,,C00750,P0350,D052,East,Partner,2,277.74,0
SL-01-00728,SO-01-00364,2026-01-23,2026-01-28,C00049,P0286,D048,West,Partner,2,224.74,0.10
SL-01-00729,SO-01-00365,2026-01-20,2026-01-27,C00195,P0257,D027,North,Store,2,231.99,0.15
SL-01-00730,SO-01-00365,2026-01-23,2026-01-28,C00454,P0214,D087,East,Online,5,81.74,0.15
SL-01-00731,SO-01-00366,2026-01-07,2026-01-14,C00390,P0339,D067,South,Partner,5,153.99,0
SL-01-00732,SO-01-00366,2026-01-06,2026-01-12,C00993,P0014,D111,Central,Online,2,166.24,0
SL-01-00733,SO-01-00367,2026-01-26,2026-02-01,C00077,P0244,D015,North,Partner,2,85.74,0.05
SL-01-00734,SO-01-00367,2026-01-26,2026-01-28,C00943,P0022,D107,South,Online,3,256.24,0.05
SL-01-00735,SO-01-00368,2026-01-22,2026-01-27,C00587,P0192,D016,East,Store,2,167.74,0.10
SL-01-00736,SO-01-00368,2026-01-23,2026-01-31,C00665,P0163,D003,West,Partner,3,174.99,0
SL-01-00737,SO-01-00369,2026-01-02,2026-01-04,C00640,P0259,D094,South,Online,4,254.49,0.10
SL-01-00738,SO-01-00369,2026-01-03,2026-01-09,C00700,P0177,D024,East,Partner,2,332.49,0
SL-01-00739,SO-01-00370,2026-01-15,2026-01-19,C00086,P0306,D040,North,Online,4,116.24,0.05
SL-01-00740,SO-01-00370,2026-01-24,2026-02-01,C00902,P0210,D034,South,Online,2,370.24,0
SL-01-00741,SO-01-00371,2026-01-18,2026-01-20,C00593,P0156,D003,East,Online,1,96.24,0.05
SL-01-00742,SO-01-00371,2026-01-01,2026-01-09,C00602,P0143,D077,South,Online,3,283.49,0.10
SL-01-00743,SO-01-00372,2026-01-19,2026-01-27,C00829,P0072,D012,West,Store,3,151.74,0.05
SL-01-00744,SO-01-00372,2026-01-02,2026-01-05,C00735,P0018,D009,Central,Online,5,211.24,0.10
SL-01-00745,SO-01-00373,2026-01-23,2026-01-27,C01355,P0241,D071,Central,Online,4,51.99,0
SL-01-00746,SO-01-00373,2026-01-20,2026-01-22,C00326,P0182,D059,Central,Online,2,55.24,0.05
SL-01-00747,SO-01-00374,2026-01-21,2026-01-22,C00309,P0280,D058,South,Online,5,157.24,0.10
SL-01-00748,SO-01-00374,2026-01-14,2026-01-19,C00473,P0270,D070,South,Store,1,378.24,0.05
SL-01-00749,SO-01-00375,2026-01-02,,C00932,P0344,D107,Central,Online,2,210.24,0.10
SL-01-00750,SO-01-00375,2026-01-28,2026-02-02,C00973,P0044,D109,Central,Store,5,170.24,0
SL-01-00751,SO-01-00376,2026-01-15,2026-01-23,C00106,P0114,D072,North,Store,5,290.74,0
SL-01-00752,SO-01-00376,2026-01-04,2026-01-10,C00272,P0229,D049,Central,Store,3,250.49,0.15
SL-01-00753,SO-01-00377,2026-01-06,2026-01-08,C00314,P0310,D110,East,Online,5,161.24,0.10
SL-01-00754,SO-01-00377,2026-01-03,2026-01-10,C00736,P0175,D044,West,Partner,4,309.99,0
SL-01-00755,SO-01-00378,2026-01-26,2026-01-30,C00560,P0170,D002,North,Store,4,253.74,0
SL-01-00756,SO-01-00378,2026-01-28,2026-02-02,C00508,P0040,D100,South,Online,3,125.24,0.10
SL-01-00757,SO-01-00379,2026-01-08,2026-01-13,C00245,P0276,D039,Central,Online,3,112.24,0.10
SL-01-00758,SO-01-00379,2026-01-07,2026-01-13,C00041,P0078,D022,North,Partner,3,219.24,0.10
SL-01-00759,SO-01-00380,2026-01-11,2026-01-14,C00070,P0068,D046,East,Partner,3,106.74,0.15
SL-01-00760,SO-01-00380,2026-01-16,2026-01-18,C00826,P0119,D094,Central,Online,5,346.99,0.05
SL-01-00761,SO-01-00381,2026-01-12,2026-01-13,C00264,P0068,D095,Central,Online,4,106.74,0.05
SL-01-00762,SO-01-00381,2026-01-02,2026-01-03,C00575,P0113,D084,Central,Partner,4,279.49,0.15
SL-01-00763,SO-01-00382,2026-01-04,2026-01-05,C00737,P0294,D086,Central,Online,5,314.74,0
SL-01-00764,SO-01-00382,2026-01-19,2026-01-25,C00199,P0010,D068,Central,Store,1,121.24,0.05
SL-01-00765,SO-01-00383,2026-01-25,2026-01-31,C01034,P0268,D056,North,Partner,2,355.74,0.05
SL-01-00766,SO-01-00383,2026-01-05,2026-01-08,C00635,P0095,D109,West,Partner,1,76.99,0.05
SL-01-00767,SO-01-00384,2026-01-20,2026-01-22,C01077,P0043,D034,South,Partner,3,158.99,0.10
SL-01-00768,SO-01-00384,2026-01-13,2026-01-21,C00812,P0107,D055,South,Online,5,211.99,0.10
SL-01-00769,SO-01-00385,2026-01-11,2026-01-12,C00849,P0205,D026,North,Partner,5,313.99,0.05
SL-01-00770,SO-01-00385,2026-01-10,2026-01-11,C00220,P0126,D092,South,Online,5,92.24,0.15
SL-01-00771,SO-01-00386,2026-01-25,,C00786,P0327,D045,East,Partner,1,352.49,0.05
SL-01-00772,SO-01-00386,2026-01-28,2026-02-02,C01056,P0093,D045,West,Online,3,54.49,0.15
SL-01-00773,SO-01-00387,2026-01-26,2026-01-31,C00038,P0074,D023,South,Partner,5,174.24,0.10
SL-01-00774,SO-01-00387,2026-01-17,2026-01-18,C00269,P0279,D036,West,Partner,2,145.99,0.15
SL-01-00775,SO-01-00388,2026-01-20,2026-01-28,C00389,P0029,D104,North,Online,4,334.99,0.15
SL-01-00776,SO-01-00388,2026-01-12,2026-01-16,C01366,P0096,D083,West,Online,5,88.24,0.10
SL-01-00777,SO-01-00389,2026-01-09,2026-01-12,C00021,P0346,D101,North,Online,4,232.74,0.05
SL-01-00778,SO-01-00389,2026-01-02,2026-01-05,C00022,P0284,D020,North,Partner,2,202.24,0
SL-01-00779,SO-01-00390,2026-01-27,2026-01-29,C00427,P0320,D063,East,Online,3,273.74,0.15
SL-01-00780,SO-01-00390,2026-01-07,2026-01-13,C00980,P0323,D037,South,Store,2,307.49,0.10
SL-01-00781,SO-01-00391,2026-01-17,2026-01-23,C00128,P0340,D042,Central,Store,3,165.24,0.10
SL-01-00782,SO-01-00391,2026-01-12,2026-01-13,C00091,P0098,D005,East,Online,2,110.74,0.10
SL-01-00783,SO-01-00392,2026-01-11,2026-01-16,C00117,P0150,D048,East,Online,1,362.24,0.10
SL-01-00784,SO-01-00392,2026-01-10,2026-01-12,C00094,P0253,D104,West,Store,5,186.99,0.15
SL-01-00785,SO-01-00393,2026-01-29,2026-02-01,C00643,P0126,D110,South,Partner,3,92.24,0
SL-01-00786,SO-01-00393,2026-01-21,2026-01-28,C00686,P0274,D030,East,Partner,1,89.74,0.10
SL-01-00787,SO-01-00394,2026-01-05,2026-01-11,C00576,P0250,D086,East,Online,3,153.24,0.05
SL-01-00788,SO-01-00394,2026-01-10,2026-01-16,C00227,P0220,D075,West,Partner,4,149.24,0.10
SL-01-00789,SO-01-00395,2026-01-11,2026-01-17,C00568,P0202,D010,North,Store,5,280.24,0.05
SL-01-00790,SO-01-00395,2026-01-31,2026-02-05,C00343,P0134,D087,East,Online,2,182.24,0.05
SL-01-00791,SO-01-00396,2026-01-26,2026-01-31,C00001,P0299,D076,West,Partner,5,370.99,0
SL-01-00792,SO-01-00396,2026-01-09,2026-01-13,C00641,P0247,D060,North,Partner,5,119.49,0.10
SL-01-00793,SO-01-00397,2026-01-28,,C01011,P0132,D042,East,Partner,4,159.74,0.15
SL-01-00794,SO-01-00397,2026-01-31,2026-02-08,C01086,P0110,D093,West,Online,4,245.74,0.15
SL-01-00795,SO-01-00398,2026-01-01,2026-01-09,C00380,P0277,D043,South,Partner,4,123.49,0.10
SL-01-00796,SO-01-00398,2026-01-03,2026-01-11,C00403,P0081,D063,South,Online,2,252.99,0.10
SL-01-00797,SO-01-00399,2026-01-25,2026-01-30,C00281,P0049,D029,East,Online,5,226.49,0
SL-01-00798,SO-01-00399,2026-01-13,2026-01-17,C00534,P0190,D026,East,Partner,3,145.24,0.15
SL-01-00799,SO-01-00400,2026-01-19,2026-01-20,C00328,P0277,D069,South,Online,1,123.49,0.05
SL-01-00800,SO-01-00400,2026-01-03,2026-01-08,C00268,P0010,D033,South,Online,2,121.24,0.15
SL-01-00801,SO-01-00401,2026-01-22,2026-01-30,C00653,P0217,D004,Central,Store,4,115.49,0.05
SL-01-00802,SO-01-00401,2026-01-10,2026-01-14,C00793,P0244,D010,Central,Store,2,85.74,0.15
SL-01-00803,SO-01-00402,2026-01-05,2026-01-06,C00049,P0138,D013,West,Online,2,227.24,0.15
SL-01-00804,SO-01-00402,2026-01-13,2026-01-18,C00546,P0126,D069,West,Online,5,92.24,0.05
SL-01-00805,SO-01-00403,2026-01-16,2026-01-23,C00609,P0145,D058,South,Store,5,305.99,0
SL-01-00806,SO-01-00403,2026-01-19,2026-01-24,C00655,P0120,D056,Central,Partner,2,358.24,0.05
SL-01-00807,SO-01-00404,2026-01-01,2026-01-07,C01357,P0353,D079,East,Partner,4,311.49,0.05
SL-01-00808,SO-01-00404,2026-01-05,2026-01-13,C00153,P0106,D091,East,Partner,1,200.74,0
SL-01-00809,SO-01-00405,2026-01-22,2026-01-25,C00526,P0121,D054,North,Partner,2,35.99,0.05
SL-01-00810,SO-01-00405,2026-01-04,2026-01-11,C00537,P0141,D006,Central,Partner,3,260.99,0.10
SL-01-00811,SO-01-00406,2026-01-21,2026-01-29,C00395,P0148,D019,West,Partner,4,339.74,0.10
SL-01-00812,SO-01-00406,2026-01-11,2026-01-18,C00588,P0165,D082,Central,Store,1,197.49,0.15
SL-01-00813,SO-01-00407,2026-01-19,2026-01-22,C00922,P0149,D043,North,Partner,2,350.99,0.15
SL-01-00814,SO-01-00407,2026-01-16,2026-01-21,C00557,P0116,D056,North,Partner,4,313.24,0.05
SL-01-00815,SO-01-00408,2026-01-16,,C00343,P0115,D063,East,Online,2,301.99,0.10
SL-01-00816,SO-01-00408,2026-01-15,2026-01-20,C00793,P0251,D046,Central,Online,2,164.49,0.05
SL-01-00817,SO-01-00409,2026-01-06,2026-01-14,C00212,P0161,D095,Central,Partner,1,152.49,0.15
SL-01-00818,SO-01-00409,2026-01-15,2026-01-21,C00409,P0174,D049,South,Store,4,298.74,0
SL-01-00819,SO-01-00410,2026-01-21,2026-01-27,C00372,P0016,D102,South,Online,4,188.74,0.05
SL-01-00820,SO-01-00410,2026-01-10,2026-01-12,C00453,P0191,D028,East,Partner,1,156.49,0
SL-01-00821,SO-01-00411,2026-01-22,2026-01-24,C00820,P0178,D085,Central,Store,1,343.74,0
SL-01-00822,SO-01-00411,2026-01-29,2026-02-01,C01055,P0266,D041,East,Store,3,333.24,0.10
SL-01-00823,SO-01-00412,2026-01-25,2026-01-29,C00504,P0184,D005,North,Store,4,77.74,0.10
SL-01-00824,SO-01-00412,2026-01-14,2026-01-19,C00147,P0165,D099,North,Online,4,197.49,0
SL-01-00825,SO-01-00413,2026-01-19,2026-01-24,C00648,P0285,D084,East,Partner,2,213.49,0.05
SL-01-00826,SO-01-00413,2026-01-24,2026-01-27,C00370,P0069,D021,Central,Partner,5,117.99,0.15
SL-01-00827,SO-01-00414,2026-01-11,2026-01-14,C00564,P0327,D109,South,Online,2,352.49,0.05
SL-01-00828,SO-01-00414,2026-01-18,2026-01-25,C00578,P0173,D015,North,Store,1,287.49,0.15
SL-01-00829,SO-01-00415,2026-01-27,2026-01-29,C00604,P0190,D001,East,Store,1,145.24,0
SL-01-00830,SO-01-00415,2026-01-15,2026-01-17,C00039,P0285,D088,North,Online,3,213.49,0.10
SL-01-00831,SO-01-00416,2026-01-27,2026-02-04,C00223,P0240,D099,North,Online,2,374.24,0.05
SL-01-00832,SO-01-00416,2026-01-21,2026-01-26,C00515,P0184,D074,Central,Online,3,77.74,0
SL-01-00833,SO-01-00417,2026-01-16,2026-01-17,C00887,P0186,D002,East,Partner,2,100.24,0
SL-01-00834,SO-01-00417,2026-01-17,2026-01-21,C00820,P0263,D092,North,Store,2,299.49,0.15
SL-01-00835,SO-01-00418,2026-01-08,2026-01-10,C00423,P0090,D005,North,Partner,5,354.24,0
SL-01-00836,SO-01-00418,2026-01-03,2026-01-07,C00088,P0038,D018,South,Online,4,102.74,0
SL-01-00837,SO-01-00419,2026-01-27,,C01051,P0117,D048,Central,Online,4,324.49,0
SL-01-00838,SO-01-00419,2026-01-03,2026-01-04,C01368,P0118,D024,East,Partner,2,335.74,0.15
SL-01-00839,SO-01-00420,2026-01-01,2026-01-08,C00143,P0133,D019,North,Partner,1,170.99,0.15
SL-01-00840,SO-01-00420,2026-01-18,2026-01-21,C01028,P0123,D110,South,Partner,5,58.49,0.10
SL-01-00841,SO-01-00421,2026-01-10,2026-01-12,C00525,P0158,D090,North,Store,1,118.74,0.15
SL-01-00842,SO-01-00421,2026-01-05,2026-01-06,C00558,P0150,D092,West,Store,1,362.24,0
SL-01-00843,SO-01-00422,2026-01-18,2026-01-24,C00220,P0215,D106,South,Online,3,92.99,0.05
SL-01-00844,SO-01-00422,2026-01-01,2026-01-07,C00115,P0060,D108,Central,Store,3,350.24,0.15
SL-01-00845,SO-01-00423,2026-01-13,2026-01-16,C00915,P0315,D098,South,Partner,5,217.49,0
SL-01-00846,SO-01-00423,2026-01-12,2026-01-13,C00156,P0323,D080,West,Online,3,307.49,0
SL-01-00847,SO-01-00424,2026-01-01,2026-01-07,C00979,P0197,D105,North,Online,3,223.99,0.05
SL-01-00848,SO-01-00424,2026-01-19,2026-01-23,C00088,P0326,D029,North,Online,2,341.24,0.15
SL-01-00849,SO-01-00425,2026-01-17,2026-01-22,C00692,P0133,D076,South,Store,4,170.99,0
SL-01-00850,SO-01-00425,2026-01-27,2026-01-29,C00525,P0201,D022,Central,Online,3,268.99,0.15
SL-01-00851,SO-01-00426,2026-01-30,2026-02-04,C00153,P0274,D031,West,Online,4,89.74,0.05
SL-01-00852,SO-01-00426,2026-01-26,2026-01-28,C00658,P0024,D020,East,Online,1,278.74,0.05
SL-01-00853,SO-01-00427,2026-01-08,2026-01-12,C00418,P0054,D039,North,Online,2,282.74,0
SL-01-00854,SO-01-00427,2026-01-19,2026-01-25,C00829,P0030,D043,South,Online,4,346.24,0.05
SL-01-00855,SO-01-00428,2026-01-22,2026-01-23,C00836,P0093,D041,West,Online,5,54.49,0
SL-01-00856,SO-01-00428,2026-01-08,2026-01-15,C00147,P0058,D086,Central,Partner,4,327.74,0
SL-01-00857,SO-01-00429,2026-01-20,2026-01-24,C00823,P0083,D003,East,Store,3,275.49,0.10
SL-01-00858,SO-01-00429,2026-01-26,2026-02-02,C00660,P0242,D008,West,Partner,5,63.24,0.05
SL-01-00859,SO-01-00430,2026-01-16,,C01014,P0227,D075,East,Store,2,227.99,0.05
SL-01-00860,SO-01-00430,2026-01-14,2026-01-20,C00497,P0186,D104,West,Online,3,100.24,0
SL-01-00861,SO-01-00431,2026-01-01,2026-01-04,C00762,P0091,D053,North,Store,5,31.99,0.15
SL-01-00862,SO-01-00431,2026-01-24,2026-01-30,C00443,P0232,D020,Central,Store,4,284.24,0.10
SL-01-00863,SO-01-00432,2026-01-25,2026-01-30,C00007,P0168,D013,North,Online,5,231.24,0
SL-01-00864,SO-01-00432,2026-01-31,2026-02-07,C00558,P0029,D103,South,Store,3,334.99,0.10
SL-01-00865,SO-01-00433,2026-01-06,2026-01-09,C00666,P0177,D010,Central,Partner,3,332.49,0.10
SL-01-00866,SO-01-00433,2026-01-27,2026-01-31,C00923,P0197,D019,West,Store,3,223.99,0.15
SL-01-00867,SO-01-00434,2026-01-08,2026-01-14,C01085,P0164,D056,West,Online,4,186.24,0
SL-01-00868,SO-01-00434,2026-01-13,2026-01-16,C00008,P0342,D008,West,Store,5,187.74,0.05
SL-01-00869,SO-01-00435,2026-01-09,2026-01-16,C01359,P0179,D021,South,Store,3,354.99,0.15
SL-01-00870,SO-01-00435,2026-01-21,2026-01-23,C00085,P0112,D065,North,Online,4,268.24,0.10
SL-01-00871,SO-01-00436,2026-01-07,2026-01-12,C00499,P0210,D052,North,Partner,2,370.24,0
SL-01-00872,SO-01-00436,2026-01-23,2026-01-25,C00889,P0276,D071,East,Online,4,112.24,0.05
SL-01-00873,SO-01-00437,2026-01-28,2026-01-29,C00467,P0183,D079,Central,Online,3,66.49,0.05
SL-01-00874,SO-01-00437,2026-01-03,2026-01-09,C00118,P0194,D066,Central,Online,4,190.24,0.05
SL-01-00875,SO-01-00438,2026-01-22,2026-01-25,C00105,P0277,D019,North,Partner,2,123.49,0
SL-01-00876,SO-01-00438,2026-01-04,2026-01-07,C00610,P0194,D017,East,Partner,5,190.24,0.15
SL-01-00877,SO-01-00439,2026-01-01,2026-01-09,C00070,P0169,D025,Central,Online,5,242.49,0
SL-01-00878,SO-01-00439,2026-01-22,2026-01-26,C00542,P0167,D105,Central,Partner,4,219.99,0.10
SL-01-00879,SO-01-00440,2026-01-24,2026-01-26,C00511,P0035,D024,North,Store,4,68.99,0
SL-01-00880,SO-01-00440,2026-01-29,2026-01-31,C01028,P0151,D061,South,Partner,4,39.99,0.15
SL-01-00881,SO-01-00441,2026-01-09,,C00097,P0028,D029,Central,Store,2,323.74,0
SL-01-00882,SO-01-00441,2026-01-17,2026-01-18,C01023,P0261,D059,East,Partner,3,276.99,0
SL-01-00883,SO-01-00442,2026-01-25,2026-01-30,C00751,P0094,D079,West,Partner,1,65.74,0
SL-01-00884,SO-01-00442,2026-01-16,2026-01-23,C00116,P0175,D055,South,Online,2,309.99,0.05
SL-01-00885,SO-01-00443,2026-01-26,2026-02-01,C00533,P0031,D095,West,Store,5,23.99,0
SL-01-00886,SO-01-00443,2026-01-08,2026-01-13,C00671,P0211,D031,West,Store,2,47.99,0.15
SL-01-00887,SO-01-00444,2026-01-01,2026-01-07,C00567,P0169,D005,West,Online,2,242.49,0.10
SL-01-00888,SO-01-00444,2026-01-05,2026-01-07,C00413,P0186,D019,West,Online,3,100.24,0.05
SL-01-00889,SO-01-00445,2026-01-20,2026-01-28,C00312,P0345,D076,North,Partner,4,221.49,0
SL-01-00890,SO-01-00445,2026-01-18,2026-01-24,C00220,P0204,D078,North,Partner,2,302.74,0.10
SL-01-00891,SO-01-00446,2026-01-12,2026-01-18,C00784,P0239,D007,North,Store,5,362.99,0.05
SL-01-00892,SO-01-00446,2026-01-26,2026-01-31,C00073,P0310,D106,East,Partner,2,161.24,0.15
SL-01-00893,SO-01-00447,2026-01-14,2026-01-22,C00637,P0338,D019,South,Store,4,142.74,0.05
SL-01-00894,SO-01-00447,2026-01-06,2026-01-07,C00630,P0143,D042,North,Partner,3,283.49,0
SL-01-00895,SO-01-00448,2026-01-08,2026-01-16,C00358,P0082,D033,Central,Online,2,264.24,0
SL-01-00896,SO-01-00448,2026-01-12,2026-01-18,C00564,P0359,D052,North,Online,1,378.99,0.10
SL-01-00897,SO-01-00449,2026-01-15,2026-01-22,C00092,P0056,D098,West,Online,3,305.24,0
SL-01-00898,SO-01-00449,2026-01-28,2026-02-03,C00165,P0036,D015,North,Partner,3,80.24,0.15
SL-01-00899,SO-01-00450,2026-01-11,2026-01-17,C00976,P0098,D052,West,Partner,5,110.74,0.15
SL-01-00900,SO-01-00450,2026-01-26,2026-01-27,C01370,P0040,D063,South,Store,2,125.24,0.15
SL-01-00901,SO-01-00451,2026-01-03,2026-01-04,C00150,P0069,D056,Central,Store,2,117.99,0.15
SL-01-00902,SO-01-00451,2026-01-31,2026-02-01,C00349,P0085,D086,East,Partner,2,297.99,0.05
SL-01-00903,SO-01-00452,2026-01-09,,C00647,P0002,D027,North,Partner,5,31.24,0.05
SL-01-00904,SO-01-00452,2026-01-30,2026-02-04,C00560,P0325,D042,East,Store,4,329.99,0.05
SL-01-00905,SO-01-00453,2026-01-03,2026-01-06,C00199,P0102,D066,East,Store,4,155.74,0.10
SL-01-00906,SO-01-00453,2026-01-29,2026-02-04,C00203,P0286,D106,South,Partner,5,224.74,0.15
SL-01-00907,SO-01-00454,2026-01-14,2026-01-22,C00767,P0344,D055,South,Store,4,210.24,0.15
SL-01-00908,SO-01-00454,2026-01-19,2026-01-23,C00074,P0183,D063,East,Partner,5,66.49,0.05
SL-01-00909,SO-01-00455,2026-01-08,2026-01-09,C00364,P0044,D038,East,Store,3,170.24,0
SL-01-00910,SO-01-00455,2026-01-17,2026-01-19,C00799,P0195,D078,East,Online,1,201.49,0
SL-01-00911,SO-01-00456,2026-01-06,2026-01-07,C00436,P0131,D043,East,Online,1,148.49,0
SL-01-00912,SO-01-00456,2026-01-27,2026-01-28,C00720,P0231,D031,North,Partner,5,272.99,0
SL-01-00913,SO-01-00457,2026-01-19,2026-01-23,C00316,P0339,D104,West,Online,5,153.99,0.15
SL-01-00914,SO-01-00457,2026-01-01,2026-01-04,C00881,P0178,D076,South,Online,4,343.74,0
SL-01-00915,SO-01-00458,2026-01-13,2026-01-14,C00041,P0243,D066,North,Online,4,74.49,0.05
SL-01-00916,SO-01-00458,2026-01-16,2026-01-21,C00165,P0313,D023,East,Online,3,194.99,0
SL-01-00917,SO-01-00459,2026-01-31,2026-02-05,C00792,P0017,D096,Central,Partner,1,199.99,0.05
SL-01-00918,SO-01-00459,2026-01-01,2026-01-03,C00315,P0014,D083,West,Partner,5,166.24,0.05
SL-01-00919,SO-01-00460,2026-01-16,2026-01-22,C00576,P0101,D077,East,Online,4,144.49,0.05
SL-01-00920,SO-01-00460,2026-01-01,2026-01-08,C01028,P0352,D096,North,Online,3,300.24,0.05
SL-01-00921,SO-01-00461,2026-01-02,2026-01-09,C00681,P0012,D022,East,Online,3,143.74,0
SL-01-00922,SO-01-00461,2026-01-24,2026-01-25,C01058,P0165,D003,Central,Store,1,197.49,0.05
SL-01-00923,SO-01-00462,2026-01-24,2026-01-28,C00524,P0303,D029,East,Online,3,82.49,0.10
SL-01-00924,SO-01-00462,2026-01-21,2026-01-29,C00582,P0219,D025,East,Partner,5,137.99,0.15
SL-01-00925,SO-01-00463,2026-01-05,,C00946,P0238,D068,West,Partner,3,351.74,0.10
SL-01-00926,SO-01-00463,2026-01-22,2026-01-23,C00240,P0127,D063,East,Online,5,103.49,0.10
SL-01-00927,SO-01-00464,2026-01-21,2026-01-22,C00415,P0267,D029,North,Store,1,344.49,0.10
SL-01-00928,SO-01-00464,2026-01-24,2026-01-25,C00442,P0211,D044,East,Partner,3,47.99,0.10
SL-01-00929,SO-01-00465,2026-01-29,2026-02-05,C00375,P0186,D004,Central,Partner,1,100.24,0.05
SL-01-00930,SO-01-00465,2026-01-18,2026-01-25,C01072,P0075,D032,South,Store,1,185.49,0.10
SL-01-00931,SO-01-00466,2026-01-17,2026-01-23,C01361,P0145,D105,North,Online,3,305.99,0.10
SL-01-00932,SO-01-00466,2026-01-31,2026-02-07,C00868,P0108,D025,East,Online,1,223.24,0.15
SL-01-00933,SO-01-00467,2026-01-17,2026-01-23,C01078,P0267,D057,North,Online,2,344.49,0.15
SL-01-00934,SO-01-00467,2026-01-19,2026-01-27,C00872,P0119,D013,West,Partner,1,346.99,0.15
SL-01-00935,SO-01-00468,2026-01-14,2026-01-22,C00716,P0265,D105,Central,Store,3,321.99,0.05
SL-01-00936,SO-01-00468,2026-01-23,2026-01-25,C00710,P0341,D011,East,Online,1,176.49,0.10
SL-01-00937,SO-01-00469,2026-01-30,2026-02-02,C00174,P0077,D037,South,Partner,5,207.99,0.05
SL-01-00938,SO-01-00469,2026-01-15,2026-01-18,C00611,P0167,D050,West,Online,4,219.99,0.15
SL-01-00939,SO-01-00470,2026-01-13,2026-01-19,C00031,P0035,D040,Central,Store,4,68.99,0.10
SL-01-00940,SO-01-00470,2026-01-05,2026-01-06,C00250,P0303,D045,Central,Online,4,82.49,0.15
SL-01-00941,SO-01-00471,2026-01-27,2026-02-04,C00193,P0308,D076,North,Store,5,138.74,0.15
SL-01-00942,SO-01-00471,2026-01-30,2026-02-04,C00879,P0280,D091,West,Online,4,157.24,0.15
SL-01-00943,SO-01-00472,2026-01-07,2026-01-11,C00582,P0066,D008,West,Partner,3,84.24,0
SL-01-00944,SO-01-00472,2026-01-06,2026-01-09,C00888,P0164,D061,Central,Online,3,186.24,0.15
SL-01-00945,SO-01-00473,2026-01-05,2026-01-11,C00284,P0057,D019,East,Store,2,316.49,0.10
SL-01-00946,SO-01-00473,2026-01-18,2026-01-24,C00961,P0169,D109,West,Partner,2,242.49,0.15
SL-01-00947,SO-01-00474,2026-01-30,,C00334,P0200,D056,Central,Partner,1,257.74,0.05
SL-01-00948,SO-01-00474,2026-01-30,2026-02-02,C01046,P0248,D051,West,Store,1,130.74,0.15
SL-01-00949,SO-01-00475,2026-01-09,2026-01-10,C01068,P0277,D010,West,Online,5,123.49,0.05
SL-01-00950,SO-01-00475,2026-01-15,2026-01-20,C00597,P0266,D003,East,Partner,2,333.24,0
SL-01-00951,SO-01-00476,2026-01-05,2026-01-06,C01077,P0304,D037,South,Online,1,93.74,0.10
SL-01-00952,SO-01-00476,2026-01-19,2026-01-22,C00143,P0140,D067,Central,Online,4,249.74,0.10
SL-01-00953,SO-01-00477,2026-01-03,2026-01-11,C00831,P0241,D013,Central,Store,1,51.99,0
SL-01-00954,SO-01-00477,2026-01-02,2026-01-06,C00227,P0244,D075,East,Partner,1,85.74,0.05
SL-01-00955,SO-01-00478,2026-01-06,2026-01-12,C00775,P0297,D099,East,Store,3,348.49,0.10
SL-01-00956,SO-01-00478,2026-01-04,2026-01-10,C00863,P0312,D028,Central,Store,3,183.74,0.10
SL-01-00957,SO-01-00479,2026-01-11,2026-01-14,C00894,P0002,D097,South,Online,2,31.24,0
SL-01-00958,SO-01-00479,2026-01-02,2026-01-04,C00026,P0241,D039,North,Online,2,51.99,0
SL-01-00959,SO-01-00480,2026-01-05,2026-01-09,C00871,P0019,D099,South,Partner,3,222.49,0.15
SL-01-00960,SO-01-00480,2026-01-06,2026-01-08,C00415,P0204,D003,North,Partner,1,302.74,0
SL-01-00961,SO-01-00481,2026-01-25,2026-02-02,C00885,P0322,D068,Central,Store,4,296.24,0
SL-01-00962,SO-01-00481,2026-01-21,2026-01-28,C01352,P0279,D090,South,Online,5,145.99,0.10
SL-01-00963,SO-01-00482,2026-01-28,2026-01-29,C00355,P0244,D109,South,Partner,3,85.74,0.05
SL-01-00964,SO-01-00482,2026-01-18,2026-01-21,C00097,P0058,D037,West,Store,3,327.74,0.10
SL-01-00965,SO-01-00483,2026-01-21,2026-01-27,C00514,P0197,D007,Central,Store,1,223.99,0.05
SL-01-00966,SO-01-00483,2026-01-22,2026-01-25,C00502,P0259,D002,West,Online,1,254.49,0.15
SL-01-00967,SO-01-00484,2026-01-01,2026-01-04,C00169,P0198,D013,South,Store,3,235.24,0.05
SL-01-00968,SO-01-00484,2026-01-02,2026-01-04,C00461,P0075,D006,North,Store,1,185.49,0.15
SL-01-00969,SO-01-00485,2026-01-21,,C00794,P0342,D018,South,Store,2,187.74,0.10
SL-01-00970,SO-01-00485,2026-01-07,2026-01-10,C00820,P0137,D058,Central,Partner,3,215.99,0.05
SL-01-00971,SO-01-00486,2026-01-24,2026-01-26,C00872,P0045,D080,West,Partner,4,181.49,0.10
SL-01-00972,SO-01-00486,2026-01-02,2026-01-08,C00217,P0150,D037,West,Store,2,362.24,0.15
SL-01-00973,SO-01-00487,2026-01-05,2026-01-06,C00508,P0194,D042,Central,Partner,5,190.24,0
SL-01-00974,SO-01-00487,2026-01-02,2026-01-04,C00325,P0134,D068,South,Store,5,182.24,0
SL-01-00975,SO-01-00488,2026-01-06,2026-01-09,C00086,P0336,D055,North,Online,4,120.24,0.10
SL-01-00976,SO-01-00488,2026-01-02,2026-01-04,C00791,P0329,D063,West,Store,5,374.99,0.05
SL-01-00977,SO-01-00489,2026-01-25,2026-01-31,C01065,P0311,D100,West,Store,5,172.49,0.05
SL-01-00978,SO-01-00489,2026-01-30,2026-02-03,C00741,P0170,D082,North,Partner,5,253.74,0.05
SL-01-00979,SO-01-00490,2026-01-10,2026-01-12,C00050,P0072,D011,East,Online,5,151.74,0.05
SL-01-00980,SO-01-00490,2026-01-30,2026-02-03,C00316,P0302,D004,East,Partner,1,71.24,0.15
SL-01-00981,SO-01-00491,2026-01-17,2026-01-23,C00258,P0294,D087,South,Partner,4,314.74,0.05
SL-01-00982,SO-01-00491,2026-01-05,2026-01-13,C00879,P0124,D102,Central,Online,5,69.74,0.05
SL-01-00983,SO-01-00492,2026-01-05,2026-01-06,C00947,P0187,D079,North,Online,2,111.49,0.15
SL-01-00984,SO-01-00492,2026-01-29,2026-02-04,C00898,P0008,D006,East,Partner,4,98.74,0.15
SL-01-00985,SO-01-00493,2026-01-12,2026-01-20,C00543,P0174,D112,Central,Partner,2,298.74,0.05
SL-01-00986,SO-01-00493,2026-01-17,2026-01-25,C00184,P0197,D104,South,Online,1,223.99,0.10
SL-01-00987,SO-01-00494,2026-01-02,2026-01-04,C00184,P0272,D005,East,Store,3,67.24,0.05
SL-01-00988,SO-01-00494,2026-01-02,2026-01-05,C00495,P0078,D037,West,Online,4,219.24,0.15
SL-01-00989,SO-01-00495,2026-01-04,2026-01-08,C00642,P0167,D048,Central,Online,1,219.99,0.05
SL-01-00990,SO-01-00495,2026-01-12,2026-01-14,C00223,P0003,D112,South,Online,1,42.49,0
SL-01-00991,SO-01-00496,2026-01-05,,C00367,P0294,D053,Central,Store,1,314.74,0
SL-01-00992,SO-01-00496,2026-01-14,2026-01-18,C00662,P0332,D074,North,Store,1,75.24,0.15
SL-01-00993,SO-01-00497,2026-01-10,2026-01-15,C01363,P0098,D048,Central,Partner,5,110.74,0
SL-01-00994,SO-01-00497,2026-01-27,2026-02-03,C00923,P0112,D060,North,Store,3,268.24,0.05
SL-01-00995,SO-01-00498,2026-01-10,2026-01-16,C00920,P0069,D038,West,Partner,5,117.99,0.05
SL-01-00996,SO-01-00498,2026-01-05,2026-01-07,C00279,P0057,D009,East,Online,1,316.49,0.15
SL-01-00997,SO-01-00499,2026-01-17,2026-01-25,C00206,P0162,D030,North,Store,4,163.74,0.05
SL-01-00998,SO-01-00499,2026-01-03,2026-01-04,C00844,P0066,D034,South,Partner,4,84.24,0
SL-01-00999,SO-01-00500,2026-01-15,2026-01-20,C00873,P0135,D111,East,Partner,5,193.49,0.10
SL-01-01000,SO-01-00500,2026-01-25,2026-02-01,C00728,P0252,D031,East,Partner,1,175.74,0.05
SL-01-01001,SO-01-00501,2026-01-18,2026-01-20,C00611,P0094,D087,South,Partner,5,65.74,0.15
SL-01-01002,SO-01-00501,2026-01-31,2026-02-08,C01097,P0180,D075,Central,Partner,2,366.24,0
SL-01-01003,SO-01-00502,2026-01-05,2026-01-13,C00538,P0274,D041,South,Store,1,89.74,0.10
SL-01-01004,SO-01-00502,2026-01-28,2026-02-05,C00546,P0085,D079,North,Online,1,297.99,0.10
SL-01-01005,SO-01-00503,2026-01-26,2026-02-03,C01042,P0243,D079,West,Partner,2,74.49,0.05
SL-01-01006,SO-01-00503,2026-01-09,2026-01-14,C00067,P0293,D085,West,Store,2,303.49,0.15
SL-01-01007,SO-01-00504,2026-01-27,2026-01-31,C00148,P0242,D071,North,Partner,2,63.24,0.10
SL-01-01008,SO-01-00504,2026-01-30,2026-02-01,C00180,P0064,D070,South,Partner,2,61.74,0
SL-01-01009,SO-01-00505,2026-01-30,2026-02-01,C00810,P0326,D091,Central,Partner,4,341.24,0.10
SL-01-01010,SO-01-00505,2026-01-12,2026-01-19,C00871,P0016,D068,South,Store,1,188.74,0.05
SL-01-01011,SO-01-00506,2026-01-17,2026-01-20,C00447,P0071,D052,South,Store,1,140.49,0.05
SL-01-01012,SO-01-00506,2026-01-03,2026-01-06,C00410,P0141,D089,North,Partner,3,260.99,0.15
SL-01-01013,SO-01-00507,2026-01-22,,C00217,P0127,D064,South,Store,2,103.49,0.05
SL-01-01014,SO-01-00507,2026-01-02,2026-01-04,C00825,P0189,D034,Central,Store,1,133.99,0.10
SL-01-01015,SO-01-00508,2026-01-09,2026-01-13,C00782,P0309,D002,Central,Store,5,149.99,0.10
SL-01-01016,SO-01-00508,2026-01-14,2026-01-21,C00542,P0093,D066,West,Partner,2,54.49,0.10
SL-01-01017,SO-01-00509,2026-01-22,2026-01-25,C00318,P0268,D009,South,Partner,1,355.74,0.15
SL-01-01018,SO-01-00509,2026-01-19,2026-01-26,C00775,P0333,D016,East,Partner,1,86.49,0
SL-01-01019,SO-01-00510,2026-01-22,2026-01-24,C00317,P0040,D022,West,Partner,3,125.24,0
SL-01-01020,SO-01-00510,2026-01-12,2026-01-14,C00069,P0088,D014,West,Online,1,331.74,0.05
SL-01-01021,SO-01-00511,2026-01-25,2026-01-28,C00636,P0039,D032,South,Store,1,113.99,0.05
SL-01-01022,SO-01-00511,2026-01-01,2026-01-02,C00250,P0342,D022,West,Store,3,187.74,0.05
SL-01-01023,SO-01-00512,2026-01-25,2026-02-01,C01020,P0077,D099,Central,Store,4,207.99,0.15
SL-01-01024,SO-01-00512,2026-01-14,2026-01-16,C01354,P0294,D102,Central,Online,2,314.74,0.15
SL-01-01025,SO-01-00513,2026-01-03,2026-01-07,C00750,P0083,D056,North,Online,3,275.49,0.10
SL-01-01026,SO-01-00513,2026-01-31,2026-02-05,C00998,P0114,D084,Central,Store,4,290.74,0.15
SL-01-01027,SO-01-00514,2026-01-27,2026-02-03,C00164,P0016,D022,Central,Store,1,188.74,0.10
SL-01-01028,SO-01-00514,2026-01-16,2026-01-22,C00106,P0119,D020,North,Online,3,346.99,0.15
SL-01-01029,SO-01-00515,2026-01-30,2026-02-06,C00628,P0061,D024,North,Store,4,27.99,0
SL-01-01030,SO-01-00515,2026-01-01,2026-01-05,C00927,P0199,D050,North,Store,5,246.49,0
SL-01-01031,SO-01-00516,2026-01-28,2026-02-05,C00809,P0004,D090,West,Online,5,53.74,0.05
SL-01-01032,SO-01-00516,2026-01-20,2026-01-25,C00903,P0357,D065,North,Online,1,356.49,0
SL-01-01033,SO-01-00517,2026-01-01,2026-01-09,C00881,P0326,D084,South,Partner,2,341.24,0.15
SL-01-01034,SO-01-00517,2026-01-10,2026-01-12,C00879,P0334,D089,Central,Online,3,97.74,0.10
SL-01-01035,SO-01-00518,2026-01-06,,C00590,P0089,D092,South,Online,2,342.99,0.10
SL-01-01036,SO-01-00518,2026-01-03,2026-01-11,C00229,P0227,D093,Central,Store,4,227.99,0.15
SL-01-01037,SO-01-00519,2026-01-13,2026-01-18,C00221,P0167,D029,North,Store,2,219.99,0
SL-01-01038,SO-01-00519,2026-01-25,2026-01-27,C00111,P0160,D025,South,Partner,2,141.24,0.10
SL-01-01039,SO-01-00520,2026-01-11,2026-01-12,C00788,P0277,D083,South,Online,1,123.49,0
SL-01-01040,SO-01-00520,2026-01-13,2026-01-16,C00267,P0267,D001,West,Online,2,344.49,0.05
SL-01-01041,SO-01-00521,2026-01-15,2026-01-20,C01072,P0311,D071,West,Partner,5,172.49,0.15
SL-01-01042,SO-01-00521,2026-01-27,2026-01-31,C00143,P0310,D032,East,Partner,1,161.24,0.15
SL-01-01043,SO-01-00522,2026-01-30,2026-02-06,C00659,P0243,D088,Central,Store,3,74.49,0.10
SL-01-01044,SO-01-00522,2026-01-27,2026-02-01,C01011,P0086,D003,East,Partner,3,309.24,0.05
SL-01-01045,SO-01-00523,2026-01-29,2026-02-03,C00369,P0152,D049,South,Store,1,51.24,0.15
SL-01-01046,SO-01-00523,2026-01-09,2026-01-17,C00959,P0196,D111,North,Partner,4,212.74,0.05
SL-01-01047,SO-01-00524,2026-01-22,2026-01-29,C00580,P0059,D053,East,Online,5,338.99,0.10
SL-01-01048,SO-01-00524,2026-01-13,2026-01-16,C00764,P0213,D047,West,Partner,2,70.49,0
SL-01-01049,SO-01-00525,2026-01-22,2026-01-24,C00374,P0312,D076,Central,Store,3,183.74,0.05
SL-01-01050,SO-01-00525,2026-01-02,2026-01-09,C00496,P0255,D053,Central,Store,2,209.49,0.05
SL-01-01051,SO-01-00526,2026-01-05,2026-01-10,C00181,P0295,D015,North,Store,3,325.99,0
SL-01-01052,SO-01-00526,2026-01-08,2026-01-11,C00333,P0100,D088,Central,Store,5,133.24,0.10
SL-01-01053,SO-01-00527,2026-01-06,2026-01-13,C00611,P0329,D028,West,Partner,1,374.99,0.10
SL-01-01054,SO-01-00527,2026-01-06,2026-01-10,C00827,P0092,D052,West,Partner,4,43.24,0.15
SL-01-01055,SO-01-00528,2026-01-11,2026-01-12,C01365,P0126,D108,West,Online,5,92.24,0.15
SL-01-01056,SO-01-00528,2026-01-05,2026-01-13,C00477,P0331,D090,North,Partner,4,63.99,0.10
SL-01-01057,SO-01-00529,2026-01-09,,C00520,P0166,D088,South,Online,5,208.74,0
SL-01-01058,SO-01-00529,2026-01-04,2026-01-10,C00845,P0027,D112,Central,Partner,3,312.49,0.15
SL-01-01059,SO-01-00530,2026-01-02,2026-01-04,C00805,P0153,D019,West,Store,4,62.49,0
SL-01-01060,SO-01-00530,2026-01-16,2026-01-24,C00046,P0111,D092,South,Online,5,256.99,0
SL-01-01061,SO-01-00531,2026-01-19,2026-01-20,C00913,P0317,D027,East,Partner,1,239.99,0.05
SL-01-01062,SO-01-00531,2026-01-14,2026-01-20,C00547,P0065,D107,West,Store,3,72.99,0.05
SL-01-01063,SO-01-00532,2026-01-30,2026-02-03,C00648,P0081,D053,Central,Online,3,252.99,0.05
SL-01-01064,SO-01-00532,2026-01-01,2026-01-05,C00965,P0017,D038,Central,Partner,1,199.99,0.10
SL-01-01065,SO-01-00533,2026-01-21,2026-01-28,C00318,P0280,D105,West,Online,5,157.24,0
SL-01-01066,SO-01-00533,2026-01-17,2026-01-18,C00837,P0161,D083,East,Partner,2,152.49,0.05
SL-01-01067,SO-01-00534,2026-01-06,2026-01-10,C00354,P0298,D046,Central,Partner,4,359.74,0
SL-01-01068,SO-01-00534,2026-01-20,2026-01-26,C00354,P0314,D014,East,Partner,2,206.24,0.10
SL-01-01069,SO-01-00535,2026-01-20,2026-01-25,C00790,P0201,D045,North,Store,4,268.99,0
SL-01-01070,SO-01-00535,2026-01-20,2026-01-23,C00281,P0036,D057,East,Partner,5,80.24,0.15
SL-01-01071,SO-01-00536,2026-01-29,2026-01-30,C00183,P0075,D013,North,Partner,1,185.49,0.10
SL-01-01072,SO-01-00536,2026-01-15,2026-01-19,C01025,P0345,D099,West,Partner,5,221.49,0
SL-01-01073,SO-01-00537,2026-01-17,2026-01-25,C00820,P0107,D095,West,Partner,3,211.99,0.15
SL-01-01074,SO-01-00537,2026-01-28,2026-02-04,C00365,P0021,D100,West,Store,5,244.99,0.10
SL-01-01075,SO-01-00538,2026-01-02,2026-01-05,C00620,P0133,D036,Central,Partner,3,170.99,0
SL-01-01076,SO-01-00538,2026-01-21,2026-01-24,C00277,P0257,D096,North,Online,4,231.99,0.10
SL-01-01077,SO-01-00539,2026-01-12,2026-01-16,C01086,P0065,D064,West,Online,3,72.99,0
SL-01-01078,SO-01-00539,2026-01-11,2026-01-12,C00260,P0264,D092,South,Store,1,310.74,0.10
SL-01-01079,SO-01-00540,2026-01-12,,C00387,P0207,D030,South,Partner,3,336.49,0.05
SL-01-01080,SO-01-00540,2026-01-18,2026-01-21,C00786,P0299,D064,West,Store,5,370.99,0.10
SL-01-01081,SO-01-00541,2026-01-10,2026-01-18,C00590,P0293,D012,West,Partner,4,303.49,0
SL-01-01082,SO-01-00541,2026-01-06,2026-01-08,C00165,P0153,D028,South,Store,5,62.49,0.05
SL-01-01083,SO-01-00542,2026-01-10,2026-01-15,C00864,P0252,D102,East,Partner,1,175.74,0
SL-01-01084,SO-01-00542,2026-01-30,2026-02-01,C00189,P0187,D047,South,Online,4,111.49,0
SL-01-01085,SO-01-00543,2026-01-28,2026-02-05,C00718,P0018,D064,North,Online,5,211.24,0.05
SL-01-01086,SO-01-00543,2026-01-09,2026-01-17,C01356,P0249,D062,East,Store,5,141.99,0.10
SL-01-01087,SO-01-00544,2026-01-13,2026-01-17,C00176,P0034,D020,North,Partner,3,57.74,0.05
SL-01-01088,SO-01-00544,2026-01-21,2026-01-27,C00641,P0142,D091,West,Online,4,272.24,0
SL-01-01089,SO-01-00545,2026-01-02,2026-01-06,C00241,P0077,D061,Central,Partner,4,207.99,0.15
SL-01-01090,SO-01-00545,2026-01-05,2026-01-07,C00095,P0115,D015,South,Online,5,301.99,0.05
SL-01-01091,SO-01-00546,2026-01-14,2026-01-22,C00111,P0084,D093,North,Partner,5,286.74,0
SL-01-01092,SO-01-00546,2026-01-11,2026-01-14,C00285,P0101,D105,North,Partner,1,144.49,0.10
SL-01-01093,SO-01-00547,2026-01-19,2026-01-26,C00036,P0112,D047,East,Partner,4,268.24,0
SL-01-01094,SO-01-00547,2026-01-05,2026-01-09,C00267,P0279,D026,Central,Store,2,145.99,0.05
SL-01-01095,SO-01-00548,2026-01-02,2026-01-03,C00666,P0312,D012,Central,Partner,1,183.74,0.15
SL-01-01096,SO-01-00548,2026-01-26,2026-01-27,C00974,P0158,D013,Central,Partner,5,118.74,0.15
SL-01-01097,SO-01-00549,2026-01-30,2026-02-06,C00768,P0039,D028,West,Online,1,113.99,0.10
SL-01-01098,SO-01-00549,2026-01-11,2026-01-13,C00963,P0301,D039,Central,Partner,5,59.99,0.10
SL-01-01099,SO-01-00550,2026-01-26,2026-01-28,C00975,P0226,D082,South,Partner,4,216.74,0.05
SL-01-01100,SO-01-00550,2026-01-05,2026-01-08,C00876,P0291,D043,North,Online,1,280.99,0
SL-01-01101,SO-01-00551,2026-01-04,,C00990,P0338,D083,Central,Online,1,142.74,0.05
SL-01-01102,SO-01-00551,2026-01-24,2026-01-28,C00410,P0010,D087,Central,Partner,1,121.24,0
SL-01-01103,SO-01-00552,2026-01-29,2026-02-03,C00629,P0055,D089,Central,Online,1,293.99,0.10
SL-01-01104,SO-01-00552,2026-01-28,2026-02-05,C00434,P0294,D007,South,Online,2,314.74,0.15
SL-01-01105,SO-01-00553,2026-01-06,2026-01-08,C00412,P0318,D059,East,Store,3,251.24,0.10
SL-01-01106,SO-01-00553,2026-01-19,2026-01-22,C00724,P0217,D061,East,Store,4,115.49,0.15
SL-01-01107,SO-01-00554,2026-01-02,2026-01-06,C00079,P0272,D047,West,Online,2,67.24,0.10
SL-01-01108,SO-01-00554,2026-01-01,2026-01-05,C00594,P0101,D075,Central,Partner,5,144.49,0
SL-01-01109,SO-01-00555,2026-01-04,2026-01-07,C00221,P0075,D005,Central,Partner,4,185.49,0
SL-01-01110,SO-01-00555,2026-01-08,2026-01-10,C00307,P0284,D072,East,Store,3,202.24,0.05
SL-01-01111,SO-01-00556,2026-01-30,2026-02-01,C00361,P0103,D061,West,Store,4,166.99,0
SL-01-01112,SO-01-00556,2026-01-11,2026-01-19,C00979,P0196,D050,East,Online,2,212.74,0.15
SL-01-01113,SO-01-00557,2026-01-10,2026-01-17,C01043,P0081,D058,East,Online,1,252.99,0.10
SL-01-01114,SO-01-00557,2026-01-20,2026-01-23,C00616,P0009,D068,West,Online,5,109.99,0.15
SL-01-01115,SO-01-00558,2026-01-21,2026-01-24,C00307,P0350,D063,Central,Store,3,277.74,0.10
SL-01-01116,SO-01-00558,2026-01-19,2026-01-24,C01032,P0266,D020,Central,Partner,4,333.24,0.10
SL-01-01117,SO-01-00559,2026-01-15,2026-01-21,C01367,P0328,D048,East,Online,1,363.74,0.05
SL-01-01118,SO-01-00559,2026-01-21,2026-01-29,C00951,P0072,D020,Central,Store,1,151.74,0.10
SL-01-01119,SO-01-00560,2026-01-14,2026-01-22,C00903,P0271,D013,Central,Partner,4,55.99,0.15
SL-01-01120,SO-01-00560,2026-01-04,2026-01-11,C00058,P0273,D014,Central,Online,3,78.49,0.05
SL-01-01121,SO-01-00561,2026-01-07,2026-01-10,C00763,P0059,D006,West,Store,1,338.99,0.10
SL-01-01122,SO-01-00561,2026-01-25,2026-01-27,C00012,P0068,D019,Central,Store,1,106.74,0.05
SL-01-01123,SO-01-00562,2026-01-12,,C00960,P0293,D014,West,Store,1,303.49,0
SL-01-01124,SO-01-00562,2026-01-04,2026-01-06,C00099,P0105,D004,North,Partner,3,189.49,0.15
SL-01-01125,SO-01-00563,2026-01-07,2026-01-15,C00628,P0084,D025,Central,Partner,1,286.74,0.10
SL-01-01126,SO-01-00563,2026-01-20,2026-01-28,C00716,P0144,D112,South,Online,2,294.74,0.05
SL-01-01127,SO-01-00564,2026-01-27,2026-02-04,C00930,P0261,D005,South,Online,5,276.99,0.05
SL-01-01128,SO-01-00564,2026-01-20,2026-01-26,C00745,P0319,D079,Central,Online,2,262.49,0
SL-01-01129,SO-01-00565,2026-01-27,2026-02-02,C00035,P0176,D099,North,Online,3,321.24,0.05
SL-01-01130,SO-01-00565,2026-01-19,2026-01-23,C00927,P0014,D057,South,Online,1,166.24,0.10
SL-01-01131,SO-01-00566,2026-01-31,2026-02-04,C00726,P0150,D064,Central,Partner,1,362.24,0
SL-01-01132,SO-01-00566,2026-01-07,2026-01-08,C01021,P0147,D052,North,Online,3,328.49,0
SL-01-01133,SO-01-00567,2026-01-16,2026-01-23,C00746,P0110,D056,North,Online,2,245.74,0.15
SL-01-01134,SO-01-00567,2026-01-11,2026-01-19,C00144,P0325,D025,East,Online,5,329.99,0.15
SL-01-01135,SO-01-00568,2026-01-10,2026-01-17,C00055,P0359,D049,West,Store,1,378.99,0.10
SL-01-01136,SO-01-00568,2026-01-05,2026-01-10,C00694,P0355,D066,West,Partner,4,333.99,0
SL-01-01137,SO-01-00569,2026-01-26,2026-02-03,C00297,P0107,D080,West,Online,3,211.99,0.15
SL-01-01138,SO-01-00569,2026-01-28,2026-02-02,C00140,P0050,D062,Central,Partner,4,237.74,0.10
SL-01-01139,SO-01-00570,2026-01-24,2026-01-27,C01074,P0154,D026,South,Online,4,73.74,0.05
SL-01-01140,SO-01-00570,2026-01-24,2026-01-27,C00931,P0042,D040,West,Store,5,147.74,0
SL-01-01141,SO-01-00571,2026-01-19,2026-01-21,C00074,P0002,D099,North,Partner,3,31.24,0.10
SL-01-01142,SO-01-00571,2026-01-06,2026-01-09,C01084,P0147,D097,East,Partner,3,328.49,0
SL-01-01143,SO-01-00572,2026-01-11,2026-01-12,C00614,P0155,D111,South,Online,5,84.99,0.10
SL-01-01144,SO-01-00572,2026-01-28,2026-02-05,C00891,P0224,D107,East,Online,4,194.24,0
SL-01-01145,SO-01-00573,2026-01-23,,C00083,P0330,D042,East,Partner,1,386.24,0.10
SL-01-01146,SO-01-00573,2026-01-02,2026-01-10,C00903,P0228,D023,South,Online,5,239.24,0.10
SL-01-01147,SO-01-00574,2026-01-29,2026-02-02,C00943,P0261,D109,West,Store,1,276.99,0.05
SL-01-01148,SO-01-00574,2026-01-16,2026-01-24,C01358,P0108,D097,North,Partner,5,223.24,0.10
SL-01-01149,SO-01-00575,2026-01-01,2026-01-04,C00825,P0300,D084,East,Partner,1,382.24,0
SL-01-01150,SO-01-00575,2026-01-11,2026-01-15,C00630,P0104,D089,East,Online,5,178.24,0
SL-01-01151,SO-01-00576,2026-01-09,2026-01-12,C00033,P0073,D043,South,Online,1,162.99,0.10
SL-01-01152,SO-01-00576,2026-01-03,2026-01-08,C00336,P0163,D069,Central,Store,4,174.99,0.05
SL-01-01153,SO-01-00577,2026-01-27,2026-01-29,C00040,P0158,D053,North,Partner,5,118.74,0.05
SL-01-01154,SO-01-00577,2026-01-15,2026-01-16,C00954,P0350,D020,East,Store,4,277.74,0.10
SL-01-01155,SO-01-00578,2026-01-06,2026-01-08,C00116,P0262,D030,South,Store,3,288.24,0.10
SL-01-01156,SO-01-00578,2026-01-24,2026-01-30,C01058,P0338,D031,North,Store,1,142.74,0
SL-01-01157,SO-01-00579,2026-01-14,2026-01-20,C00144,P0097,D007,East,Online,3,99.49,0.15
SL-01-01158,SO-01-00579,2026-01-27,2026-02-02,C00233,P0094,D074,Central,Store,3,65.74,0.05
SL-01-01159,SO-01-00580,2026-01-14,2026-01-16,C00659,P0216,D076,South,Partner,4,104.24,0.15
SL-01-01160,SO-01-00580,2026-01-25,2026-01-26,C00613,P0201,D029,North,Partner,4,268.99,0.15
SL-01-01161,SO-01-00581,2026-01-27,2026-01-29,C01020,P0216,D094,East,Store,2,104.24,0.15
SL-01-01162,SO-01-00581,2026-01-29,2026-02-05,C00129,P0117,D030,East,Online,1,324.49,0
SL-01-01163,SO-01-00582,2026-01-31,2026-02-05,C00144,P0059,D032,North,Online,4,338.99,0.15
SL-01-01164,SO-01-00582,2026-01-05,2026-01-07,C00070,P0280,D078,Central,Store,5,157.24,0.05
SL-01-01165,SO-01-00583,2026-01-12,2026-01-15,C00366,P0315,D107,South,Partner,5,217.49,0.15
SL-01-01166,SO-01-00583,2026-01-23,2026-01-26,C00184,P0293,D032,East,Partner,3,303.49,0.05
SL-01-01167,SO-01-00584,2026-01-12,,C00565,P0230,D059,South,Store,5,261.74,0.15
SL-01-01168,SO-01-00584,2026-01-23,2026-01-25,C00426,P0233,D023,Central,Store,2,295.49,0.10
SL-01-01169,SO-01-00585,2026-01-07,2026-01-08,C00975,P0243,D051,South,Online,4,74.49,0.05
SL-01-01170,SO-01-00585,2026-01-22,2026-01-29,C00521,P0001,D027,North,Online,1,19.99,0.05
SL-01-01171,SO-01-00586,2026-01-20,2026-01-26,C00373,P0127,D001,North,Partner,3,103.49,0.15
SL-01-01172,SO-01-00586,2026-01-04,2026-01-06,C00549,P0198,D058,South,Store,5,235.24,0
SL-01-01173,SO-01-00587,2026-01-09,2026-01-14,C00213,P0257,D103,East,Partner,5,231.99,0.10
SL-01-01174,SO-01-00587,2026-01-10,2026-01-18,C00958,P0232,D089,West,Partner,3,284.24,0
SL-01-01175,SO-01-00588,2026-01-25,2026-01-26,C00449,P0128,D064,South,Online,5,114.74,0.10
SL-01-01176,SO-01-00588,2026-01-09,2026-01-16,C00147,P0328,D059,North,Online,3,363.74,0.15
SL-01-01177,SO-01-00589,2026-01-22,2026-01-23,C00729,P0012,D030,North,Partner,5,143.74,0.15
SL-01-01178,SO-01-00589,2026-01-26,2026-02-02,C00169,P0218,D061,West,Online,2,126.74,0.15
SL-01-01179,SO-01-00590,2026-01-02,2026-01-08,C01369,P0262,D057,East,Store,1,288.24,0
SL-01-01180,SO-01-00590,2026-01-10,2026-01-11,C00988,P0092,D045,East,Store,3,43.24,0.05
SL-01-01181,SO-01-00591,2026-01-20,2026-01-27,C00364,P0306,D104,Central,Partner,5,116.24,0.15
SL-01-01182,SO-01-00591,2026-01-26,2026-01-31,C00325,P0326,D085,Central,Store,3,341.24,0.10
SL-01-01183,SO-01-00592,2026-01-21,2026-01-25,C00254,P0132,D017,South,Online,5,159.74,0.10
SL-01-01184,SO-01-00592,2026-01-24,2026-01-25,C00080,P0113,D034,Central,Partner,4,279.49,0.10
SL-01-01185,SO-01-00593,2026-01-19,2026-01-22,C00384,P0238,D029,West,Partner,2,351.74,0.15
SL-01-01186,SO-01-00593,2026-01-03,2026-01-05,C00549,P0214,D032,West,Store,1,81.74,0
SL-01-01187,SO-01-00594,2026-01-13,2026-01-20,C00787,P0151,D103,North,Online,5,39.99,0.15
SL-01-01188,SO-01-00594,2026-01-10,2026-01-17,C00192,P0124,D076,West,Online,3,69.74,0.05
SL-01-01189,SO-01-00595,2026-01-30,,C00345,P0198,D056,North,Partner,5,235.24,0.10
SL-01-01190,SO-01-00595,2026-01-03,2026-01-10,C01099,P0278,D036,West,Online,3,134.74,0.15
SL-01-01191,SO-01-00596,2026-01-04,2026-01-10,C00819,P0083,D018,Central,Online,2,275.49,0.15
SL-01-01192,SO-01-00596,2026-01-24,2026-01-29,C00138,P0128,D090,East,Online,5,114.74,0.15
SL-01-01193,SO-01-00597,2026-01-04,2026-01-09,C00622,P0152,D045,South,Store,5,51.24,0.10
SL-01-01194,SO-01-00597,2026-01-23,2026-01-27,C00437,P0255,D034,Central,Partner,2,209.49,0
SL-01-01195,SO-01-00598,2026-01-10,2026-01-18,C00301,P0305,D083,South,Partner,1,104.99,0
SL-01-01196,SO-01-00598,2026-01-17,2026-01-23,C00688,P0329,D109,North,Online,1,374.99,0
SL-01-01197,SO-01-00599,2026-01-04,2026-01-10,C00298,P0191,D101,West,Store,4,156.49,0.15
SL-01-01198,SO-01-00599,2026-01-05,2026-01-10,C01060,P0193,D103,South,Partner,3,178.99,0.05
SL-01-01199,SO-01-00600,2026-01-26,2026-02-01,C00684,P0336,D109,South,Online,1,120.24,0
SL-01-01200,SO-01-00600,2026-01-21,2026-01-22,C00951,P0103,D005,East,Partner,1,166.99,0.15
