OrderLineID,OrderID,OrderDateText,ShippedDateText,CustomerID,ProductID,DepartmentID,Region,SalesChannel,Quantity,UnitPriceGBP,DiscountPct
SL-04-00001,SO-04-00001,2026-04-13,,C01351,P0054,D014,East,Partner,4,282.74,0
SL-04-00002,SO-04-00001,2026-04-30,2026-05-03,C00704,P0257,D079,West,Partner,5,231.99,0
SL-04-00003,SO-04-00002,2026-04-21,2026-04-22,C00043,P0011,D052,East,Store,5,132.49,0.05
SL-04-00004,SO-04-00002,2026-04-15,2026-04-21,C00444,P0146,D090,East,Online,4,317.24,0.05
SL-04-00005,SO-04-00003,2026-04-23,2026-05-01,C00535,P0273,D053,Central,Partner,3,78.49,0.15
SL-04-00006,SO-04-00003,2026-04-06,2026-04-09,C00899,P0070,D060,South,Store,2,129.24,0.15
SL-04-00007,SO-04-00004,2026-04-14,2026-04-22,C00130,P0187,D054,Central,Online,5,111.49,0
SL-04-00008,SO-04-00004,2026-04-18,2026-04-23,C00481,P0177,D026,East,Store,1,332.49,0.10
SL-04-00009,SO-04-00005,2026-04-09,2026-04-14,C01051,P0178,D095,North,Store,4,343.74,0
SL-04-00010,SO-04-00005,2026-04-09,2026-04-13,C00981,P0182,D079,Central,Online,2,55.24,0.15
SL-04-00011,SO-04-00006,2026-04-25,2026-04-29,C00298,P0325,D024,East,Online,5,329.99,0
SL-04-00012,SO-04-00006,2026-04-11,2026-04-13,C00450,P0152,D017,East,Online,4,51.24,0.05
SL-04-00013,SO-04-00007,2026-04-02,2026-04-05,C00478,P0246,D102,West,Partner,4,108.24,0.10
SL-04-00014,SO-04-00007,2026-04-19,2026-04-20,C00101,P0185,D042,West,Partner,3,88.99,0.15
SL-04-00015,SO-04-00008,2026-04-21,2026-04-29,C00522,P0183,D029,East,Partner,4,66.49,0
SL-04-00016,SO-04-00008,2026-04-27,2026-05-04,C01060,P0246,D104,North,Online,5,108.24,0
SL-04-00017,SO-04-00009,2026-04-24,2026-05-02,C00913,P0200,D108,West,Online,2,257.74,0.05
SL-04-00018,SO-04-00009,2026-04-14,2026-04-15,C00145,P0237,D061,East,Online,5,340.49,0.15
SL-04-00019,SO-04-00010,2026-04-06,2026-04-10,C00828,P0352,D056,Central,Partner,1,300.24,0.15
SL-04-00020,SO-04-00010,2026-04-29,2026-05-04,C00744,P0351,D034,East,Online,3,288.99,0.05
SL-04-00021,SO-04-00011,2026-04-05,2026-04-09,C00404,P0259,D048,West,Partner,5,254.49,0.15
SL-04-00022,SO-04-00011,2026-04-28,2026-05-02,C00472,P0160,D099,South,Online,2,141.24,0.15
SL-04-00023,SO-04-00012,2026-04-29,,C00622,P0250,D074,East,Partner,5,153.24,0
SL-04-00024,SO-04-00012,2026-04-17,2026-04-24,C00019,P0133,D043,South,Store,2,170.99,0.05
SL-04-00025,SO-04-00013,2026-04-22,2026-04-30,C00213,P0069,D028,North,Online,2,117.99,0.15
SL-04-00026,SO-04-00013,2026-04-18,2026-04-19,C00743,P0130,D084,West,Partner,3,137.24,0
SL-04-00027,SO-04-00014,2026-04-20,2026-04-22,C00484,P0200,D007,South,Store,2,257.74,0
SL-04-00028,SO-04-00014,2026-04-09,2026-04-12,C00791,P0059,D055,West,Online,3,338.99,0.15
SL-04-00029,SO-04-00015,2026-04-30,2026-05-01,C00342,P0216,D051,East,Store,1,104.24,0.10
SL-04-00030,SO-04-00015,2026-04-04,2026-04-12,C00672,P0094,D038,West,Store,4,65.74,0.05
SL-04-00031,SO-04-00016,2026-04-15,2026-04-18,C00165,P0097,D063,South,Store,4,99.49,0.15
SL-04-00032,SO-04-00016,2026-04-27,2026-04-28,C01362,P0013,D100,South,Partner,2,154.99,0.05
SL-04-00033,SO-04-00017,2026-04-05,2026-04-07,C00129,P0334,D046,West,Online,4,97.74,0
SL-04-00034,SO-04-00017,2026-04-10,2026-04-12,C00599,P0254,D059,East,Online,4,198.24,0.05
SL-04-00035,SO-04-00018,2026-04-28,2026-05-05,C00239,P0328,D070,North,Partner,1,363.74,0.15
SL-04-00036,SO-04-00018,2026-04-26,2026-05-01,C00644,P0272,D040,South,Partner,2,67.24,0
SL-04-00037,SO-04-00019,2026-04-21,2026-04-25,C00900,P0165,D041,East,Partner,3,197.49,0.05
SL-04-00038,SO-04-00019,2026-04-30,2026-05-03,C00896,P0238,D065,South,Store,4,351.74,0.15
SL-04-00039,SO-04-00020,2026-04-18,2026-04-22,C00061,P0332,D063,East,Online,4,75.24,0.05
SL-04-00040,SO-04-00020,2026-04-30,2026-05-01,C00266,P0252,D011,South,Partner,2,175.74,0
SL-04-00041,SO-04-00021,2026-04-01,2026-04-04,C00927,P0147,D103,East,Online,1,328.49,0
SL-04-00042,SO-04-00021,2026-04-10,2026-04-12,C00131,P0294,D006,West,Store,2,314.74,0.15
SL-04-00043,SO-04-00022,2026-04-27,2026-05-02,C00847,P0214,D094,North,Store,4,81.74,0
SL-04-00044,SO-04-00022,2026-04-14,2026-04-20,C01096,P0227,D012,West,Partner,1,227.99,0.10
SL-04-00045,SO-04-00023,2026-04-16,,C00444,P0248,D067,Central,Partner,4,130.74,0.05
SL-04-00046,SO-04-00023,2026-04-22,2026-04-29,C00947,P0013,D082,North,Online,3,154.99,0.15
SL-04-00047,SO-04-00024,2026-04-25,2026-04-28,C00050,P0029,D013,South,Online,3,334.99,0.05
SL-04-00048,SO-04-00024,2026-04-27,2026-04-28,C00188,P0216,D092,Central,Partner,2,104.24,0.10
SL-04-00049,SO-04-00025,2026-04-26,2026-04-30,C00366,P0043,D100,South,Online,3,158.99,0.05
SL-04-00050,SO-04-00025,2026-04-02,2026-04-08,C00777,P0123,D103,Central,Partner,4,58.49,0.10
SL-04-00051,SO-04-00026,2026-04-09,2026-04-16,C00337,P0213,D036,East,Partner,1,70.49,0.05
SL-04-00052,SO-04-00026,2026-04-04,2026-04-05,C00560,P0230,D098,East,Partner,4,261.74,0.05
SL-04-00053,SO-04-00027,2026-04-14,2026-04-15,C00368,P0172,D032,Central,Partner,5,276.24,0.05
SL-04-00054,SO-04-00027,2026-04-01,2026-04-08,C00086,P0221,D047,South,Online,4,160.49,0.05
SL-04-00055,SO-04-00028,2026-04-27,2026-04-30,C00361,P0279,D110,North,Partner,4,145.99,0
SL-04-00056,SO-04-00028,2026-04-09,2026-04-12,C00693,P0277,D089,East,Store,1,123.49,0.15
SL-04-00057,SO-04-00029,2026-04-10,2026-04-17,C00088,P0348,D048,West,Online,1,255.24,0.10
SL-04-00058,SO-04-00029,2026-04-11,2026-04-17,C00258,P0329,D042,South,Partner,5,374.99,0.05
SL-04-00059,SO-04-00030,2026-04-29,2026-05-07,C00059,P0274,D008,East,Store,5,89.74,0.05
SL-04-00060,SO-04-00030,2026-04-26,2026-05-02,C00793,P0161,D084,Central,Online,1,152.49,0.15
SL-04-00061,SO-04-00031,2026-04-29,2026-05-03,C00726,P0080,D057,West,Online,4,241.74,0.15
SL-04-00062,SO-04-00031,2026-04-20,2026-04-25,C00831,P0055,D074,North,Store,2,293.99,0.15
SL-04-00063,SO-04-00032,2026-04-18,2026-04-26,C01353,P0294,D062,East,Online,2,314.74,0.05
SL-04-00064,SO-04-00032,2026-04-28,2026-05-05,C00649,P0197,D081,North,Partner,4,223.99,0.15
SL-04-00065,SO-04-00033,2026-04-23,2026-04-30,C00258,P0227,D048,North,Partner,3,227.99,0.10
SL-04-00066,SO-04-00033,2026-04-30,2026-05-08,C00107,P0097,D047,East,Online,4,99.49,0.10
SL-04-00067,SO-04-00034,2026-04-17,,C00977,P0049,D088,South,Partner,4,226.49,0
SL-04-00068,SO-04-00034,2026-04-16,2026-04-18,C00321,P0207,D093,South,Online,5,336.49,0.10
SL-04-00069,SO-04-00035,2026-04-04,2026-04-08,C00685,P0033,D109,North,Online,3,46.49,0
SL-04-00070,SO-04-00035,2026-04-28,2026-04-29,C00308,P0072,D021,East,Partner,4,151.74,0.05
SL-04-00071,SO-04-00036,2026-04-20,2026-04-26,C00774,P0057,D111,Central,Online,3,316.49,0.15
SL-04-00072,SO-04-00036,2026-04-15,2026-04-20,C00920,P0016,D054,West,Store,4,188.74,0.05
SL-04-00073,SO-04-00037,2026-04-25,2026-04-29,C00494,P0302,D007,South,Partner,2,71.24,0.15
SL-04-00074,SO-04-00037,2026-04-07,2026-04-08,C00316,P0225,D019,East,Online,2,205.49,0.10
SL-04-00075,SO-04-00038,2026-04-08,2026-04-14,C00441,P0222,D037,Central,Partner,2,171.74,0
SL-04-00076,SO-04-00038,2026-04-21,2026-04-25,C00951,P0208,D015,West,Store,3,347.74,0
SL-04-00077,SO-04-00039,2026-04-22,2026-04-23,C00429,P0027,D055,East,Store,3,312.49,0.15
SL-04-00078,SO-04-00039,2026-04-21,2026-04-25,C00625,P0258,D076,West,Store,4,243.24,0.15
SL-04-00079,SO-04-00040,2026-04-09,2026-04-13,C00008,P0223,D081,South,Store,2,182.99,0.05
SL-04-00080,SO-04-00040,2026-04-13,2026-04-18,C00507,P0010,D016,South,Store,1,121.24,0.15
SL-04-00081,SO-04-00041,2026-04-17,2026-04-20,C00907,P0342,D032,North,Store,1,187.74,0
SL-04-00082,SO-04-00041,2026-04-15,2026-04-21,C00122,P0099,D007,North,Store,1,121.99,0.10
SL-04-00083,SO-04-00042,2026-04-29,2026-04-30,C00118,P0079,D106,North,Online,1,230.49,0.15
SL-04-00084,SO-04-00042,2026-04-25,2026-04-28,C00192,P0034,D107,North,Store,1,57.74,0.15
SL-04-00085,SO-04-00043,2026-04-22,2026-04-28,C00075,P0059,D094,Central,Partner,3,338.99,0
SL-04-00086,SO-04-00043,2026-04-01,2026-04-09,C00609,P0214,D091,Central,Store,5,81.74,0.10
SL-04-00087,SO-04-00044,2026-04-10,2026-04-12,C00276,P0336,D067,South,Store,3,120.24,0.05
SL-04-00088,SO-04-00044,2026-04-04,2026-04-12,C00227,P0208,D105,North,Partner,4,347.74,0.15
SL-04-00089,SO-04-00045,2026-04-11,,C00520,P0080,D106,South,Partner,1,241.74,0.05
SL-04-00090,SO-04-00045,2026-04-04,2026-04-05,C00047,P0066,D030,Central,Partner,1,84.24,0
SL-04-00091,SO-04-00046,2026-04-23,2026-04-30,C00976,P0022,D059,Central,Store,2,256.24,0.05
SL-04-00092,SO-04-00046,2026-04-17,2026-04-23,C00187,P0257,D094,South,Store,3,231.99,0
SL-04-00093,SO-04-00047,2026-04-09,2026-04-15,C00443,P0257,D081,West,Online,3,231.99,0.15
SL-04-00094,SO-04-00047,2026-04-17,2026-04-25,C01364,P0135,D034,Central,Online,3,193.49,0
SL-04-00095,SO-04-00048,2026-04-19,2026-04-25,C00557,P0225,D052,West,Partner,2,205.49,0.05
SL-04-00096,SO-04-00048,2026-04-18,2026-04-19,C00155,P0233,D011,South,Store,2,295.49,0.10
SL-04-00097,SO-04-00049,2026-04-18,2026-04-21,C01003,P0001,D041,Central,Store,1,19.99,0.15
SL-04-00098,SO-04-00049,2026-04-11,2026-04-12,C00233,P0100,D088,South,Store,5,133.24,0.05
SL-04-00099,SO-04-00050,2026-04-16,2026-04-22,C00540,P0320,D093,North,Online,1,273.74,0.10
SL-04-00100,SO-04-00050,2026-04-13,2026-04-18,C00075,P0272,D003,West,Online,2,67.24,0.05
SL-04-00101,SO-04-00051,2026-04-21,2026-04-22,C00765,P0270,D112,South,Store,2,378.24,0.15
SL-04-00102,SO-04-00051,2026-04-01,2026-04-08,C00948,P0290,D105,North,Online,2,269.74,0.15
SL-04-00103,SO-04-00052,2026-04-26,2026-05-04,C00814,P0257,D008,North,Online,1,231.99,0.05
SL-04-00104,SO-04-00052,2026-04-04,2026-04-05,C00805,P0099,D047,East,Online,1,121.99,0
SL-04-00105,SO-04-00053,2026-04-22,2026-04-28,C01056,P0302,D051,North,Store,4,71.24,0.15
SL-04-00106,SO-04-00053,2026-04-05,2026-04-06,C01034,P0311,D087,South,Store,2,172.49,0.10
SL-04-00107,SO-04-00054,2026-04-29,2026-05-05,C01064,P0346,D024,South,Store,5,232.74,0.15
SL-04-00108,SO-04-00054,2026-04-13,2026-04-15,C00329,P0077,D061,East,Partner,1,207.99,0
SL-04-00109,SO-04-00055,2026-04-08,2026-04-09,C00888,P0049,D077,West,Online,1,226.49,0.15
SL-04-00110,SO-04-00055,2026-04-13,2026-04-17,C00173,P0174,D063,North,Store,5,298.74,0.05
SL-04-00111,SO-04-00056,2026-04-01,,C00044,P0040,D016,Central,Store,4,125.24,0
SL-04-00112,SO-04-00056,2026-04-11,2026-04-16,C00518,P0183,D029,North,Online,2,66.49,0.10
SL-04-00113,SO-04-00057,2026-04-25,2026-04-30,C00030,P0025,D108,South,Store,2,289.99,0.05
SL-04-00114,SO-04-00057,2026-04-30,2026-05-07,C00884,P0234,D111,South,Partner,5,306.74,0.15
SL-04-00115,SO-04-00058,2026-04-03,2026-04-09,C00567,P0313,D111,North,Online,3,194.99,0.05
SL-04-00116,SO-04-00058,2026-04-26,2026-04-30,C01037,P0237,D077,North,Partner,1,340.49,0.10
SL-04-00117,SO-04-00059,2026-04-06,2026-04-12,C00675,P0322,D037,East,Store,5,296.24,0
SL-04-00118,SO-04-00059,2026-04-30,2026-05-06,C00192,P0329,D058,South,Online,3,374.99,0.05
SL-04-00119,SO-04-00060,2026-04-01,2026-04-06,C00240,P0003,D085,North,Store,5,42.49,0
SL-04-00120,SO-04-00060,2026-04-03,2026-04-10,C00060,P0193,D101,East,Online,2,178.99,0.15
SL-04-00121,SO-04-00061,2026-04-15,2026-04-21,C00978,P0166,D086,West,Online,4,208.74,0.15
SL-04-00122,SO-04-00061,2026-04-21,2026-04-27,C00416,P0333,D047,Central,Online,2,86.49,0.05
SL-04-00123,SO-04-00062,2026-04-13,2026-04-20,C00765,P0201,D017,North,Partner,2,268.99,0.10
SL-04-00124,SO-04-00062,2026-04-18,2026-04-19,C00473,P0108,D031,North,Store,3,223.24,0.05
SL-04-00125,SO-04-00063,2026-04-02,2026-04-06,C01355,P0064,D021,South,Online,1,61.74,0
SL-04-00126,SO-04-00063,2026-04-19,2026-04-20,C00344,P0359,D091,East,Partner,1,378.99,0
SL-04-00127,SO-04-00064,2026-04-07,2026-04-09,C00432,P0122,D048,South,Store,2,47.24,0
SL-04-00128,SO-04-00064,2026-04-04,2026-04-09,C00516,P0114,D043,West,Partner,5,290.74,0.05
SL-04-00129,SO-04-00065,2026-04-25,2026-04-29,C00002,P0198,D044,South,Online,5,235.24,0.10
SL-04-00130,SO-04-00065,2026-04-26,2026-05-01,C00225,P0112,D056,East,Store,5,268.24,0
SL-04-00131,SO-04-00066,2026-04-06,2026-04-10,C00356,P0142,D086,West,Partner,4,272.24,0.05
SL-04-00132,SO-04-00066,2026-04-22,2026-04-25,C00580,P0235,D065,North,Partner,5,317.99,0.15
SL-04-00133,SO-04-00067,2026-04-06,,C00495,P0151,D101,East,Online,1,39.99,0.15
SL-04-00134,SO-04-00067,2026-04-20,2026-04-22,C00157,P0035,D038,South,Online,5,68.99,0.05
SL-04-00135,SO-04-00068,2026-04-25,2026-04-30,C00521,P0025,D060,Central,Store,1,289.99,0.10
SL-04-00136,SO-04-00068,2026-04-15,2026-04-22,C00695,P0218,D005,South,Store,5,126.74,0.05
SL-04-00137,SO-04-00069,2026-04-12,2026-04-18,C00570,P0205,D010,West,Store,5,313.99,0.15
SL-04-00138,SO-04-00069,2026-04-09,2026-04-13,C00132,P0049,D021,North,Online,1,226.49,0.15
SL-04-00139,SO-04-00070,2026-04-14,2026-04-18,C01005,P0161,D109,East,Online,3,152.49,0
SL-04-00140,SO-04-00070,2026-04-20,2026-04-22,C00952,P0293,D099,West,Online,4,303.49,0.05
SL-04-00141,SO-04-00071,2026-04-11,2026-04-18,C00993,P0023,D082,South,Store,1,267.49,0.15
SL-04-00142,SO-04-00071,2026-04-12,2026-04-13,C00270,P0152,D071,North,Online,3,51.24,0
SL-04-00143,SO-04-00072,2026-04-20,2026-04-27,C00956,P0220,D089,Central,Online,3,149.24,0.10
SL-04-00144,SO-04-00072,2026-04-03,2026-04-09,C01056,P0059,D001,Central,Partner,2,338.99,0
SL-04-00145,SO-04-00073,2026-04-23,2026-04-30,C00575,P0323,D097,South,Store,4,307.49,0.10
SL-04-00146,SO-04-00073,2026-04-26,2026-05-03,C01002,P0140,D017,South,Online,4,249.74,0.15
SL-04-00147,SO-04-00074,2026-04-09,2026-04-16,C00186,P0124,D022,North,Store,3,69.74,0.05
SL-04-00148,SO-04-00074,2026-04-27,2026-04-30,C00281,P0190,D079,Central,Store,2,145.24,0
SL-04-00149,SO-04-00075,2026-04-26,2026-04-30,C00263,P0134,D109,North,Partner,3,182.24,0.15
SL-04-00150,SO-04-00075,2026-04-19,2026-04-26,C00644,P0205,D038,West,Partner,3,313.99,0.15
SL-04-00151,SO-04-00076,2026-04-04,2026-04-10,C00922,P0151,D086,West,Online,2,39.99,0
SL-04-00152,SO-04-00076,2026-04-05,2026-04-10,C00088,P0024,D033,Central,Online,5,278.74,0.05
SL-04-00153,SO-04-00077,2026-04-27,2026-04-30,C00521,P0301,D099,Central,Partner,1,59.99,0.05
SL-04-00154,SO-04-00077,2026-04-10,2026-04-13,C00847,P0162,D047,North,Partner,5,163.74,0.10
SL-04-00155,SO-04-00078,2026-04-02,,C00016,P0185,D045,West,Store,2,88.99,0.10
SL-04-00156,SO-04-00078,2026-04-19,2026-04-27,C01366,P0263,D055,North,Online,1,299.49,0
SL-04-00157,SO-04-00079,2026-04-19,2026-04-21,C00849,P0068,D074,South,Online,3,106.74,0.10
SL-04-00158,SO-04-00079,2026-04-07,2026-04-14,C00167,P0281,D058,Central,Store,3,168.49,0.05
SL-04-00159,SO-04-00080,2026-04-15,2026-04-20,C00278,P0144,D042,West,Store,4,294.74,0.05
SL-04-00160,SO-04-00080,2026-04-14,2026-04-20,C00939,P0244,D092,South,Store,2,85.74,0.05
SL-04-00161,SO-04-00081,2026-04-22,2026-04-25,C00054,P0255,D029,West,Online,5,209.49,0.15
SL-04-00162,SO-04-00081,2026-04-30,2026-05-02,C00455,P0118,D071,East,Store,1,335.74,0.10
SL-04-00163,SO-04-00082,2026-04-03,2026-04-11,C00443,P0079,D020,North,Partner,5,230.49,0
SL-04-00164,SO-04-00082,2026-04-21,2026-04-28,C00856,P0276,D065,North,Online,1,112.24,0.10
SL-04-00165,SO-04-00083,2026-04-28,2026-05-02,C00452,P0023,D032,North,Store,4,267.49,0.10
SL-04-00166,SO-04-00083,2026-04-07,2026-04-14,C00899,P0016,D051,South,Store,1,188.74,0.10
SL-04-00167,SO-04-00084,2026-04-18,2026-04-26,C00456,P0068,D032,North,Store,1,106.74,0.10
SL-04-00168,SO-04-00084,2026-04-04,2026-04-05,C00683,P0077,D046,West,Partner,3,207.99,0.10
SL-04-00169,SO-04-00085,2026-04-13,2026-04-16,C00793,P0054,D031,Central,Store,4,282.74,0
SL-04-00170,SO-04-00085,2026-04-17,2026-04-21,C00812,P0082,D046,North,Partner,3,264.24,0.10
SL-04-00171,SO-04-00086,2026-04-21,2026-04-27,C00278,P0106,D099,West,Partner,3,200.74,0
SL-04-00172,SO-04-00086,2026-04-09,2026-04-13,C00053,P0034,D078,North,Online,1,57.74,0.15
SL-04-00173,SO-04-00087,2026-04-19,2026-04-20,C00184,P0106,D038,South,Online,3,200.74,0.05
SL-04-00174,SO-04-00087,2026-04-20,2026-04-28,C01091,P0086,D051,North,Online,5,309.24,0
SL-04-00175,SO-04-00088,2026-04-27,2026-04-28,C00460,P0315,D016,South,Online,1,217.49,0
SL-04-00176,SO-04-00088,2026-04-25,2026-04-28,C00355,P0182,D078,South,Partner,3,55.24,0.15
SL-04-00177,SO-04-00089,2026-04-27,,C00283,P0286,D042,West,Online,2,224.74,0.15
SL-04-00178,SO-04-00089,2026-04-12,2026-04-17,C00939,P0280,D035,West,Online,3,157.24,0.05
SL-04-00179,SO-04-00090,2026-04-23,2026-04-30,C00609,P0257,D021,Central,Store,3,231.99,0.15
SL-04-00180,SO-04-00090,2026-04-11,2026-04-18,C00389,P0296,D036,North,Online,3,337.24,0.10
SL-04-00181,SO-04-00091,2026-04-10,2026-04-17,C00706,P0317,D050,East,Partner,3,239.99,0.05
SL-04-00182,SO-04-00091,2026-04-08,2026-04-13,C00396,P0126,D105,North,Online,2,92.24,0.05
SL-04-00183,SO-04-00092,2026-04-30,2026-05-02,C00270,P0104,D002,North,Partner,1,178.24,0.10
SL-04-00184,SO-04-00092,2026-04-13,2026-04-16,C00514,P0175,D013,East,Partner,5,309.99,0.15
SL-04-00185,SO-04-00093,2026-04-03,2026-04-09,C00100,P0158,D039,South,Partner,3,118.74,0.10
SL-04-00186,SO-04-00093,2026-04-26,2026-05-04,C00735,P0049,D038,Central,Online,5,226.49,0.10
SL-04-00187,SO-04-00094,2026-04-11,2026-04-17,C01357,P0138,D109,West,Store,2,227.24,0.05
SL-04-00188,SO-04-00094,2026-04-04,2026-04-05,C00813,P0299,D060,East,Partner,3,370.99,0
SL-04-00189,SO-04-00095,2026-04-21,2026-04-24,C00124,P0281,D048,Central,Store,2,168.49,0.05
SL-04-00190,SO-04-00095,2026-04-15,2026-04-17,C00585,P0211,D054,West,Online,4,47.99,0.05
SL-04-00191,SO-04-00096,2026-04-09,2026-04-12,C00446,P0233,D099,West,Partner,2,295.49,0.15
SL-04-00192,SO-04-00096,2026-04-14,2026-04-22,C00851,P0277,D038,Central,Partner,4,123.49,0.15
SL-04-00193,SO-04-00097,2026-04-22,2026-04-25,C00925,P0270,D084,East,Partner,3,378.24,0
SL-04-00194,SO-04-00097,2026-04-23,2026-04-27,C00885,P0203,D048,North,Online,5,291.49,0.05
SL-04-00195,SO-04-00098,2026-04-27,2026-05-05,C00157,P0327,D020,North,Online,2,352.49,0.10
SL-04-00196,SO-04-00098,2026-04-08,2026-04-14,C00699,P0175,D019,Central,Store,4,309.99,0.15
SL-04-00197,SO-04-00099,2026-04-05,2026-04-09,C00587,P0340,D078,Central,Store,2,165.24,0.10
SL-04-00198,SO-04-00099,2026-04-07,2026-04-13,C00294,P0251,D104,South,Partner,1,164.49,0.05
SL-04-00199,SO-04-00100,2026-04-29,,C00241,P0220,D111,South,Partner,1,149.24,0.10
SL-04-00200,SO-04-00100,2026-04-17,2026-04-25,C00659,P0172,D069,North,Store,1,276.24,0.15
SL-04-00201,SO-04-00101,2026-04-26,2026-04-27,C01091,P0147,D091,South,Partner,1,328.49,0.15
SL-04-00202,SO-04-00101,2026-04-15,2026-04-23,C00580,P0224,D023,Central,Partner,2,194.24,0.05
SL-04-00203,SO-04-00102,2026-04-10,2026-04-17,C00895,P0247,D010,South,Online,3,119.49,0.05
SL-04-00204,SO-04-00102,2026-04-14,2026-04-16,C00419,P0178,D076,East,Store,3,343.74,0
SL-04-00205,SO-04-00103,2026-04-18,2026-04-26,C00125,P0122,D080,North,Partner,3,47.24,0.10
SL-04-00206,SO-04-00103,2026-04-28,2026-04-29,C00568,P0203,D002,North,Partner,2,291.49,0.10
SL-04-00207,SO-04-00104,2026-04-11,2026-04-13,C01096,P0282,D003,South,Online,5,179.74,0.05
SL-04-00208,SO-04-00104,2026-04-13,2026-04-21,C00887,P0156,D026,West,Store,4,96.24,0.15
SL-04-00209,SO-04-00105,2026-04-24,2026-04-30,C00817,P0011,D005,Central,Store,3,132.49,0
SL-04-00210,SO-04-00105,2026-04-26,2026-04-27,C00324,P0235,D087,West,Store,4,317.99,0.15
SL-04-00211,SO-04-00106,2026-04-20,2026-04-24,C00538,P0066,D079,North,Partner,4,84.24,0.05
SL-04-00212,SO-04-00106,2026-04-02,2026-04-04,C00992,P0293,D041,North,Online,5,303.49,0.15
SL-04-00213,SO-04-00107,2026-04-12,2026-04-16,C00928,P0268,D014,Central,Partner,3,355.74,0.10
SL-04-00214,SO-04-00107,2026-04-12,2026-04-20,C00782,P0155,D093,West,Partner,5,84.99,0.10
SL-04-00215,SO-04-00108,2026-04-01,2026-04-02,C00353,P0188,D068,West,Partner,2,122.74,0
SL-04-00216,SO-04-00108,2026-04-26,2026-04-27,C00329,P0115,D062,South,Online,5,301.99,0.05
SL-04-00217,SO-04-00109,2026-04-22,2026-04-27,C01090,P0006,D018,East,Store,4,76.24,0.10
SL-04-00218,SO-04-00109,2026-04-02,2026-04-06,C01368,P0017,D035,North,Online,1,199.99,0.05
SL-04-00219,SO-04-00110,2026-04-26,2026-04-28,C00782,P0257,D038,South,Partner,3,231.99,0.05
SL-04-00220,SO-04-00110,2026-04-11,2026-04-12,C00826,P0300,D094,West,Partner,3,382.24,0
SL-04-00221,SO-04-00111,2026-04-20,,C00984,P0011,D112,East,Partner,2,132.49,0.05
SL-04-00222,SO-04-00111,2026-04-21,2026-04-22,C00897,P0201,D106,East,Online,5,268.99,0.15
SL-04-00223,SO-04-00112,2026-04-21,2026-04-22,C00041,P0070,D051,North,Partner,5,129.24,0.15
SL-04-00224,SO-04-00112,2026-04-11,2026-04-17,C00631,P0271,D072,East,Store,2,55.99,0
SL-04-00225,SO-04-00113,2026-04-12,2026-04-20,C00522,P0025,D035,South,Partner,2,289.99,0.05
SL-04-00226,SO-04-00113,2026-04-09,2026-04-11,C00995,P0151,D036,East,Store,3,39.99,0
SL-04-00227,SO-04-00114,2026-04-04,2026-04-07,C00771,P0155,D024,Central,Partner,2,84.99,0.10
SL-04-00228,SO-04-00114,2026-04-07,2026-04-09,C01016,P0210,D036,West,Online,1,370.24,0
SL-04-00229,SO-04-00115,2026-04-14,2026-04-21,C00410,P0153,D057,Central,Online,3,62.49,0.05
SL-04-00230,SO-04-00115,2026-04-14,2026-04-17,C00283,P0075,D079,East,Online,3,185.49,0.05
SL-04-00231,SO-04-00116,2026-04-07,2026-04-14,C01019,P0244,D085,Central,Online,2,85.74,0.10
SL-04-00232,SO-04-00116,2026-04-25,2026-04-27,C00295,P0281,D065,East,Online,3,168.49,0.10
SL-04-00233,SO-04-00117,2026-04-30,2026-05-03,C00036,P0114,D074,South,Store,5,290.74,0
SL-04-00234,SO-04-00117,2026-04-24,2026-05-01,C00361,P0092,D023,Central,Online,3,43.24,0
SL-04-00235,SO-04-00118,2026-04-11,2026-04-19,C00826,P0289,D110,South,Online,2,258.49,0.10
SL-04-00236,SO-04-00118,2026-04-27,2026-04-29,C00769,P0276,D099,North,Partner,4,112.24,0.15
SL-04-00237,SO-04-00119,2026-04-01,2026-04-07,C00647,P0066,D060,South,Partner,2,84.24,0.05
SL-04-00238,SO-04-00119,2026-04-14,2026-04-20,C00782,P0103,D071,Central,Partner,1,166.99,0.10
SL-04-00239,SO-04-00120,2026-04-25,2026-04-28,C00516,P0303,D048,North,Partner,5,82.49,0.05
SL-04-00240,SO-04-00120,2026-04-01,2026-04-06,C00116,P0268,D074,North,Online,3,355.74,0.10
SL-04-00241,SO-04-00121,2026-04-04,2026-04-05,C00084,P0231,D041,North,Partner,2,272.99,0.15
SL-04-00242,SO-04-00121,2026-04-17,2026-04-20,C00368,P0006,D095,North,Online,4,76.24,0.10
SL-04-00243,SO-04-00122,2026-04-02,,C00312,P0248,D108,Central,Store,1,130.74,0.15
SL-04-00244,SO-04-00122,2026-04-09,2026-04-13,C01086,P0060,D032,East,Store,2,350.24,0
SL-04-00245,SO-04-00123,2026-04-18,2026-04-21,C00230,P0149,D101,East,Store,2,350.99,0.05
SL-04-00246,SO-04-00123,2026-04-20,2026-04-28,C00669,P0308,D015,North,Partner,5,138.74,0
SL-04-00247,SO-04-00124,2026-04-23,2026-04-24,C01039,P0008,D009,Central,Partner,1,98.74,0.15
SL-04-00248,SO-04-00124,2026-04-27,2026-04-30,C00392,P0145,D102,South,Online,1,305.99,0.15
SL-04-00249,SO-04-00125,2026-04-21,2026-04-28,C01359,P0122,D092,South,Store,2,47.24,0.10
SL-04-00250,SO-04-00125,2026-04-13,2026-04-18,C00423,P0204,D055,North,Online,4,302.74,0.05
SL-04-00251,SO-04-00126,2026-04-29,2026-05-06,C00519,P0072,D026,West,Store,1,151.74,0.10
SL-04-00252,SO-04-00126,2026-04-03,2026-04-05,C00306,P0110,D105,North,Store,5,245.74,0
SL-04-00253,SO-04-00127,2026-04-15,2026-04-18,C00171,P0181,D093,South,Store,2,43.99,0.15
SL-04-00254,SO-04-00127,2026-04-25,2026-04-26,C01059,P0346,D010,East,Partner,1,232.74,0.05
SL-04-00255,SO-04-00128,2026-04-30,2026-05-02,C00673,P0204,D085,North,Online,3,302.74,0.10
SL-04-00256,SO-04-00128,2026-04-11,2026-04-18,C00211,P0253,D108,East,Partner,2,186.99,0.15
SL-04-00257,SO-04-00129,2026-04-21,2026-04-23,C00981,P0177,D009,Central,Partner,3,332.49,0.15
SL-04-00258,SO-04-00129,2026-04-22,2026-04-24,C00380,P0001,D078,Central,Partner,3,19.99,0.15
SL-04-00259,SO-04-00130,2026-04-04,2026-04-08,C00586,P0247,D093,Central,Online,1,119.49,0
SL-04-00260,SO-04-00130,2026-04-09,2026-04-17,C00217,P0069,D102,North,Partner,2,117.99,0.05
SL-04-00261,SO-04-00131,2026-04-12,2026-04-18,C00822,P0157,D019,North,Online,3,107.49,0.10
SL-04-00262,SO-04-00131,2026-04-12,2026-04-13,C00772,P0245,D041,South,Online,5,96.99,0.05
SL-04-00263,SO-04-00132,2026-04-13,2026-04-21,C00632,P0102,D074,West,Partner,2,155.74,0.05
SL-04-00264,SO-04-00132,2026-04-07,2026-04-14,C00887,P0207,D055,North,Partner,1,336.49,0
SL-04-00265,SO-04-00133,2026-04-20,,C00148,P0085,D036,North,Online,1,297.99,0.15
SL-04-00266,SO-04-00133,2026-04-16,2026-04-18,C00708,P0069,D080,East,Partner,3,117.99,0.10
SL-04-00267,SO-04-00134,2026-04-26,2026-04-30,C01044,P0046,D093,West,Store,2,192.74,0.05
SL-04-00268,SO-04-00134,2026-04-13,2026-04-21,C00557,P0224,D097,South,Partner,5,194.24,0
SL-04-00269,SO-04-00135,2026-04-11,2026-04-14,C00828,P0272,D082,North,Online,2,67.24,0.10
SL-04-00270,SO-04-00135,2026-04-13,2026-04-17,C00312,P0113,D099,North,Store,3,279.49,0.10
SL-04-00271,SO-04-00136,2026-04-28,2026-05-05,C00171,P0098,D081,North,Partner,2,110.74,0.10
SL-04-00272,SO-04-00136,2026-04-11,2026-04-13,C00547,P0036,D092,East,Online,3,80.24,0
SL-04-00273,SO-04-00137,2026-04-10,2026-04-13,C00519,P0243,D095,North,Online,2,74.49,0
SL-04-00274,SO-04-00137,2026-04-29,2026-04-30,C00354,P0348,D040,West,Online,4,255.24,0.05
SL-04-00275,SO-04-00138,2026-04-24,2026-04-28,C01072,P0121,D094,Central,Partner,2,35.99,0.15
SL-04-00276,SO-04-00138,2026-04-20,2026-04-28,C01071,P0252,D021,West,Store,3,175.74,0.05
SL-04-00277,SO-04-00139,2026-04-25,2026-04-29,C00825,P0069,D009,Central,Store,3,117.99,0.10
SL-04-00278,SO-04-00139,2026-04-23,2026-04-25,C00730,P0221,D063,Central,Partner,2,160.49,0.05
SL-04-00279,SO-04-00140,2026-04-27,2026-04-29,C00223,P0338,D086,East,Partner,5,142.74,0.05
SL-04-00280,SO-04-00140,2026-04-17,2026-04-21,C01370,P0184,D022,North,Store,4,77.74,0.05
SL-04-00281,SO-04-00141,2026-04-16,2026-04-18,C00655,P0110,D024,East,Store,3,245.74,0.15
SL-04-00282,SO-04-00141,2026-04-16,2026-04-18,C00201,P0040,D028,West,Online,1,125.24,0.15
SL-04-00283,SO-04-00142,2026-04-14,2026-04-17,C00587,P0151,D004,East,Partner,3,39.99,0.05
SL-04-00284,SO-04-00142,2026-04-05,2026-04-13,C00555,P0143,D081,South,Partner,4,283.49,0.05
SL-04-00285,SO-04-00143,2026-04-12,2026-04-13,C00083,P0328,D101,East,Store,4,363.74,0.15
SL-04-00286,SO-04-00143,2026-04-05,2026-04-11,C00803,P0083,D003,North,Online,1,275.49,0.15
SL-04-00287,SO-04-00144,2026-04-25,,C00555,P0300,D026,West,Partner,4,382.24,0.15
SL-04-00288,SO-04-00144,2026-04-23,2026-04-28,C01046,P0296,D008,East,Partner,4,337.24,0.10
SL-04-00289,SO-04-00145,2026-04-07,2026-04-11,C00772,P0286,D087,West,Partner,5,224.74,0.15
SL-04-00290,SO-04-00145,2026-04-22,2026-04-29,C01022,P0254,D026,West,Store,3,198.24,0
SL-04-00291,SO-04-00146,2026-04-25,2026-05-01,C00645,P0139,D017,South,Store,2,238.49,0.15
SL-04-00292,SO-04-00146,2026-04-19,2026-04-24,C00398,P0277,D112,West,Store,5,123.49,0.15
SL-04-00293,SO-04-00147,2026-04-11,2026-04-16,C00502,P0329,D018,Central,Store,4,374.99,0.10
SL-04-00294,SO-04-00147,2026-04-13,2026-04-19,C00264,P0334,D005,East,Partner,2,97.74,0.05
SL-04-00295,SO-04-00148,2026-04-04,2026-04-05,C00840,P0225,D039,Central,Store,4,205.49,0.05
SL-04-00296,SO-04-00148,2026-04-22,2026-04-30,C00430,P0111,D060,East,Online,4,256.99,0.05
SL-04-00297,SO-04-00149,2026-04-07,2026-04-14,C00048,P0122,D068,North,Online,2,47.24,0.15
SL-04-00298,SO-04-00149,2026-04-11,2026-04-17,C00123,P0154,D028,North,Store,5,73.74,0.05
SL-04-00299,SO-04-00150,2026-04-10,2026-04-12,C00460,P0110,D069,North,Store,5,245.74,0
SL-04-00300,SO-04-00150,2026-04-21,2026-04-29,C01079,P0087,D070,East,Online,4,320.49,0.05
SL-04-00301,SO-04-00151,2026-04-24,2026-04-27,C00794,P0097,D065,South,Store,3,99.49,0.10
SL-04-00302,SO-04-00151,2026-04-10,2026-04-18,C00624,P0150,D010,South,Store,2,362.24,0
SL-04-00303,SO-04-00152,2026-04-04,2026-04-08,C01055,P0164,D052,East,Partner,3,186.24,0.15
SL-04-00304,SO-04-00152,2026-04-28,2026-05-05,C00708,P0218,D060,South,Store,1,126.74,0.10
SL-04-00305,SO-04-00153,2026-04-01,2026-04-09,C00602,P0099,D067,Central,Partner,1,121.99,0
SL-04-00306,SO-04-00153,2026-04-21,2026-04-24,C00166,P0025,D080,South,Store,4,289.99,0.15
SL-04-00307,SO-04-00154,2026-04-19,2026-04-23,C00880,P0054,D084,West,Store,2,282.74,0.15
SL-04-00308,SO-04-00154,2026-04-06,2026-04-08,C00855,P0162,D066,North,Store,5,163.74,0
SL-04-00309,SO-04-00155,2026-04-13,,C00542,P0081,D074,Central,Online,1,252.99,0.15
SL-04-00310,SO-04-00155,2026-04-08,2026-04-15,C00383,P0163,D026,North,Online,2,174.99,0.05
SL-04-00311,SO-04-00156,2026-04-08,2026-04-13,C01361,P0284,D096,South,Store,1,202.24,0.05
SL-04-00312,SO-04-00156,2026-04-23,2026-04-28,C00782,P0312,D048,East,Store,2,183.74,0.05
SL-04-00313,SO-04-00157,2026-04-16,2026-04-22,C00467,P0107,D072,West,Partner,2,211.99,0
SL-04-00314,SO-04-00157,2026-04-03,2026-04-09,C00857,P0021,D057,West,Store,2,244.99,0
SL-04-00315,SO-04-00158,2026-04-06,2026-04-12,C00436,P0192,D075,South,Store,2,167.74,0.10
SL-04-00316,SO-04-00158,2026-04-19,2026-04-20,C00226,P0259,D091,South,Partner,3,254.49,0
SL-04-00317,SO-04-00159,2026-04-20,2026-04-25,C00794,P0331,D032,North,Partner,4,63.99,0.05
SL-04-00318,SO-04-00159,2026-04-16,2026-04-24,C00397,P0317,D077,Central,Partner,2,239.99,0
SL-04-00319,SO-04-00160,2026-04-21,2026-04-22,C00962,P0193,D057,Central,Online,1,178.99,0.10
SL-04-00320,SO-04-00160,2026-04-24,2026-04-29,C00331,P0273,D090,South,Online,2,78.49,0.05
SL-04-00321,SO-04-00161,2026-04-02,2026-04-06,C00503,P0137,D014,South,Store,5,215.99,0.15
SL-04-00322,SO-04-00161,2026-04-01,2026-04-06,C00442,P0135,D021,Central,Online,5,193.49,0.05
SL-04-00323,SO-04-00162,2026-04-22,2026-04-30,C00162,P0226,D036,East,Online,5,216.74,0
SL-04-00324,SO-04-00162,2026-04-10,2026-04-16,C00134,P0138,D042,West,Partner,3,227.24,0.10
SL-04-00325,SO-04-00163,2026-04-01,2026-04-03,C00667,P0109,D104,West,Partner,1,234.49,0
SL-04-00326,SO-04-00163,2026-04-28,2026-05-06,C00224,P0315,D022,Central,Partner,4,217.49,0.15
SL-04-00327,SO-04-00164,2026-04-18,2026-04-24,C00619,P0058,D101,North,Partner,3,327.74,0.10
SL-04-00328,SO-04-00164,2026-04-16,2026-04-20,C00222,P0283,D097,West,Partner,4,190.99,0.15
SL-04-00329,SO-04-00165,2026-04-21,2026-04-28,C00224,P0334,D011,East,Online,2,97.74,0.10
SL-04-00330,SO-04-00165,2026-04-25,2026-04-28,C01002,P0064,D070,South,Online,5,61.74,0
SL-04-00331,SO-04-00166,2026-04-20,,C00978,P0335,D085,Central,Store,1,108.99,0
SL-04-00332,SO-04-00166,2026-04-21,2026-04-26,C00817,P0332,D018,North,Partner,2,75.24,0
SL-04-00333,SO-04-00167,2026-04-03,2026-04-06,C00280,P0222,D009,East,Store,5,171.74,0.10
SL-04-00334,SO-04-00167,2026-04-03,2026-04-06,C00457,P0159,D050,Central,Store,3,129.99,0.10
SL-04-00335,SO-04-00168,2026-04-10,2026-04-14,C01034,P0253,D050,North,Online,5,186.99,0.05
SL-04-00336,SO-04-00168,2026-04-04,2026-04-09,C00226,P0169,D095,South,Store,5,242.49,0
SL-04-00337,SO-04-00169,2026-04-08,2026-04-11,C01002,P0116,D018,Central,Partner,3,313.24,0
SL-04-00338,SO-04-00169,2026-04-30,2026-05-01,C00362,P0294,D082,Central,Store,4,314.74,0
SL-04-00339,SO-04-00170,2026-04-18,2026-04-25,C00457,P0355,D040,North,Online,1,333.99,0.10
SL-04-00340,SO-04-00170,2026-04-21,2026-04-24,C01020,P0335,D049,North,Store,4,108.99,0.05
SL-04-00341,SO-04-00171,2026-04-07,2026-04-10,C00681,P0069,D088,West,Partner,1,117.99,0.05
SL-04-00342,SO-04-00171,2026-04-16,2026-04-22,C01352,P0191,D005,North,Online,5,156.49,0.05
SL-04-00343,SO-04-00172,2026-04-26,2026-05-01,C01039,P0140,D010,North,Store,4,249.74,0
SL-04-00344,SO-04-00172,2026-04-09,2026-04-12,C00352,P0191,D053,North,Partner,5,156.49,0.15
SL-04-00345,SO-04-00173,2026-04-10,2026-04-15,C00878,P0321,D090,South,Store,2,284.99,0
SL-04-00346,SO-04-00173,2026-04-21,2026-04-27,C00492,P0297,D075,Central,Store,3,348.49,0.10
SL-04-00347,SO-04-00174,2026-04-07,2026-04-12,C00964,P0124,D034,South,Store,4,69.74,0.10
SL-04-00348,SO-04-00174,2026-04-10,2026-04-15,C00201,P0008,D060,South,Online,5,98.74,0.05
SL-04-00349,SO-04-00175,2026-04-04,2026-04-10,C00755,P0102,D035,Central,Store,3,155.74,0.05
SL-04-00350,SO-04-00175,2026-04-04,2026-04-09,C00439,P0032,D074,West,Store,3,35.24,0.05
SL-04-00351,SO-04-00176,2026-04-10,2026-04-12,C00469,P0353,D068,North,Partner,1,311.49,0.10
SL-04-00352,SO-04-00176,2026-04-05,2026-04-06,C00696,P0089,D043,North,Store,2,342.99,0.05
SL-04-00353,SO-04-00177,2026-04-15,,C00735,P0145,D101,West,Online,1,305.99,0.10
SL-04-00354,SO-04-00177,2026-04-26,2026-05-01,C00507,P0270,D039,South,Partner,3,378.24,0.05
SL-04-00355,SO-04-00178,2026-04-26,2026-04-30,C00545,P0209,D033,East,Online,5,358.99,0.15
SL-04-00356,SO-04-00178,2026-04-27,2026-05-05,C00290,P0308,D075,East,Partner,5,138.74,0.10
SL-04-00357,SO-04-00179,2026-04-23,2026-04-27,C00725,P0327,D064,West,Online,4,352.49,0
SL-04-00358,SO-04-00179,2026-04-19,2026-04-20,C00707,P0281,D090,South,Partner,3,168.49,0.05
SL-04-00359,SO-04-00180,2026-04-06,2026-04-11,C00180,P0256,D107,North,Store,1,220.74,0.05
SL-04-00360,SO-04-00180,2026-04-14,2026-04-18,C00049,P0254,D031,North,Online,4,198.24,0.05
SL-04-00361,SO-04-00181,2026-04-14,2026-04-21,C00299,P0228,D065,North,Partner,2,239.24,0.10
SL-04-00362,SO-04-00181,2026-04-18,2026-04-25,C00094,P0322,D039,South,Store,5,296.24,0.15
SL-04-00363,SO-04-00182,2026-04-08,2026-04-13,C00189,P0158,D041,West,Partner,1,118.74,0.15
SL-04-00364,SO-04-00182,2026-04-06,2026-04-12,C00361,P0275,D029,South,Store,3,100.99,0.10
SL-04-00365,SO-04-00183,2026-04-27,2026-05-05,C00007,P0086,D022,West,Store,2,309.24,0
SL-04-00366,SO-04-00183,2026-04-16,2026-04-21,C00626,P0357,D030,West,Partner,4,356.49,0
SL-04-00367,SO-04-00184,2026-04-11,2026-04-16,C00915,P0148,D010,West,Partner,4,339.74,0.15
SL-04-00368,SO-04-00184,2026-04-19,2026-04-23,C00316,P0282,D086,West,Store,4,179.74,0.10
SL-04-00369,SO-04-00185,2026-04-27,2026-05-03,C00563,P0313,D046,West,Partner,2,194.99,0
SL-04-00370,SO-04-00185,2026-04-03,2026-04-11,C00469,P0107,D075,South,Store,5,211.99,0.15
SL-04-00371,SO-04-00186,2026-04-07,2026-04-09,C00675,P0285,D060,North,Partner,5,213.49,0
SL-04-00372,SO-04-00186,2026-04-20,2026-04-21,C00072,P0360,D054,North,Partner,2,390.24,0.10
SL-04-00373,SO-04-00187,2026-04-18,2026-04-26,C01363,P0207,D102,Central,Store,2,336.49,0
SL-04-00374,SO-04-00187,2026-04-14,2026-04-17,C00912,P0337,D091,South,Partner,3,131.49,0.10
SL-04-00375,SO-04-00188,2026-04-20,,C00057,P0198,D048,West,Store,1,235.24,0.10
SL-04-00376,SO-04-00188,2026-04-09,2026-04-15,C00317,P0017,D111,North,Online,2,199.99,0.05
SL-04-00377,SO-04-00189,2026-04-12,2026-04-19,C00825,P0027,D044,North,Partner,1,312.49,0.05
SL-04-00378,SO-04-00189,2026-04-03,2026-04-04,C00524,P0150,D037,Central,Store,5,362.24,0.15
SL-04-00379,SO-04-00190,2026-04-10,2026-04-16,C00571,P0102,D110,North,Online,1,155.74,0.05
SL-04-00380,SO-04-00190,2026-04-20,2026-04-26,C00933,P0239,D009,South,Partner,3,362.99,0
SL-04-00381,SO-04-00191,2026-04-05,2026-04-13,C00649,P0022,D093,Central,Partner,4,256.24,0
SL-04-00382,SO-04-00191,2026-04-24,2026-05-01,C00992,P0035,D074,East,Partner,3,68.99,0.05
SL-04-00383,SO-04-00192,2026-04-09,2026-04-10,C00863,P0230,D068,North,Store,2,261.74,0.05
SL-04-00384,SO-04-00192,2026-04-12,2026-04-17,C00363,P0068,D044,East,Store,2,106.74,0.10
SL-04-00385,SO-04-00193,2026-04-19,2026-04-25,C00866,P0357,D005,North,Online,5,356.49,0.05
SL-04-00386,SO-04-00193,2026-04-17,2026-04-19,C00747,P0307,D017,South,Store,3,127.49,0
SL-04-00387,SO-04-00194,2026-04-24,2026-04-27,C00903,P0061,D089,West,Partner,2,27.99,0.15
SL-04-00388,SO-04-00194,2026-04-28,2026-04-30,C00748,P0156,D018,North,Online,2,96.24,0.10
SL-04-00389,SO-04-00195,2026-04-24,2026-04-30,C01078,P0227,D102,East,Store,1,227.99,0.05
SL-04-00390,SO-04-00195,2026-04-28,2026-05-02,C00928,P0166,D036,West,Online,1,208.74,0.05
SL-04-00391,SO-04-00196,2026-04-09,2026-04-14,C00225,P0322,D058,West,Store,2,296.24,0.10
SL-04-00392,SO-04-00196,2026-04-25,2026-04-29,C01003,P0281,D097,North,Partner,2,168.49,0.05
SL-04-00393,SO-04-00197,2026-04-04,2026-04-07,C00125,P0317,D011,West,Partner,4,239.99,0
SL-04-00394,SO-04-00197,2026-04-22,2026-04-29,C00328,P0083,D097,North,Store,1,275.49,0.05
SL-04-00395,SO-04-00198,2026-04-11,2026-04-15,C00549,P0216,D108,South,Partner,4,104.24,0.05
SL-04-00396,SO-04-00198,2026-04-18,2026-04-21,C00888,P0237,D016,South,Partner,2,340.49,0.05
SL-04-00397,SO-04-00199,2026-04-23,,C00903,P0079,D003,South,Partner,5,230.49,0.05
SL-04-00398,SO-04-00199,2026-04-24,2026-04-28,C00985,P0084,D076,North,Online,3,286.74,0.15
SL-04-00399,SO-04-00200,2026-04-17,2026-04-23,C00014,P0027,D040,South,Online,3,312.49,0.15
SL-04-00400,SO-04-00200,2026-04-13,2026-04-14,C00474,P0351,D020,Central,Online,2,288.99,0.15
SL-04-00401,SO-04-00201,2026-04-15,2026-04-17,C00110,P0197,D008,South,Partner,4,223.99,0.15
SL-04-00402,SO-04-00201,2026-04-22,2026-04-25,C00273,P0057,D100,Central,Store,2,316.49,0.10
SL-04-00403,SO-04-00202,2026-04-14,2026-04-18,C00402,P0244,D078,West,Store,3,85.74,0.15
SL-04-00404,SO-04-00202,2026-04-11,2026-04-19,C01354,P0094,D074,West,Store,3,65.74,0.15
SL-04-00405,SO-04-00203,2026-04-29,2026-05-01,C00058,P0241,D014,Central,Store,5,51.99,0.10
SL-04-00406,SO-04-00203,2026-04-02,2026-04-09,C00008,P0129,D019,West,Online,3,125.99,0.05
SL-04-00407,SO-04-00204,2026-04-10,2026-04-16,C00769,P0071,D050,North,Online,2,140.49,0.05
SL-04-00408,SO-04-00204,2026-04-04,2026-04-11,C00714,P0119,D049,North,Partner,5,346.99,0.05
SL-04-00409,SO-04-00205,2026-04-30,2026-05-06,C00026,P0212,D094,South,Partner,2,59.24,0
SL-04-00410,SO-04-00205,2026-04-28,2026-05-05,C00143,P0191,D012,South,Online,5,156.49,0.05
SL-04-00411,SO-04-00206,2026-04-22,2026-04-25,C00885,P0157,D075,North,Partner,5,107.49,0.05
SL-04-00412,SO-04-00206,2026-04-28,2026-05-05,C00261,P0343,D086,Central,Partner,3,198.99,0.15
SL-04-00413,SO-04-00207,2026-04-05,2026-04-11,C00945,P0088,D085,North,Store,4,331.74,0.05
SL-04-00414,SO-04-00207,2026-04-06,2026-04-13,C00485,P0357,D013,North,Store,2,356.49,0.15
SL-04-00415,SO-04-00208,2026-04-10,2026-04-11,C00467,P0324,D068,East,Partner,5,318.74,0.05
SL-04-00416,SO-04-00208,2026-04-07,2026-04-08,C00502,P0311,D105,South,Store,4,172.49,0.05
SL-04-00417,SO-04-00209,2026-04-19,2026-04-23,C00650,P0174,D076,South,Partner,3,298.74,0
SL-04-00418,SO-04-00209,2026-04-01,2026-04-04,C00991,P0083,D047,North,Store,1,275.49,0.15
SL-04-00419,SO-04-00210,2026-04-10,,C00671,P0272,D047,East,Online,1,67.24,0.05
SL-04-00420,SO-04-00210,2026-04-30,2026-05-05,C00929,P0100,D016,North,Store,2,133.24,0.10
SL-04-00421,SO-04-00211,2026-04-05,2026-04-11,C00575,P0282,D086,East,Partner,1,179.74,0.10
SL-04-00422,SO-04-00211,2026-04-28,2026-05-06,C00280,P0120,D056,West,Online,1,358.24,0
SL-04-00423,SO-04-00212,2026-04-17,2026-04-21,C00670,P0245,D041,East,Store,2,96.99,0
SL-04-00424,SO-04-00212,2026-04-17,2026-04-20,C00927,P0015,D096,West,Partner,1,177.49,0.10
SL-04-00425,SO-04-00213,2026-04-09,2026-04-10,C00584,P0108,D109,North,Partner,3,223.24,0.10
SL-04-00426,SO-04-00213,2026-04-29,2026-05-07,C00172,P0071,D074,Central,Online,2,140.49,0
SL-04-00427,SO-04-00214,2026-04-08,2026-04-11,C00555,P0316,D025,East,Partner,1,228.74,0
SL-04-00428,SO-04-00214,2026-04-08,2026-04-13,C01013,P0094,D019,South,Partner,3,65.74,0.05
SL-04-00429,SO-04-00215,2026-04-26,2026-05-03,C00104,P0044,D059,East,Partner,2,170.24,0.15
SL-04-00430,SO-04-00215,2026-04-22,2026-04-26,C00860,P0014,D076,West,Store,2,166.24,0.10
SL-04-00431,SO-04-00216,2026-04-21,2026-04-26,C00132,P0044,D017,West,Online,1,170.24,0.05
SL-04-00432,SO-04-00216,2026-04-08,2026-04-11,C00425,P0076,D050,North,Store,4,196.74,0.05
SL-04-00433,SO-04-00217,2026-04-13,2026-04-14,C00443,P0223,D024,South,Store,1,182.99,0.10
SL-04-00434,SO-04-00217,2026-04-25,2026-04-29,C00507,P0340,D069,Central,Store,5,165.24,0
SL-04-00435,SO-04-00218,2026-04-10,2026-04-14,C01365,P0324,D006,Central,Online,5,318.74,0
SL-04-00436,SO-04-00218,2026-04-16,2026-04-20,C00256,P0116,D056,South,Store,3,313.24,0.10
SL-04-00437,SO-04-00219,2026-04-13,2026-04-14,C00456,P0279,D076,North,Online,3,145.99,0.05
SL-04-00438,SO-04-00219,2026-04-08,2026-04-14,C00496,P0098,D070,East,Store,5,110.74,0.05
SL-04-00439,SO-04-00220,2026-04-14,2026-04-22,C00567,P0240,D005,South,Store,5,374.24,0.05
SL-04-00440,SO-04-00220,2026-04-24,2026-04-25,C00784,P0156,D057,South,Partner,3,96.24,0.15
SL-04-00441,SO-04-00221,2026-04-27,,C00100,P0056,D006,South,Partner,5,305.24,0
SL-04-00442,SO-04-00221,2026-04-18,2026-04-19,C00543,P0273,D060,East,Store,1,78.49,0.10
SL-04-00443,SO-04-00222,2026-04-19,2026-04-24,C01043,P0347,D015,East,Store,1,243.99,0.15
SL-04-00444,SO-04-00222,2026-04-30,2026-05-02,C00489,P0285,D024,Central,Partner,5,213.49,0.10
SL-04-00445,SO-04-00223,2026-04-16,2026-04-23,C01075,P0185,D091,West,Online,4,88.99,0
SL-04-00446,SO-04-00223,2026-04-09,2026-04-16,C00469,P0053,D057,South,Online,1,271.49,0.05
SL-04-00447,SO-04-00224,2026-04-01,2026-04-04,C00421,P0024,D084,East,Online,2,278.74,0.05
SL-04-00448,SO-04-00224,2026-04-30,2026-05-06,C00615,P0007,D053,South,Online,3,87.49,0.05
SL-04-00449,SO-04-00225,2026-04-18,2026-04-20,C00181,P0282,D068,South,Online,5,179.74,0.15
SL-04-00450,SO-04-00225,2026-04-07,2026-04-08,C00255,P0322,D011,East,Store,1,296.24,0.15
SL-04-00451,SO-04-00226,2026-04-17,2026-04-19,C00954,P0357,D031,North,Store,3,356.49,0
SL-04-00452,SO-04-00226,2026-04-01,2026-04-07,C00703,P0353,D068,West,Online,2,311.49,0
SL-04-00453,SO-04-00227,2026-04-30,2026-05-02,C00192,P0009,D012,West,Partner,2,109.99,0
SL-04-00454,SO-04-00227,2026-04-15,2026-04-20,C00210,P0094,D053,West,Online,4,65.74,0.15
SL-04-00455,SO-04-00228,2026-04-07,2026-04-08,C01073,P0005,D043,South,Online,5,64.99,0.05
SL-04-00456,SO-04-00228,2026-04-22,2026-04-26,C00216,P0059,D033,East,Store,4,338.99,0
SL-04-00457,SO-04-00229,2026-04-17,2026-04-22,C00037,P0004,D010,North,Partner,4,53.74,0.10
SL-04-00458,SO-04-00229,2026-04-09,2026-04-15,C00510,P0106,D042,East,Store,5,200.74,0
SL-04-00459,SO-04-00230,2026-04-09,2026-04-10,C00874,P0051,D056,South,Store,3,248.99,0.10
SL-04-00460,SO-04-00230,2026-04-24,2026-04-25,C00062,P0019,D092,South,Partner,5,222.49,0
SL-04-00461,SO-04-00231,2026-04-18,2026-04-22,C00622,P0188,D087,Central,Store,4,122.74,0.10
SL-04-00462,SO-04-00231,2026-04-08,2026-04-09,C00274,P0324,D097,North,Store,1,318.74,0
SL-04-00463,SO-04-00232,2026-04-14,,C00807,P0070,D078,North,Store,2,129.24,0.10
SL-04-00464,SO-04-00232,2026-04-19,2026-04-24,C01021,P0010,D052,West,Partner,5,121.24,0.10
SL-04-00465,SO-04-00233,2026-04-11,2026-04-17,C00085,P0002,D075,South,Partner,3,31.24,0.05
SL-04-00466,SO-04-00233,2026-04-10,2026-04-12,C01356,P0336,D099,East,Online,5,120.24,0.05
SL-04-00467,SO-04-00234,2026-04-23,2026-04-26,C00503,P0247,D090,West,Partner,4,119.49,0.10
SL-04-00468,SO-04-00234,2026-04-28,2026-05-06,C00266,P0108,D111,South,Store,2,223.24,0
SL-04-00469,SO-04-00235,2026-04-14,2026-04-20,C00223,P0149,D003,South,Partner,3,350.99,0.10
SL-04-00470,SO-04-00235,2026-04-01,2026-04-07,C00326,P0179,D004,North,Online,2,354.99,0.05
SL-04-00471,SO-04-00236,2026-04-10,2026-04-17,C00989,P0261,D001,South,Online,4,276.99,0.05
SL-04-00472,SO-04-00236,2026-04-04,2026-04-12,C00267,P0144,D104,West,Store,2,294.74,0.10
SL-04-00473,SO-04-00237,2026-04-12,2026-04-17,C00048,P0251,D090,East,Store,2,164.49,0.05
SL-04-00474,SO-04-00237,2026-04-18,2026-04-26,C01014,P0096,D052,Central,Partner,3,88.24,0.15
SL-04-00475,SO-04-00238,2026-04-25,2026-04-29,C00042,P0124,D059,East,Online,3,69.74,0.15
SL-04-00476,SO-04-00238,2026-04-14,2026-04-18,C00164,P0051,D067,South,Store,2,248.99,0
SL-04-00477,SO-04-00239,2026-04-11,2026-04-19,C00270,P0115,D004,East,Store,5,301.99,0.15
SL-04-00478,SO-04-00239,2026-04-21,2026-04-22,C00758,P0061,D089,West,Online,3,27.99,0.10
SL-04-00479,SO-04-00240,2026-04-18,2026-04-25,C00803,P0208,D070,North,Partner,1,347.74,0
SL-04-00480,SO-04-00240,2026-04-18,2026-04-25,C00743,P0292,D031,East,Partner,2,292.24,0.05
SL-04-00481,SO-04-00241,2026-04-03,2026-04-09,C00145,P0068,D035,North,Online,2,106.74,0
SL-04-00482,SO-04-00241,2026-04-02,2026-04-09,C00319,P0051,D092,South,Online,5,248.99,0.10
SL-04-00483,SO-04-00242,2026-04-24,2026-04-29,C00046,P0004,D047,Central,Partner,1,53.74,0.05
SL-04-00484,SO-04-00242,2026-04-18,2026-04-24,C00288,P0248,D017,East,Store,1,130.74,0
SL-04-00485,SO-04-00243,2026-04-19,,C00642,P0352,D098,Central,Online,1,300.24,0.10
SL-04-00486,SO-04-00243,2026-04-14,2026-04-21,C00191,P0044,D016,Central,Partner,2,170.24,0.05
SL-04-00487,SO-04-00244,2026-04-03,2026-04-10,C00086,P0267,D100,Central,Partner,5,344.49,0
SL-04-00488,SO-04-00244,2026-04-24,2026-04-27,C00846,P0006,D014,West,Online,2,76.24,0.15
SL-04-00489,SO-04-00245,2026-04-02,2026-04-04,C00229,P0304,D053,East,Online,2,93.74,0.05
SL-04-00490,SO-04-00245,2026-04-14,2026-04-18,C00845,P0157,D061,Central,Store,4,107.49,0.05
SL-04-00491,SO-04-00246,2026-04-21,2026-04-26,C00659,P0195,D017,South,Partner,3,201.49,0
SL-04-00492,SO-04-00246,2026-04-21,2026-04-24,C00969,P0139,D107,West,Partner,2,238.49,0.05
SL-04-00493,SO-04-00247,2026-04-18,2026-04-23,C00522,P0095,D100,West,Partner,5,76.99,0.10
SL-04-00494,SO-04-00247,2026-04-14,2026-04-16,C00147,P0217,D089,Central,Store,1,115.49,0.15
SL-04-00495,SO-04-00248,2026-04-20,2026-04-21,C00790,P0186,D059,East,Store,5,100.24,0.15
SL-04-00496,SO-04-00248,2026-04-12,2026-04-19,C00014,P0041,D067,East,Store,4,136.49,0.10
SL-04-00497,SO-04-00249,2026-04-15,2026-04-23,C01367,P0113,D046,East,Store,2,279.49,0.05
SL-04-00498,SO-04-00249,2026-04-07,2026-04-09,C00959,P0019,D009,West,Partner,2,222.49,0.05
SL-04-00499,SO-04-00250,2026-04-15,2026-04-18,C00474,P0116,D027,West,Store,2,313.24,0.10
SL-04-00500,SO-04-00250,2026-04-29,2026-05-02,C01083,P0328,D109,Central,Store,5,363.74,0.15
SL-04-00501,SO-04-00251,2026-04-18,2026-04-25,C00642,P0069,D069,East,Store,2,117.99,0.15
SL-04-00502,SO-04-00251,2026-04-15,2026-04-22,C00102,P0332,D094,West,Partner,3,75.24,0.15
SL-04-00503,SO-04-00252,2026-04-06,2026-04-08,C00032,P0124,D025,West,Online,1,69.74,0.05
SL-04-00504,SO-04-00252,2026-04-16,2026-04-24,C00337,P0114,D002,West,Online,5,290.74,0.15
SL-04-00505,SO-04-00253,2026-04-04,2026-04-05,C00049,P0097,D042,East,Online,3,99.49,0.15
SL-04-00506,SO-04-00253,2026-04-29,2026-05-06,C00634,P0056,D021,East,Online,2,305.24,0.15
SL-04-00507,SO-04-00254,2026-04-07,,C00169,P0054,D052,North,Store,3,282.74,0.10
SL-04-00508,SO-04-00254,2026-04-13,2026-04-21,C00923,P0263,D043,North,Online,1,299.49,0.10
SL-04-00509,SO-04-00255,2026-04-18,2026-04-20,C00491,P0077,D035,Central,Online,1,207.99,0
SL-04-00510,SO-04-00255,2026-04-14,2026-04-15,C00029,P0016,D073,West,Online,4,188.74,0.10
SL-04-00511,SO-04-00256,2026-04-06,2026-04-12,C00335,P0016,D101,South,Online,1,188.74,0.15
SL-04-00512,SO-04-00256,2026-04-04,2026-04-12,C00682,P0062,D057,Central,Partner,3,39.24,0.05
SL-04-00513,SO-04-00257,2026-04-12,2026-04-19,C01016,P0030,D059,North,Online,4,346.24,0
SL-04-00514,SO-04-00257,2026-04-17,2026-04-18,C00123,P0001,D025,South,Partner,5,19.99,0.05
SL-04-00515,SO-04-00258,2026-04-07,2026-04-08,C00356,P0291,D029,Central,Partner,4,280.99,0
SL-04-00516,SO-04-00258,2026-04-12,2026-04-13,C00817,P0020,D078,East,Store,2,233.74,0
SL-04-00517,SO-04-00259,2026-04-19,2026-04-25,C00910,P0096,D022,East,Online,5,88.24,0
SL-04-00518,SO-04-00259,2026-04-21,2026-04-22,C00021,P0193,D014,East,Online,2,178.99,0.05
SL-04-00519,SO-04-00260,2026-04-29,2026-05-04,C00599,P0231,D004,Central,Partner,5,272.99,0.10
SL-04-00520,SO-04-00260,2026-04-29,2026-05-05,C00978,P0053,D067,Central,Online,4,271.49,0.15
SL-04-00521,SO-04-00261,2026-04-21,2026-04-25,C00056,P0089,D019,Central,Online,2,342.99,0.10
SL-04-00522,SO-04-00261,2026-04-16,2026-04-20,C00975,P0157,D056,North,Partner,5,107.49,0.10
SL-04-00523,SO-04-00262,2026-04-16,2026-04-18,C00899,P0135,D108,South,Store,5,193.49,0
SL-04-00524,SO-04-00262,2026-04-02,2026-04-08,C00126,P0178,D055,West,Online,3,343.74,0.10
SL-04-00525,SO-04-00263,2026-04-19,2026-04-20,C00983,P0047,D058,West,Store,2,203.99,0.10
SL-04-00526,SO-04-00263,2026-04-05,2026-04-10,C00409,P0357,D042,East,Partner,3,356.49,0
SL-04-00527,SO-04-00264,2026-04-10,2026-04-16,C00646,P0059,D086,East,Online,5,338.99,0.15
SL-04-00528,SO-04-00264,2026-04-26,2026-05-04,C01358,P0208,D031,East,Online,4,347.74,0
SL-04-00529,SO-04-00265,2026-04-02,,C01024,P0279,D025,West,Store,2,145.99,0.10
SL-04-00530,SO-04-00265,2026-04-25,2026-05-03,C00782,P0005,D002,South,Store,1,64.99,0
SL-04-00531,SO-04-00266,2026-04-04,2026-04-11,C01074,P0307,D037,East,Partner,2,127.49,0.05
SL-04-00532,SO-04-00266,2026-04-14,2026-04-22,C00420,P0214,D069,South,Online,4,81.74,0
SL-04-00533,SO-04-00267,2026-04-05,2026-04-06,C00853,P0259,D011,East,Online,2,254.49,0
SL-04-00534,SO-04-00267,2026-04-24,2026-04-30,C00021,P0239,D104,East,Partner,4,362.99,0.05
SL-04-00535,SO-04-00268,2026-04-06,2026-04-07,C00697,P0110,D066,South,Online,5,245.74,0
SL-04-00536,SO-04-00268,2026-04-06,2026-04-08,C00334,P0039,D039,North,Online,4,113.99,0
SL-04-00537,SO-04-00269,2026-04-21,2026-04-28,C00233,P0012,D009,South,Store,1,143.74,0.15
SL-04-00538,SO-04-00269,2026-04-15,2026-04-23,C00170,P0226,D003,South,Online,4,216.74,0.15
SL-04-00539,SO-04-00270,2026-04-09,2026-04-14,C00225,P0061,D024,East,Store,4,27.99,0
SL-04-00540,SO-04-00270,2026-04-08,2026-04-15,C01068,P0263,D054,East,Online,2,299.49,0.15
SL-04-00541,SO-04-00271,2026-04-16,2026-04-24,C00164,P0155,D024,Central,Store,3,84.99,0
SL-04-00542,SO-04-00271,2026-04-20,2026-04-28,C00049,P0173,D018,West,Partner,4,287.49,0
SL-04-00543,SO-04-00272,2026-04-03,2026-04-09,C00481,P0348,D097,West,Partner,4,255.24,0.10
SL-04-00544,SO-04-00272,2026-04-22,2026-04-23,C00948,P0014,D038,West,Online,1,166.24,0.15
SL-04-00545,SO-04-00273,2026-04-08,2026-04-10,C00941,P0064,D021,East,Store,2,61.74,0.10
SL-04-00546,SO-04-00273,2026-04-18,2026-04-21,C00470,P0206,D061,West,Partner,5,325.24,0.05
SL-04-00547,SO-04-00274,2026-04-12,2026-04-14,C01093,P0155,D022,West,Partner,5,84.99,0.05
SL-04-00548,SO-04-00274,2026-04-29,2026-05-01,C00842,P0350,D100,Central,Store,4,277.74,0.05
SL-04-00549,SO-04-00275,2026-04-28,2026-05-03,C00356,P0090,D086,Central,Store,3,354.24,0
SL-04-00550,SO-04-00275,2026-04-25,2026-04-29,C00727,P0049,D038,Central,Store,3,226.49,0.05
SL-04-00551,SO-04-00276,2026-04-19,,C01047,P0294,D049,South,Online,1,314.74,0.15
SL-04-00552,SO-04-00276,2026-04-01,2026-04-02,C00470,P0307,D011,North,Store,1,127.49,0
SL-04-00553,SO-04-00277,2026-04-12,2026-04-15,C00449,P0308,D108,West,Store,2,138.74,0.05
SL-04-00554,SO-04-00277,2026-04-08,2026-04-14,C00183,P0215,D005,South,Store,2,92.99,0.05
SL-04-00555,SO-04-00278,2026-04-05,2026-04-07,C00869,P0018,D082,Central,Store,4,211.24,0.10
SL-04-00556,SO-04-00278,2026-04-17,2026-04-19,C00543,P0013,D055,East,Online,2,154.99,0.05
SL-04-00557,SO-04-00279,2026-04-26,2026-05-01,C00442,P0202,D015,South,Partner,4,280.24,0.10
SL-04-00558,SO-04-00279,2026-04-26,2026-04-28,C00699,P0191,D050,West,Online,2,156.49,0.15
SL-04-00559,SO-04-00280,2026-04-30,2026-05-03,C01369,P0277,D001,South,Online,5,123.49,0
SL-04-00560,SO-04-00280,2026-04-04,2026-04-07,C00402,P0237,D042,West,Online,1,340.49,0
SL-04-00561,SO-04-00281,2026-04-16,2026-04-22,C00049,P0035,D109,Central,Store,5,68.99,0.15
SL-04-00562,SO-04-00281,2026-04-06,2026-04-10,C00764,P0011,D055,South,Online,2,132.49,0.15
SL-04-00563,SO-04-00282,2026-04-02,2026-04-05,C00578,P0033,D098,North,Partner,4,46.49,0.15
SL-04-00564,SO-04-00282,2026-04-28,2026-05-04,C00079,P0190,D053,West,Store,2,145.24,0.15
SL-04-00565,SO-04-00283,2026-04-03,2026-04-07,C00170,P0352,D035,Central,Partner,4,300.24,0.15
SL-04-00566,SO-04-00283,2026-04-25,2026-04-29,C00271,P0053,D066,North,Store,3,271.49,0
SL-04-00567,SO-04-00284,2026-04-09,2026-04-13,C00198,P0040,D111,North,Store,4,125.24,0
SL-04-00568,SO-04-00284,2026-04-21,2026-04-26,C00648,P0115,D039,Central,Store,1,301.99,0.10
SL-04-00569,SO-04-00285,2026-04-29,2026-05-06,C00641,P0126,D046,Central,Online,2,92.24,0.15
SL-04-00570,SO-04-00285,2026-04-29,2026-05-07,C00470,P0089,D051,North,Online,1,342.99,0.05
SL-04-00571,SO-04-00286,2026-04-21,2026-04-29,C00134,P0297,D030,Central,Online,4,348.49,0.15
SL-04-00572,SO-04-00286,2026-04-04,2026-04-12,C00061,P0284,D035,South,Partner,4,202.24,0
SL-04-00573,SO-04-00287,2026-04-14,,C00952,P0184,D101,South,Online,5,77.74,0.10
SL-04-00574,SO-04-00287,2026-04-06,2026-04-14,C00518,P0359,D079,South,Store,2,378.99,0
SL-04-00575,SO-04-00288,2026-04-02,2026-04-09,C00880,P0138,D028,Central,Online,2,227.24,0.10
SL-04-00576,SO-04-00288,2026-04-23,2026-04-30,C00561,P0160,D091,Central,Partner,3,141.24,0.05
SL-04-00577,SO-04-00289,2026-04-04,2026-04-10,C01059,P0089,D110,Central,Partner,2,342.99,0.15
SL-04-00578,SO-04-00289,2026-04-01,2026-04-08,C00706,P0211,D103,Central,Partner,1,47.99,0.15
SL-04-00579,SO-04-00290,2026-04-06,2026-04-09,C00324,P0293,D010,North,Partner,4,303.49,0.15
SL-04-00580,SO-04-00290,2026-04-09,2026-04-11,C00322,P0055,D084,North,Partner,5,293.99,0.05
SL-04-00581,SO-04-00291,2026-04-13,2026-04-14,C01000,P0265,D050,West,Online,1,321.99,0.05
SL-04-00582,SO-04-00291,2026-04-21,2026-04-24,C00608,P0060,D099,North,Store,1,350.24,0
SL-04-00583,SO-04-00292,2026-04-14,2026-04-22,C00224,P0357,D063,Central,Store,2,356.49,0.05
SL-04-00584,SO-04-00292,2026-04-22,2026-04-29,C00402,P0024,D099,North,Partner,3,278.74,0.15
SL-04-00585,SO-04-00293,2026-04-24,2026-04-25,C00286,P0328,D012,Central,Store,2,363.74,0.05
SL-04-00586,SO-04-00293,2026-04-02,2026-04-08,C01008,P0037,D009,Central,Partner,1,91.49,0.10
SL-04-00587,SO-04-00294,2026-04-22,2026-04-28,C00843,P0157,D059,South,Partner,5,107.49,0
SL-04-00588,SO-04-00294,2026-04-21,2026-04-26,C00810,P0321,D097,Central,Partner,4,284.99,0.05
SL-04-00589,SO-04-00295,2026-04-27,2026-04-29,C00080,P0307,D097,East,Online,1,127.49,0.10
SL-04-00590,SO-04-00295,2026-04-12,2026-04-14,C01360,P0190,D066,South,Store,3,145.24,0.15
SL-04-00591,SO-04-00296,2026-04-11,2026-04-17,C00833,P0153,D019,North,Store,3,62.49,0.05
SL-04-00592,SO-04-00296,2026-04-23,2026-04-29,C00981,P0263,D102,East,Online,4,299.49,0.10
SL-04-00593,SO-04-00297,2026-04-19,2026-04-27,C00213,P0328,D027,Central,Store,4,363.74,0.10
SL-04-00594,SO-04-00297,2026-04-09,2026-04-11,C00974,P0176,D030,Central,Online,1,321.24,0.05
SL-04-00595,SO-04-00298,2026-04-19,,C00831,P0089,D108,East,Online,4,342.99,0.15
SL-04-00596,SO-04-00298,2026-04-14,2026-04-15,C00836,P0270,D024,Central,Partner,4,378.24,0.15
SL-04-00597,SO-04-00299,2026-04-16,2026-04-23,C01067,P0182,D078,West,Online,3,55.24,0.05
SL-04-00598,SO-04-00299,2026-04-06,2026-04-12,C01080,P0108,D046,Central,Store,3,223.24,0.10
SL-04-00599,SO-04-00300,2026-04-22,2026-04-24,C00998,P0134,D100,West,Store,1,182.24,0.15
SL-04-00600,SO-04-00300,2026-04-08,2026-04-10,C00437,P0106,D072,West,Partner,3,200.74,0.10
SL-04-00601,SO-04-00301,2026-04-18,2026-04-25,C00378,P0264,D007,North,Partner,1,310.74,0
SL-04-00602,SO-04-00301,2026-04-26,2026-04-27,C00589,P0029,D087,West,Store,2,334.99,0.05
SL-04-00603,SO-04-00302,2026-04-03,2026-04-07,C00610,P0235,D107,South,Partner,1,317.99,0.15
SL-04-00604,SO-04-00302,2026-04-11,2026-04-14,C00971,P0062,D001,North,Online,4,39.24,0
SL-04-00605,SO-04-00303,2026-04-24,2026-04-27,C00305,P0013,D108,West,Store,2,154.99,0.15
SL-04-00606,SO-04-00303,2026-04-20,2026-04-22,C00280,P0066,D040,West,Store,1,84.24,0.10
SL-04-00607,SO-04-00304,2026-04-29,2026-05-07,C01053,P0084,D095,West,Partner,2,286.74,0
SL-04-00608,SO-04-00304,2026-04-24,2026-04-26,C00420,P0099,D089,East,Online,5,121.99,0.10
SL-04-00609,SO-04-00305,2026-04-06,2026-04-14,C00885,P0349,D053,South,Store,5,266.49,0.15
SL-04-00610,SO-04-00305,2026-04-20,2026-04-22,C00592,P0299,D064,North,Partner,4,370.99,0.05
SL-04-00611,SO-04-00306,2026-04-06,2026-04-08,C00514,P0200,D037,North,Partner,4,257.74,0.05
SL-04-00612,SO-04-00306,2026-04-22,2026-04-29,C00936,P0225,D093,Central,Store,5,205.49,0.05
SL-04-00613,SO-04-00307,2026-04-06,2026-04-09,C00372,P0152,D033,West,Store,4,51.24,0
SL-04-00614,SO-04-00307,2026-04-24,2026-04-26,C00410,P0148,D041,Central,Partner,5,339.74,0
SL-04-00615,SO-04-00308,2026-04-10,2026-04-12,C00421,P0011,D064,West,Partner,1,132.49,0
SL-04-00616,SO-04-00308,2026-04-28,2026-05-05,C00280,P0135,D101,West,Partner,5,193.49,0.10
SL-04-00617,SO-04-00309,2026-04-20,,C01076,P0176,D010,West,Partner,1,321.24,0.05
SL-04-00618,SO-04-00309,2026-04-23,2026-04-24,C00911,P0139,D003,Central,Partner,1,238.49,0.10
SL-04-00619,SO-04-00310,2026-04-16,2026-04-19,C00243,P0057,D030,East,Partner,5,316.49,0.15
SL-04-00620,SO-04-00310,2026-04-20,2026-04-21,C00515,P0301,D102,East,Online,2,59.99,0.10
SL-04-00621,SO-04-00311,2026-04-12,2026-04-19,C01351,P0345,D059,East,Partner,4,221.49,0.05
SL-04-00622,SO-04-00311,2026-04-28,2026-05-01,C00409,P0161,D082,West,Partner,1,152.49,0.05
SL-04-00623,SO-04-00312,2026-04-28,2026-04-29,C00258,P0041,D038,South,Store,1,136.49,0.05
SL-04-00624,SO-04-00312,2026-04-27,2026-05-01,C00906,P0086,D082,East,Store,1,309.24,0.05
SL-04-00625,SO-04-00313,2026-04-01,2026-04-06,C00106,P0200,D003,South,Online,2,257.74,0.10
SL-04-00626,SO-04-00313,2026-04-19,2026-04-25,C00265,P0168,D064,South,Store,1,231.24,0.15
SL-04-00627,SO-04-00314,2026-04-19,2026-04-27,C00973,P0297,D037,East,Store,3,348.49,0
SL-04-00628,SO-04-00314,2026-04-03,2026-04-10,C01052,P0283,D094,Central,Online,1,190.99,0.05
SL-04-00629,SO-04-00315,2026-04-20,2026-04-22,C00318,P0149,D015,East,Partner,4,350.99,0
SL-04-00630,SO-04-00315,2026-04-10,2026-04-17,C00356,P0341,D021,West,Store,3,176.49,0.10
SL-04-00631,SO-04-00316,2026-04-02,2026-04-06,C00256,P0329,D057,West,Online,1,374.99,0
SL-04-00632,SO-04-00316,2026-04-27,2026-04-30,C01100,P0019,D006,North,Store,3,222.49,0.10
SL-04-00633,SO-04-00317,2026-04-06,2026-04-13,C00471,P0280,D096,South,Store,5,157.24,0.05
SL-04-00634,SO-04-00317,2026-04-23,2026-04-29,C00152,P0018,D009,East,Online,4,211.24,0.15
SL-04-00635,SO-04-00318,2026-04-12,2026-04-15,C00713,P0307,D106,West,Store,4,127.49,0.05
SL-04-00636,SO-04-00318,2026-04-29,2026-05-05,C00176,P0131,D097,East,Store,1,148.49,0.10
SL-04-00637,SO-04-00319,2026-04-18,2026-04-26,C00938,P0029,D036,West,Online,5,334.99,0.15
SL-04-00638,SO-04-00319,2026-04-08,2026-04-16,C01015,P0287,D005,East,Store,4,235.99,0.10
SL-04-00639,SO-04-00320,2026-04-26,,C00218,P0193,D083,East,Online,3,178.99,0
SL-04-00640,SO-04-00320,2026-04-23,2026-04-27,C00310,P0002,D058,North,Online,1,31.24,0.15
SL-04-00641,SO-04-00321,2026-04-04,2026-04-10,C00014,P0263,D064,West,Store,2,299.49,0.10
SL-04-00642,SO-04-00321,2026-04-24,2026-04-26,C00843,P0334,D111,West,Store,1,97.74,0.05
SL-04-00643,SO-04-00322,2026-04-27,2026-05-03,C00284,P0112,D097,North,Online,5,268.24,0.10
SL-04-00644,SO-04-00322,2026-04-14,2026-04-21,C01017,P0062,D052,North,Online,1,39.24,0.05
SL-04-00645,SO-04-00323,2026-04-09,2026-04-15,C00365,P0230,D086,North,Online,5,261.74,0.15
SL-04-00646,SO-04-00323,2026-04-05,2026-04-13,C00982,P0020,D036,Central,Store,4,233.74,0.15
SL-04-00647,SO-04-00324,2026-04-05,2026-04-08,C00214,P0050,D001,North,Online,1,237.74,0.10
SL-04-00648,SO-04-00324,2026-04-01,2026-04-06,C00400,P0357,D064,Central,Store,2,356.49,0
SL-04-00649,SO-04-00325,2026-04-26,2026-04-27,C00346,P0183,D098,South,Partner,4,66.49,0.05
SL-04-00650,SO-04-00325,2026-04-28,2026-05-03,C00463,P0102,D046,West,Store,3,155.74,0.05
SL-04-00651,SO-04-00326,2026-04-16,2026-04-18,C00066,P0019,D004,Central,Store,3,222.49,0.05
SL-04-00652,SO-04-00326,2026-04-15,2026-04-20,C01362,P0076,D092,South,Store,3,196.74,0.10
SL-04-00653,SO-04-00327,2026-04-30,2026-05-08,C00004,P0063,D019,West,Online,2,50.49,0.10
SL-04-00654,SO-04-00327,2026-04-08,2026-04-13,C01003,P0252,D020,West,Store,1,175.74,0.15
SL-04-00655,SO-04-00328,2026-04-16,2026-04-23,C00183,P0250,D069,South,Store,1,153.24,0
SL-04-00656,SO-04-00328,2026-04-16,2026-04-19,C00359,P0161,D070,East,Store,4,152.49,0.10
SL-04-00657,SO-04-00329,2026-04-01,2026-04-05,C00411,P0190,D101,North,Store,2,145.24,0.10
SL-04-00658,SO-04-00329,2026-04-20,2026-04-23,C00371,P0270,D031,North,Partner,3,378.24,0.10
SL-04-00659,SO-04-00330,2026-04-28,2026-05-03,C00737,P0287,D013,North,Online,5,235.99,0.15
SL-04-00660,SO-04-00330,2026-04-23,2026-04-27,C00922,P0205,D021,West,Store,4,313.99,0.05
SL-04-00661,SO-04-00331,2026-04-22,,C01090,P0146,D007,Central,Store,1,317.24,0.10
SL-04-00662,SO-04-00331,2026-04-25,2026-04-26,C00781,P0167,D042,North,Store,2,219.99,0.15
SL-04-00663,SO-04-00332,2026-04-02,2026-04-10,C00730,P0179,D031,Central,Partner,2,354.99,0.10
SL-04-00664,SO-04-00332,2026-04-26,2026-04-29,C01059,P0297,D013,South,Partner,3,348.49,0.05
SL-04-00665,SO-04-00333,2026-04-27,2026-04-29,C00813,P0238,D015,North,Partner,3,351.74,0.15
SL-04-00666,SO-04-00333,2026-04-23,2026-04-27,C00184,P0038,D105,West,Partner,5,102.74,0
SL-04-00667,SO-04-00334,2026-04-23,2026-04-24,C00914,P0173,D066,North,Online,4,287.49,0.10
SL-04-00668,SO-04-00334,2026-04-01,2026-04-08,C00629,P0118,D062,Central,Store,1,335.74,0.05
SL-04-00669,SO-04-00335,2026-04-16,2026-04-19,C00502,P0012,D106,West,Partner,1,143.74,0.15
SL-04-00670,SO-04-00335,2026-04-12,2026-04-20,C00040,P0300,D100,East,Store,2,382.24,0
SL-04-00671,SO-04-00336,2026-04-24,2026-04-29,C00252,P0121,D056,West,Store,2,35.99,0.10
SL-04-00672,SO-04-00336,2026-04-04,2026-04-06,C00319,P0332,D064,West,Online,5,75.24,0.05
SL-04-00673,SO-04-00337,2026-04-28,2026-05-03,C00292,P0018,D018,West,Partner,4,211.24,0
SL-04-00674,SO-04-00337,2026-04-08,2026-04-09,C00284,P0205,D028,South,Online,3,313.99,0.15
SL-04-00675,SO-04-00338,2026-04-16,2026-04-17,C00951,P0163,D067,West,Partner,3,174.99,0
SL-04-00676,SO-04-00338,2026-04-12,2026-04-18,C00335,P0219,D057,West,Store,3,137.99,0.15
SL-04-00677,SO-04-00339,2026-04-03,2026-04-05,C00792,P0237,D093,East,Online,5,340.49,0.05
SL-04-00678,SO-04-00339,2026-04-21,2026-04-27,C01058,P0268,D105,East,Partner,4,355.74,0.05
SL-04-00679,SO-04-00340,2026-04-21,2026-04-23,C00572,P0172,D021,East,Online,3,276.24,0.15
SL-04-00680,SO-04-00340,2026-04-26,2026-04-30,C00803,P0170,D002,Central,Online,3,253.74,0
SL-04-00681,SO-04-00341,2026-04-30,2026-05-03,C00464,P0325,D099,East,Online,2,329.99,0.05
SL-04-00682,SO-04-00341,2026-04-27,2026-04-28,C00995,P0097,D092,West,Partner,2,99.49,0
SL-04-00683,SO-04-00342,2026-04-03,,C01353,P0122,D054,North,Store,5,47.24,0.05
SL-04-00684,SO-04-00342,2026-04-02,2026-04-08,C00865,P0247,D065,West,Partner,2,119.49,0.05
SL-04-00685,SO-04-00343,2026-04-04,2026-04-09,C01099,P0169,D092,East,Online,5,242.49,0.05
SL-04-00686,SO-04-00343,2026-04-27,2026-05-05,C00361,P0203,D108,West,Partner,4,291.49,0.05
SL-04-00687,SO-04-00344,2026-04-17,2026-04-22,C01099,P0317,D076,North,Partner,2,239.99,0.10
SL-04-00688,SO-04-00344,2026-04-28,2026-05-02,C00099,P0245,D088,South,Partner,4,96.99,0
SL-04-00689,SO-04-00345,2026-04-21,2026-04-22,C00400,P0034,D088,East,Store,4,57.74,0.10
SL-04-00690,SO-04-00345,2026-04-09,2026-04-17,C00393,P0350,D024,West,Partner,2,277.74,0.15
SL-04-00691,SO-04-00346,2026-04-14,2026-04-17,C00658,P0217,D002,Central,Online,5,115.49,0.10
SL-04-00692,SO-04-00346,2026-04-03,2026-04-07,C00098,P0319,D056,South,Partner,2,262.49,0.10
SL-04-00693,SO-04-00347,2026-04-26,2026-05-03,C00818,P0197,D013,Central,Online,4,223.99,0
SL-04-00694,SO-04-00347,2026-04-19,2026-04-24,C00191,P0021,D111,South,Online,3,244.99,0.05
SL-04-00695,SO-04-00348,2026-04-28,2026-05-01,C00281,P0176,D010,West,Store,3,321.24,0.05
SL-04-00696,SO-04-00348,2026-04-16,2026-04-19,C00122,P0053,D051,South,Partner,2,271.49,0.05
SL-04-00697,SO-04-00349,2026-04-28,2026-05-02,C00721,P0269,D024,North,Online,3,366.99,0.15
SL-04-00698,SO-04-00349,2026-04-06,2026-04-12,C00535,P0306,D054,West,Partner,4,116.24,0.15
SL-04-00699,SO-04-00350,2026-04-17,2026-04-18,C00968,P0054,D026,West,Online,4,282.74,0.15
SL-04-00700,SO-04-00350,2026-04-18,2026-04-26,C00624,P0186,D005,Central,Online,1,100.24,0.10
SL-04-00701,SO-04-00351,2026-04-09,2026-04-15,C00932,P0357,D060,South,Online,1,356.49,0.15
SL-04-00702,SO-04-00351,2026-04-03,2026-04-05,C00330,P0039,D005,West,Partner,5,113.99,0.10
SL-04-00703,SO-04-00352,2026-04-27,2026-05-05,C00491,P0197,D081,Central,Online,1,223.99,0.05
SL-04-00704,SO-04-00352,2026-04-02,2026-04-05,C00893,P0088,D110,West,Store,1,331.74,0
SL-04-00705,SO-04-00353,2026-04-18,,C00866,P0139,D076,Central,Online,2,238.49,0
SL-04-00706,SO-04-00353,2026-04-10,2026-04-11,C00535,P0003,D069,North,Online,4,42.49,0
SL-04-00707,SO-04-00354,2026-04-16,2026-04-17,C00556,P0175,D059,South,Store,4,309.99,0
SL-04-00708,SO-04-00354,2026-04-05,2026-04-07,C00305,P0300,D043,North,Store,2,382.24,0.10
SL-04-00709,SO-04-00355,2026-04-06,2026-04-12,C00804,P0251,D065,Central,Online,3,164.49,0.05
SL-04-00710,SO-04-00355,2026-04-14,2026-04-22,C00696,P0349,D051,South,Store,5,266.49,0.15
SL-04-00711,SO-04-00356,2026-04-06,2026-04-10,C00226,P0356,D079,North,Online,3,345.24,0.15
SL-04-00712,SO-04-00356,2026-04-20,2026-04-24,C01074,P0062,D030,South,Partner,4,39.24,0.15
SL-04-00713,SO-04-00357,2026-04-07,2026-04-09,C00214,P0250,D003,North,Online,1,153.24,0.10
SL-04-00714,SO-04-00357,2026-04-22,2026-04-27,C01364,P0234,D030,North,Store,5,306.74,0.15
SL-04-00715,SO-04-00358,2026-04-19,2026-04-23,C00508,P0182,D109,West,Partner,3,55.24,0.15
SL-04-00716,SO-04-00358,2026-04-30,2026-05-06,C00650,P0105,D025,South,Partner,3,189.49,0.10
SL-04-00717,SO-04-00359,2026-04-21,2026-04-29,C00204,P0061,D020,North,Store,1,27.99,0.15
SL-04-00718,SO-04-00359,2026-04-03,2026-04-06,C00381,P0147,D024,South,Partner,2,328.49,0.05
SL-04-00719,SO-04-00360,2026-04-27,2026-05-05,C01082,P0311,D108,North,Store,5,172.49,0.15
SL-04-00720,SO-04-00360,2026-04-16,2026-04-19,C00988,P0044,D082,South,Partner,2,170.24,0
SL-04-00721,SO-04-00361,2026-04-13,2026-04-17,C00018,P0219,D068,North,Partner,5,137.99,0.15
SL-04-00722,SO-04-00361,2026-04-26,2026-05-02,C00389,P0028,D065,North,Online,3,323.74,0.15
SL-04-00723,SO-04-00362,2026-04-03,2026-04-07,C00679,P0263,D050,West,Online,5,299.49,0
SL-04-00724,SO-04-00362,2026-04-21,2026-04-29,C00752,P0268,D026,East,Partner,4,355.74,0
SL-04-00725,SO-04-00363,2026-04-11,2026-04-13,C00088,P0006,D021,North,Online,1,76.24,0.15
SL-04-00726,SO-04-00363,2026-04-18,2026-04-24,C00255,P0069,D025,East,Online,4,117.99,0.05
SL-04-00727,SO-04-00364,2026-04-25,,C00469,P0257,D012,Central,Online,2,231.99,0
SL-04-00728,SO-04-00364,2026-04-14,2026-04-19,C00589,P0127,D109,East,Online,3,103.49,0.15
SL-04-00729,SO-04-00365,2026-04-02,2026-04-09,C00753,P0155,D077,East,Store,5,84.99,0.15
SL-04-00730,SO-04-00365,2026-04-09,2026-04-12,C00098,P0175,D086,West,Partner,5,309.99,0.10
SL-04-00731,SO-04-00366,2026-04-10,2026-04-13,C00307,P0318,D084,Central,Partner,5,251.24,0.05
SL-04-00732,SO-04-00366,2026-04-11,2026-04-12,C00873,P0311,D032,North,Store,3,172.49,0.15
SL-04-00733,SO-04-00367,2026-04-21,2026-04-24,C00462,P0075,D085,South,Store,3,185.49,0
SL-04-00734,SO-04-00367,2026-04-25,2026-04-29,C00308,P0232,D014,West,Store,3,284.24,0.15
SL-04-00735,SO-04-00368,2026-04-13,2026-04-15,C00833,P0053,D077,North,Partner,1,271.49,0
SL-04-00736,SO-04-00368,2026-04-13,2026-04-21,C00363,P0153,D009,South,Partner,3,62.49,0
SL-04-00737,SO-04-00369,2026-04-12,2026-04-14,C00618,P0086,D020,West,Partner,5,309.24,0.15
SL-04-00738,SO-04-00369,2026-04-26,2026-04-30,C00167,P0238,D077,North,Partner,4,351.74,0.15
SL-04-00739,SO-04-00370,2026-04-29,2026-05-03,C00822,P0182,D038,Central,Store,5,55.24,0.15
SL-04-00740,SO-04-00370,2026-04-02,2026-04-03,C00246,P0024,D029,South,Online,4,278.74,0
SL-04-00741,SO-04-00371,2026-04-03,2026-04-09,C00979,P0023,D101,North,Store,1,267.49,0.15
SL-04-00742,SO-04-00371,2026-04-11,2026-04-18,C00370,P0304,D053,North,Partner,3,93.74,0.15
SL-04-00743,SO-04-00372,2026-04-30,2026-05-01,C00573,P0096,D089,East,Online,5,88.24,0.15
SL-04-00744,SO-04-00372,2026-04-29,2026-05-06,C00586,P0340,D021,West,Partner,4,165.24,0.05
SL-04-00745,SO-04-00373,2026-04-02,2026-04-09,C01355,P0143,D020,Central,Online,1,283.49,0.15
SL-04-00746,SO-04-00373,2026-04-20,2026-04-26,C00432,P0298,D007,South,Store,4,359.74,0
SL-04-00747,SO-04-00374,2026-04-01,2026-04-07,C00980,P0293,D019,North,Online,4,303.49,0.15
SL-04-00748,SO-04-00374,2026-04-18,2026-04-21,C00500,P0271,D001,East,Online,1,55.99,0.05
SL-04-00749,SO-04-00375,2026-04-20,,C00457,P0347,D066,East,Partner,5,243.99,0.10
SL-04-00750,SO-04-00375,2026-04-15,2026-04-17,C00761,P0255,D028,West,Partner,5,209.49,0.15
SL-04-00751,SO-04-00376,2026-04-03,2026-04-10,C00180,P0353,D104,South,Store,1,311.49,0.10
SL-04-00752,SO-04-00376,2026-04-14,2026-04-17,C00010,P0207,D061,Central,Partner,2,336.49,0.15
SL-04-00753,SO-04-00377,2026-04-27,2026-04-28,C00383,P0147,D056,North,Store,2,328.49,0.05
SL-04-00754,SO-04-00377,2026-04-05,2026-04-11,C00541,P0030,D004,South,Online,4,346.24,0.10
SL-04-00755,SO-04-00378,2026-04-01,2026-04-03,C00901,P0241,D067,West,Partner,5,51.99,0.05
SL-04-00756,SO-04-00378,2026-04-11,2026-04-17,C00757,P0138,D050,South,Partner,2,227.24,0.15
SL-04-00757,SO-04-00379,2026-04-11,2026-04-14,C00657,P0099,D025,Central,Partner,4,121.99,0
SL-04-00758,SO-04-00379,2026-04-22,2026-04-30,C00573,P0143,D046,South,Partner,1,283.49,0.05
SL-04-00759,SO-04-00380,2026-04-25,2026-04-30,C00617,P0051,D012,Central,Online,3,248.99,0.05
SL-04-00760,SO-04-00380,2026-04-29,2026-04-30,C00398,P0131,D011,West,Online,5,148.49,0.15
SL-04-00761,SO-04-00381,2026-04-30,2026-05-07,C00603,P0202,D100,West,Store,2,280.24,0
SL-04-00762,SO-04-00381,2026-04-16,2026-04-20,C00727,P0338,D110,North,Online,1,142.74,0.15
SL-04-00763,SO-04-00382,2026-04-30,2026-05-08,C00878,P0345,D049,West,Store,1,221.49,0.05
SL-04-00764,SO-04-00382,2026-04-07,2026-04-08,C00791,P0129,D083,West,Online,3,125.99,0.15
SL-04-00765,SO-04-00383,2026-04-03,2026-04-08,C00498,P0230,D088,East,Store,4,261.74,0
SL-04-00766,SO-04-00383,2026-04-28,2026-05-03,C00526,P0022,D071,North,Store,5,256.24,0.10
SL-04-00767,SO-04-00384,2026-04-28,2026-05-01,C00405,P0138,D092,Central,Store,3,227.24,0
SL-04-00768,SO-04-00384,2026-04-11,2026-04-13,C00791,P0246,D031,East,Online,3,108.24,0.05
SL-04-00769,SO-04-00385,2026-04-06,2026-04-13,C00733,P0087,D093,Central,Online,2,320.49,0.05
SL-04-00770,SO-04-00385,2026-04-25,2026-05-02,C00735,P0157,D010,East,Partner,1,107.49,0
SL-04-00771,SO-04-00386,2026-04-18,,C00821,P0118,D040,North,Online,5,335.74,0.15
SL-04-00772,SO-04-00386,2026-04-28,2026-05-01,C00033,P0352,D080,Central,Partner,2,300.24,0
SL-04-00773,SO-04-00387,2026-04-20,2026-04-21,C00647,P0004,D024,North,Online,1,53.74,0.05
SL-04-00774,SO-04-00387,2026-04-06,2026-04-10,C00970,P0088,D013,North,Online,2,331.74,0.15
SL-04-00775,SO-04-00388,2026-04-21,2026-04-23,C00541,P0331,D059,East,Store,4,63.99,0.10
SL-04-00776,SO-04-00388,2026-04-27,2026-05-05,C01366,P0292,D044,West,Online,4,292.24,0.05
SL-04-00777,SO-04-00389,2026-04-02,2026-04-04,C01049,P0290,D096,East,Online,5,269.74,0.05
SL-04-00778,SO-04-00389,2026-04-12,2026-04-15,C00652,P0090,D025,North,Store,5,354.24,0.15
SL-04-00779,SO-04-00390,2026-04-18,2026-04-20,C00246,P0224,D078,Central,Online,4,194.24,0.15
SL-04-00780,SO-04-00390,2026-04-03,2026-04-07,C00441,P0189,D112,South,Store,5,133.99,0.05
SL-04-00781,SO-04-00391,2026-04-12,2026-04-19,C00824,P0282,D030,East,Partner,2,179.74,0.05
SL-04-00782,SO-04-00391,2026-04-06,2026-04-09,C00659,P0247,D020,North,Online,1,119.49,0
SL-04-00783,SO-04-00392,2026-04-21,2026-04-22,C00124,P0152,D054,South,Partner,5,51.24,0.10
SL-04-00784,SO-04-00392,2026-04-17,2026-04-18,C00803,P0212,D074,South,Store,3,59.24,0.10
SL-04-00785,SO-04-00393,2026-04-04,2026-04-12,C00999,P0069,D097,West,Partner,4,117.99,0
SL-04-00786,SO-04-00393,2026-04-16,2026-04-22,C00491,P0137,D098,South,Online,1,215.99,0.15
SL-04-00787,SO-04-00394,2026-04-13,2026-04-17,C00628,P0027,D070,East,Online,4,312.49,0.15
SL-04-00788,SO-04-00394,2026-04-26,2026-05-01,C00283,P0196,D066,North,Store,4,212.74,0.05
SL-04-00789,SO-04-00395,2026-04-27,2026-05-03,C00655,P0125,D084,Central,Store,3,80.99,0.10
SL-04-00790,SO-04-00395,2026-04-22,2026-04-27,C00349,P0187,D024,East,Partner,3,111.49,0.05
SL-04-00791,SO-04-00396,2026-04-26,2026-04-27,C00612,P0329,D010,East,Online,2,374.99,0
SL-04-00792,SO-04-00396,2026-04-30,2026-05-02,C00832,P0117,D042,North,Store,3,324.49,0.05
SL-04-00793,SO-04-00397,2026-04-14,,C00307,P0056,D004,East,Online,5,305.24,0.05
SL-04-00794,SO-04-00397,2026-04-10,2026-04-16,C00456,P0301,D020,West,Online,3,59.99,0.10
SL-04-00795,SO-04-00398,2026-04-24,2026-04-28,C01026,P0124,D061,East,Online,1,69.74,0.10
SL-04-00796,SO-04-00398,2026-04-01,2026-04-02,C00963,P0121,D012,South,Online,2,35.99,0.15
SL-04-00797,SO-04-00399,2026-04-25,2026-04-29,C00931,P0105,D011,North,Online,3,189.49,0.05
SL-04-00798,SO-04-00399,2026-04-28,2026-05-01,C00955,P0144,D047,East,Partner,4,294.74,0.05
SL-04-00799,SO-04-00400,2026-04-26,2026-04-28,C00503,P0225,D090,Central,Online,4,205.49,0.15
SL-04-00800,SO-04-00400,2026-04-10,2026-04-12,C00256,P0057,D073,North,Store,5,316.49,0.05
SL-04-00801,SO-04-00401,2026-04-18,2026-04-22,C00095,P0154,D048,Central,Online,4,73.74,0
SL-04-00802,SO-04-00401,2026-04-11,2026-04-15,C00043,P0201,D078,Central,Partner,1,268.99,0.15
SL-04-00803,SO-04-00402,2026-04-29,2026-05-01,C00292,P0087,D018,North,Online,4,320.49,0.05
SL-04-00804,SO-04-00402,2026-04-26,2026-04-27,C00286,P0090,D024,South,Partner,2,354.24,0.10
SL-04-00805,SO-04-00403,2026-04-01,2026-04-04,C00113,P0133,D112,South,Store,1,170.99,0
SL-04-00806,SO-04-00403,2026-04-20,2026-04-26,C00407,P0305,D073,West,Store,1,104.99,0.15
SL-04-00807,SO-04-00404,2026-04-05,2026-04-13,C01357,P0062,D065,Central,Online,3,39.24,0.15
SL-04-00808,SO-04-00404,2026-04-13,2026-04-14,C00084,P0186,D047,West,Online,5,100.24,0.05
SL-04-00809,SO-04-00405,2026-04-24,2026-05-02,C00621,P0350,D096,West,Online,5,277.74,0.10
SL-04-00810,SO-04-00405,2026-04-28,2026-05-05,C00074,P0354,D058,South,Partner,5,322.74,0
SL-04-00811,SO-04-00406,2026-04-02,2026-04-03,C00081,P0011,D021,South,Online,5,132.49,0.15
SL-04-00812,SO-04-00406,2026-04-11,2026-04-13,C00963,P0099,D085,West,Online,5,121.99,0.05
SL-04-00813,SO-04-00407,2026-04-04,2026-04-08,C00551,P0303,D044,South,Store,4,82.49,0.15
SL-04-00814,SO-04-00407,2026-04-08,2026-04-11,C00337,P0358,D084,South,Partner,1,367.74,0.10
SL-04-00815,SO-04-00408,2026-04-14,,C00493,P0116,D010,Central,Online,4,313.24,0.15
SL-04-00816,SO-04-00408,2026-04-20,2026-04-26,C00449,P0131,D048,South,Online,5,148.49,0.10
SL-04-00817,SO-04-00409,2026-04-14,2026-04-15,C00121,P0332,D063,South,Partner,4,75.24,0.05
SL-04-00818,SO-04-00409,2026-04-04,2026-04-12,C00505,P0184,D067,West,Store,1,77.74,0.10
SL-04-00819,SO-04-00410,2026-04-30,2026-05-01,C00809,P0355,D103,East,Online,3,333.99,0.15
SL-04-00820,SO-04-00410,2026-04-23,2026-04-29,C00065,P0329,D101,West,Store,2,374.99,0.10
SL-04-00821,SO-04-00411,2026-04-27,2026-05-01,C00076,P0348,D092,Central,Partner,2,255.24,0.15
SL-04-00822,SO-04-00411,2026-04-03,2026-04-10,C00422,P0197,D035,South,Store,3,223.99,0.10
SL-04-00823,SO-04-00412,2026-04-03,2026-04-09,C00374,P0323,D049,Central,Partner,4,307.49,0.10
SL-04-00824,SO-04-00412,2026-04-07,2026-04-14,C00196,P0276,D013,West,Partner,5,112.24,0.10
SL-04-00825,SO-04-00413,2026-04-06,2026-04-11,C00965,P0251,D020,Central,Partner,4,164.49,0
SL-04-00826,SO-04-00413,2026-04-19,2026-04-23,C00717,P0019,D075,Central,Store,2,222.49,0
SL-04-00827,SO-04-00414,2026-04-21,2026-04-27,C00782,P0286,D017,North,Store,1,224.74,0.05
SL-04-00828,SO-04-00414,2026-04-03,2026-04-10,C00191,P0336,D034,North,Partner,5,120.24,0.10
SL-04-00829,SO-04-00415,2026-04-14,2026-04-21,C00247,P0107,D050,East,Partner,4,211.99,0.10
SL-04-00830,SO-04-00415,2026-04-10,2026-04-13,C00019,P0054,D002,Central,Partner,2,282.74,0.10
SL-04-00831,SO-04-00416,2026-04-30,2026-05-07,C00114,P0119,D050,West,Partner,2,346.99,0
SL-04-00832,SO-04-00416,2026-04-19,2026-04-24,C00914,P0134,D012,North,Store,3,182.24,0.10
SL-04-00833,SO-04-00417,2026-04-16,2026-04-22,C00510,P0163,D097,West,Store,3,174.99,0.15
SL-04-00834,SO-04-00417,2026-04-28,2026-05-06,C00192,P0296,D075,South,Partner,4,337.24,0.15
SL-04-00835,SO-04-00418,2026-04-13,2026-04-15,C00895,P0018,D066,North,Partner,5,211.24,0.10
SL-04-00836,SO-04-00418,2026-04-26,2026-05-01,C01026,P0233,D110,Central,Partner,5,295.49,0.10
SL-04-00837,SO-04-00419,2026-04-11,,C00921,P0029,D064,East,Online,2,334.99,0.15
SL-04-00838,SO-04-00419,2026-04-25,2026-05-01,C01368,P0256,D041,South,Partner,1,220.74,0.15
SL-04-00839,SO-04-00420,2026-04-04,2026-04-09,C00291,P0150,D031,North,Partner,1,362.24,0
SL-04-00840,SO-04-00420,2026-04-03,2026-04-11,C01051,P0066,D053,North,Partner,1,84.24,0.10
SL-04-00841,SO-04-00421,2026-04-15,2026-04-16,C00138,P0228,D088,East,Online,4,239.24,0
SL-04-00842,SO-04-00421,2026-04-07,2026-04-15,C00004,P0046,D050,North,Partner,2,192.74,0
SL-04-00843,SO-04-00422,2026-04-26,2026-04-29,C01082,P0141,D110,Central,Store,2,260.99,0.05
SL-04-00844,SO-04-00422,2026-04-08,2026-04-09,C00703,P0347,D101,Central,Store,4,243.99,0
SL-04-00845,SO-04-00423,2026-04-15,2026-04-18,C00173,P0085,D076,East,Partner,5,297.99,0
SL-04-00846,SO-04-00423,2026-04-22,2026-04-24,C00774,P0140,D063,West,Partner,5,249.74,0.10
SL-04-00847,SO-04-00424,2026-04-03,2026-04-07,C01000,P0228,D108,South,Partner,1,239.24,0.15
SL-04-00848,SO-04-00424,2026-04-22,2026-04-30,C00280,P0356,D011,South,Online,5,345.24,0.05
SL-04-00849,SO-04-00425,2026-04-10,2026-04-14,C01029,P0071,D049,West,Store,1,140.49,0.10
SL-04-00850,SO-04-00425,2026-04-01,2026-04-04,C00585,P0268,D011,East,Store,5,355.74,0.15
SL-04-00851,SO-04-00426,2026-04-05,2026-04-13,C01060,P0024,D090,West,Store,3,278.74,0
SL-04-00852,SO-04-00426,2026-04-02,2026-04-07,C00340,P0236,D096,North,Partner,3,329.24,0.10
SL-04-00853,SO-04-00427,2026-04-08,2026-04-13,C00473,P0176,D092,Central,Store,3,321.24,0
SL-04-00854,SO-04-00427,2026-04-09,2026-04-12,C00235,P0090,D019,West,Partner,2,354.24,0.15
SL-04-00855,SO-04-00428,2026-04-03,2026-04-09,C00752,P0342,D044,Central,Partner,3,187.74,0.15
SL-04-00856,SO-04-00428,2026-04-07,2026-04-10,C00532,P0134,D044,West,Store,1,182.24,0.10
SL-04-00857,SO-04-00429,2026-04-17,2026-04-23,C00991,P0154,D103,South,Partner,2,73.74,0.05
SL-04-00858,SO-04-00429,2026-04-18,2026-04-23,C00029,P0208,D101,Central,Store,4,347.74,0
SL-04-00859,SO-04-00430,2026-04-14,,C00306,P0332,D100,North,Online,2,75.24,0.10
SL-04-00860,SO-04-00430,2026-04-20,2026-04-26,C00821,P0153,D086,North,Partner,5,62.49,0.05
SL-04-00861,SO-04-00431,2026-04-15,2026-04-21,C00504,P0327,D076,Central,Store,1,352.49,0
SL-04-00862,SO-04-00431,2026-04-18,2026-04-23,C00027,P0148,D094,Central,Store,3,339.74,0.05
SL-04-00863,SO-04-00432,2026-04-28,2026-04-29,C00383,P0126,D006,East,Online,4,92.24,0
SL-04-00864,SO-04-00432,2026-04-12,2026-04-19,C00378,P0110,D037,West,Online,1,245.74,0
SL-04-00865,SO-04-00433,2026-04-29,2026-05-03,C00063,P0013,D096,West,Online,3,154.99,0.10
SL-04-00866,SO-04-00433,2026-04-01,2026-04-06,C00968,P0185,D080,East,Online,2,88.99,0
SL-04-00867,SO-04-00434,2026-04-28,2026-05-05,C00807,P0259,D032,North,Online,4,254.49,0.10
SL-04-00868,SO-04-00434,2026-04-11,2026-04-15,C00147,P0201,D019,North,Store,2,268.99,0.15
SL-04-00869,SO-04-00435,2026-04-26,2026-05-04,C01359,P0068,D033,West,Store,1,106.74,0.10
SL-04-00870,SO-04-00435,2026-04-07,2026-04-13,C00800,P0206,D054,Central,Partner,2,325.24,0.10
SL-04-00871,SO-04-00436,2026-04-01,2026-04-02,C01097,P0038,D097,South,Online,5,102.74,0
SL-04-00872,SO-04-00436,2026-04-12,2026-04-16,C00441,P0201,D044,Central,Partner,3,268.99,0.15
SL-04-00873,SO-04-00437,2026-04-24,2026-04-28,C00612,P0072,D049,Central,Online,3,151.74,0.15
SL-04-00874,SO-04-00437,2026-04-13,2026-04-16,C00462,P0011,D044,West,Store,1,132.49,0.05
SL-04-00875,SO-04-00438,2026-04-28,2026-05-01,C01083,P0157,D085,North,Store,2,107.49,0.15
SL-04-00876,SO-04-00438,2026-04-29,2026-05-01,C00493,P0161,D101,East,Online,3,152.49,0.05
SL-04-00877,SO-04-00439,2026-04-15,2026-04-16,C00646,P0211,D109,East,Partner,3,47.99,0.10
SL-04-00878,SO-04-00439,2026-04-12,2026-04-13,C01035,P0321,D016,East,Partner,3,284.99,0.15
SL-04-00879,SO-04-00440,2026-04-06,2026-04-14,C01050,P0137,D001,Central,Online,4,215.99,0.15
SL-04-00880,SO-04-00440,2026-04-19,2026-04-20,C00484,P0353,D089,East,Online,4,311.49,0
SL-04-00881,SO-04-00441,2026-04-22,,C00090,P0095,D074,South,Partner,1,76.99,0.05
SL-04-00882,SO-04-00441,2026-04-03,2026-04-06,C00167,P0134,D013,Central,Store,4,182.24,0.05
SL-04-00883,SO-04-00442,2026-04-28,2026-04-29,C00784,P0154,D096,West,Store,2,73.74,0.05
SL-04-00884,SO-04-00442,2026-04-28,2026-05-02,C00392,P0343,D108,North,Online,3,198.99,0.05
SL-04-00885,SO-04-00443,2026-04-14,2026-04-17,C00450,P0113,D086,East,Online,5,279.49,0.10
SL-04-00886,SO-04-00443,2026-04-25,2026-05-03,C00829,P0304,D035,Central,Store,2,93.74,0.10
SL-04-00887,SO-04-00444,2026-04-05,2026-04-11,C00515,P0344,D039,West,Online,3,210.24,0.05
SL-04-00888,SO-04-00444,2026-04-28,2026-04-29,C00860,P0131,D014,West,Partner,3,148.49,0.10
SL-04-00889,SO-04-00445,2026-04-21,2026-04-27,C00160,P0079,D033,North,Online,3,230.49,0.05
SL-04-00890,SO-04-00445,2026-04-19,2026-04-27,C00465,P0292,D084,South,Online,5,292.24,0
SL-04-00891,SO-04-00446,2026-04-20,2026-04-26,C00163,P0358,D095,North,Partner,5,367.74,0.15
SL-04-00892,SO-04-00446,2026-04-29,2026-05-02,C00303,P0312,D037,Central,Partner,5,183.74,0.15
SL-04-00893,SO-04-00447,2026-04-24,2026-05-02,C00797,P0289,D074,West,Partner,3,258.49,0.05
SL-04-00894,SO-04-00447,2026-04-09,2026-04-13,C00948,P0227,D017,South,Store,1,227.99,0
SL-04-00895,SO-04-00448,2026-04-20,2026-04-22,C00459,P0030,D042,West,Online,2,346.24,0.15
SL-04-00896,SO-04-00448,2026-04-18,2026-04-19,C00346,P0306,D075,East,Online,4,116.24,0.15
SL-04-00897,SO-04-00449,2026-04-23,2026-04-27,C00533,P0226,D004,North,Online,4,216.74,0
SL-04-00898,SO-04-00449,2026-04-05,2026-04-08,C00645,P0214,D059,North,Store,4,81.74,0.10
SL-04-00899,SO-04-00450,2026-04-14,2026-04-19,C00462,P0250,D049,North,Store,4,153.24,0.05
SL-04-00900,SO-04-00450,2026-04-09,2026-04-13,C01370,P0195,D004,West,Partner,1,201.49,0
SL-04-00901,SO-04-00451,2026-04-27,2026-05-04,C00204,P0307,D037,West,Store,3,127.49,0.05
SL-04-00902,SO-04-00451,2026-04-09,2026-04-16,C00673,P0074,D003,Central,Online,5,174.24,0.15
SL-04-00903,SO-04-00452,2026-04-14,,C00769,P0148,D038,Central,Store,4,339.74,0
SL-04-00904,SO-04-00452,2026-04-22,2026-04-28,C00294,P0162,D099,West,Online,2,163.74,0.10
SL-04-00905,SO-04-00453,2026-04-25,2026-04-30,C01042,P0200,D064,North,Partner,5,257.74,0.10
SL-04-00906,SO-04-00453,2026-04-08,2026-04-15,C00095,P0011,D088,West,Online,2,132.49,0.05
SL-04-00907,SO-04-00454,2026-04-21,2026-04-27,C00956,P0327,D077,North,Partner,2,352.49,0.05
SL-04-00908,SO-04-00454,2026-04-14,2026-04-15,C00444,P0141,D017,East,Partner,5,260.99,0.05
SL-04-00909,SO-04-00455,2026-04-12,2026-04-14,C00828,P0253,D019,North,Partner,3,186.99,0
SL-04-00910,SO-04-00455,2026-04-22,2026-04-25,C00963,P0001,D086,North,Store,2,19.99,0
SL-04-00911,SO-04-00456,2026-04-18,2026-04-19,C01090,P0266,D104,Central,Partner,4,333.24,0.15
SL-04-00912,SO-04-00456,2026-04-12,2026-04-19,C00608,P0089,D037,South,Store,1,342.99,0
SL-04-00913,SO-04-00457,2026-04-19,2026-04-24,C01044,P0311,D039,South,Store,5,172.49,0.10
SL-04-00914,SO-04-00457,2026-04-26,2026-04-27,C00221,P0240,D058,North,Store,4,374.24,0
SL-04-00915,SO-04-00458,2026-04-04,2026-04-12,C00070,P0248,D055,South,Online,1,130.74,0
SL-04-00916,SO-04-00458,2026-04-17,2026-04-22,C00095,P0006,D066,Central,Store,5,76.24,0.05
SL-04-00917,SO-04-00459,2026-04-03,2026-04-05,C00863,P0168,D091,East,Online,5,231.24,0.10
SL-04-00918,SO-04-00459,2026-04-18,2026-04-22,C00201,P0267,D028,North,Partner,3,344.49,0.15
SL-04-00919,SO-04-00460,2026-04-23,2026-04-24,C00688,P0139,D103,Central,Partner,1,238.49,0.15
SL-04-00920,SO-04-00460,2026-04-03,2026-04-04,C00838,P0021,D055,South,Store,5,244.99,0.15
SL-04-00921,SO-04-00461,2026-04-11,2026-04-15,C00642,P0107,D065,West,Online,1,211.99,0.15
SL-04-00922,SO-04-00461,2026-04-19,2026-04-21,C00874,P0119,D054,East,Store,4,346.99,0
SL-04-00923,SO-04-00462,2026-04-09,2026-04-14,C00149,P0091,D059,East,Online,5,31.99,0.15
SL-04-00924,SO-04-00462,2026-04-23,2026-04-29,C00869,P0255,D035,Central,Online,2,209.49,0.10
SL-04-00925,SO-04-00463,2026-04-05,,C00148,P0301,D099,West,Online,1,59.99,0
SL-04-00926,SO-04-00463,2026-04-23,2026-04-29,C00257,P0184,D080,South,Partner,4,77.74,0.05
SL-04-00927,SO-04-00464,2026-04-19,2026-04-23,C00305,P0238,D010,North,Store,2,351.74,0.05
SL-04-00928,SO-04-00464,2026-04-13,2026-04-21,C00710,P0229,D052,Central,Store,1,250.49,0.15
SL-04-00929,SO-04-00465,2026-04-06,2026-04-14,C01079,P0132,D104,South,Store,5,159.74,0.05
SL-04-00930,SO-04-00465,2026-04-07,2026-04-15,C00636,P0312,D084,Central,Online,2,183.74,0
SL-04-00931,SO-04-00466,2026-04-18,2026-04-24,C01361,P0281,D072,South,Partner,1,168.49,0.10
SL-04-00932,SO-04-00466,2026-04-19,2026-04-22,C00985,P0087,D106,East,Store,4,320.49,0.10
SL-04-00933,SO-04-00467,2026-04-15,2026-04-23,C00730,P0226,D095,East,Online,4,216.74,0.05
SL-04-00934,SO-04-00467,2026-04-21,2026-04-28,C00407,P0213,D016,South,Partner,3,70.49,0
SL-04-00935,SO-04-00468,2026-04-11,2026-04-19,C00830,P0035,D001,South,Store,5,68.99,0
SL-04-00936,SO-04-00468,2026-04-13,2026-04-19,C00464,P0020,D097,South,Partner,4,233.74,0.10
SL-04-00937,SO-04-00469,2026-04-11,2026-04-17,C00993,P0320,D112,Central,Partner,5,273.74,0.05
SL-04-00938,SO-04-00469,2026-04-05,2026-04-12,C00548,P0059,D105,North,Partner,5,338.99,0.05
SL-04-00939,SO-04-00470,2026-04-19,2026-04-20,C01003,P0010,D106,East,Partner,2,121.24,0.15
SL-04-00940,SO-04-00470,2026-04-13,2026-04-17,C00587,P0215,D096,West,Partner,4,92.99,0.10
SL-04-00941,SO-04-00471,2026-04-24,2026-04-25,C01055,P0207,D001,Central,Online,2,336.49,0
SL-04-00942,SO-04-00471,2026-04-03,2026-04-05,C00564,P0345,D097,North,Partner,1,221.49,0.05
SL-04-00943,SO-04-00472,2026-04-07,2026-04-09,C00966,P0147,D068,West,Online,1,328.49,0.05
SL-04-00944,SO-04-00472,2026-04-17,2026-04-20,C00256,P0003,D097,Central,Online,3,42.49,0.15
SL-04-00945,SO-04-00473,2026-04-23,2026-04-30,C00785,P0003,D043,Central,Online,5,42.49,0.05
SL-04-00946,SO-04-00473,2026-04-15,2026-04-19,C00645,P0326,D020,South,Store,5,341.24,0.10
SL-04-00947,SO-04-00474,2026-04-27,,C00229,P0018,D020,West,Partner,2,211.24,0.15
SL-04-00948,SO-04-00474,2026-04-14,2026-04-21,C00663,P0048,D109,East,Partner,5,215.24,0
SL-04-00949,SO-04-00475,2026-04-21,2026-04-23,C00896,P0113,D062,South,Store,1,279.49,0
SL-04-00950,SO-04-00475,2026-04-25,2026-04-29,C00297,P0092,D011,East,Store,4,43.24,0.15
SL-04-00951,SO-04-00476,2026-04-11,2026-04-15,C00757,P0193,D007,South,Store,2,178.99,0.10
SL-04-00952,SO-04-00476,2026-04-16,2026-04-23,C00236,P0174,D032,Central,Online,1,298.74,0.05
SL-04-00953,SO-04-00477,2026-04-27,2026-05-05,C00591,P0204,D086,West,Online,1,302.74,0.10
SL-04-00954,SO-04-00477,2026-04-22,2026-04-30,C00493,P0020,D006,Central,Online,2,233.74,0
SL-04-00955,SO-04-00478,2026-04-30,2026-05-05,C00871,P0126,D105,West,Online,1,92.24,0
SL-04-00956,SO-04-00478,2026-04-08,2026-04-13,C00693,P0051,D110,South,Online,4,248.99,0.15
SL-04-00957,SO-04-00479,2026-04-25,2026-04-29,C01082,P0294,D017,Central,Partner,4,314.74,0.15
SL-04-00958,SO-04-00479,2026-04-30,2026-05-07,C00172,P0309,D112,West,Store,5,149.99,0.10
SL-04-00959,SO-04-00480,2026-04-14,2026-04-18,C00999,P0132,D071,South,Online,1,159.74,0
SL-04-00960,SO-04-00480,2026-04-12,2026-04-15,C00803,P0304,D079,Central,Store,5,93.74,0.10
SL-04-00961,SO-04-00481,2026-04-11,2026-04-13,C00429,P0033,D086,West,Partner,1,46.49,0.10
SL-04-00962,SO-04-00481,2026-04-25,2026-04-29,C01352,P0047,D096,East,Online,3,203.99,0.10
SL-04-00963,SO-04-00482,2026-04-16,2026-04-23,C00431,P0109,D066,West,Partner,2,234.49,0.15
SL-04-00964,SO-04-00482,2026-04-28,2026-05-01,C00279,P0133,D004,Central,Store,3,170.99,0.10
SL-04-00965,SO-04-00483,2026-04-08,2026-04-12,C00807,P0157,D075,North,Online,3,107.49,0.15
SL-04-00966,SO-04-00483,2026-04-21,2026-04-27,C00419,P0325,D034,East,Store,1,329.99,0.05
SL-04-00967,SO-04-00484,2026-04-16,2026-04-22,C00100,P0208,D101,West,Partner,1,347.74,0.05
SL-04-00968,SO-04-00484,2026-04-15,2026-04-17,C00860,P0039,D101,South,Online,4,113.99,0.10
SL-04-00969,SO-04-00485,2026-04-25,,C00735,P0130,D016,North,Store,4,137.24,0.05
SL-04-00970,SO-04-00485,2026-04-26,2026-05-01,C00463,P0204,D007,East,Partner,5,302.74,0.15
SL-04-00971,SO-04-00486,2026-04-25,2026-05-01,C00626,P0108,D066,Central,Online,3,223.24,0.10
SL-04-00972,SO-04-00486,2026-04-26,2026-05-02,C00354,P0012,D040,East,Online,2,143.74,0.15
SL-04-00973,SO-04-00487,2026-04-29,2026-05-04,C00514,P0177,D014,North,Online,5,332.49,0.15
SL-04-00974,SO-04-00487,2026-04-09,2026-04-12,C00902,P0253,D084,North,Store,5,186.99,0.10
SL-04-00975,SO-04-00488,2026-04-04,2026-04-12,C00767,P0342,D060,West,Store,3,187.74,0.15
SL-04-00976,SO-04-00488,2026-04-22,2026-04-24,C01091,P0274,D111,South,Online,2,89.74,0.15
SL-04-00977,SO-04-00489,2026-04-04,2026-04-05,C00910,P0174,D039,East,Store,2,298.74,0.05
SL-04-00978,SO-04-00489,2026-04-13,2026-04-14,C00394,P0298,D032,East,Partner,2,359.74,0.10
SL-04-00979,SO-04-00490,2026-04-21,2026-04-28,C00109,P0308,D083,North,Partner,2,138.74,0
SL-04-00980,SO-04-00490,2026-04-21,2026-04-29,C00105,P0058,D072,East,Partner,2,327.74,0.05
SL-04-00981,SO-04-00491,2026-04-30,2026-05-04,C00488,P0294,D010,Central,Partner,1,314.74,0
SL-04-00982,SO-04-00491,2026-04-23,2026-05-01,C00291,P0315,D061,East,Store,5,217.49,0.05
SL-04-00983,SO-04-00492,2026-04-30,2026-05-07,C00753,P0094,D058,North,Partner,1,65.74,0.10
SL-04-00984,SO-04-00492,2026-04-13,2026-04-17,C01090,P0232,D026,West,Online,5,284.24,0
SL-04-00985,SO-04-00493,2026-04-29,2026-05-03,C00203,P0269,D088,North,Store,3,366.99,0.10
SL-04-00986,SO-04-00493,2026-04-23,2026-04-25,C00797,P0244,D089,Central,Store,4,85.74,0.10
SL-04-00987,SO-04-00494,2026-04-16,2026-04-24,C00710,P0209,D081,East,Online,5,358.99,0.05
SL-04-00988,SO-04-00494,2026-04-09,2026-04-10,C00657,P0199,D058,South,Online,2,246.49,0.15
SL-04-00989,SO-04-00495,2026-04-09,2026-04-10,C00027,P0335,D034,North,Store,5,108.99,0.05
SL-04-00990,SO-04-00495,2026-04-21,2026-04-24,C00557,P0326,D005,North,Store,4,341.24,0
SL-04-00991,SO-04-00496,2026-04-03,,C00621,P0280,D089,Central,Store,4,157.24,0.05
SL-04-00992,SO-04-00496,2026-04-30,2026-05-01,C00725,P0149,D002,South,Online,5,350.99,0
SL-04-00993,SO-04-00497,2026-04-24,2026-05-02,C01363,P0202,D004,South,Partner,2,280.24,0.05
SL-04-00994,SO-04-00497,2026-04-29,2026-05-05,C00663,P0017,D020,South,Online,1,199.99,0.05
SL-04-00995,SO-04-00498,2026-04-14,2026-04-22,C00126,P0105,D024,West,Store,2,189.49,0
SL-04-00996,SO-04-00498,2026-04-12,2026-04-13,C00353,P0119,D063,West,Partner,5,346.99,0.10
SL-04-00997,SO-04-00499,2026-04-18,2026-04-22,C00197,P0021,D109,Central,Online,4,244.99,0.10
SL-04-00998,SO-04-00499,2026-04-03,2026-04-04,C00713,P0253,D002,East,Partner,5,186.99,0
SL-04-00999,SO-04-00500,2026-04-30,2026-05-08,C01047,P0016,D101,North,Store,5,188.74,0.05
SL-04-01000,SO-04-00500,2026-04-03,2026-04-08,C01045,P0235,D070,North,Partner,5,317.99,0.15
SL-04-01001,SO-04-00501,2026-04-28,2026-05-01,C00006,P0140,D055,Central,Online,3,249.74,0.05
SL-04-01002,SO-04-00501,2026-04-06,2026-04-08,C00006,P0005,D044,East,Store,5,64.99,0
SL-04-01003,SO-04-00502,2026-04-13,2026-04-18,C00030,P0326,D063,West,Partner,3,341.24,0.05
SL-04-01004,SO-04-00502,2026-04-10,2026-04-17,C00755,P0283,D100,North,Store,2,190.99,0.10
SL-04-01005,SO-04-00503,2026-04-11,2026-04-16,C00084,P0016,D105,West,Partner,2,188.74,0.15
SL-04-01006,SO-04-00503,2026-04-06,2026-04-09,C00332,P0025,D005,West,Partner,3,289.99,0.10
SL-04-01007,SO-04-00504,2026-04-12,2026-04-15,C00852,P0116,D094,West,Partner,3,313.24,0.05
SL-04-01008,SO-04-00504,2026-04-16,2026-04-21,C00384,P0336,D074,North,Store,4,120.24,0.05
SL-04-01009,SO-04-00505,2026-04-12,2026-04-14,C00781,P0072,D038,South,Online,3,151.74,0.05
SL-04-01010,SO-04-00505,2026-04-23,2026-04-30,C01053,P0068,D081,South,Partner,1,106.74,0.15
SL-04-01011,SO-04-00506,2026-04-24,2026-04-29,C00559,P0249,D059,East,Partner,2,141.99,0
SL-04-01012,SO-04-00506,2026-04-11,2026-04-14,C00181,P0329,D036,East,Partner,5,374.99,0.15
SL-04-01013,SO-04-00507,2026-04-08,,C00994,P0211,D111,South,Online,4,47.99,0.15
SL-04-01014,SO-04-00507,2026-04-08,2026-04-10,C00350,P0344,D050,North,Online,3,210.24,0.05
SL-04-01015,SO-04-00508,2026-04-19,2026-04-25,C00590,P0100,D040,Central,Store,5,133.24,0
SL-04-01016,SO-04-00508,2026-04-09,2026-04-15,C00083,P0264,D084,East,Store,1,310.74,0.05
SL-04-01017,SO-04-00509,2026-04-24,2026-04-28,C00929,P0039,D015,Central,Online,5,113.99,0.05
SL-04-01018,SO-04-00509,2026-04-06,2026-04-14,C00424,P0084,D090,East,Store,1,286.74,0.05
SL-04-01019,SO-04-00510,2026-04-06,2026-04-12,C00328,P0026,D036,North,Store,5,301.24,0.10
SL-04-01020,SO-04-00510,2026-04-26,2026-05-01,C00027,P0261,D009,South,Partner,1,276.99,0.05
SL-04-01021,SO-04-00511,2026-04-26,2026-05-03,C00461,P0324,D078,Central,Online,3,318.74,0.15
SL-04-01022,SO-04-00511,2026-04-02,2026-04-07,C01097,P0167,D040,North,Online,4,219.99,0.10
SL-04-01023,SO-04-00512,2026-04-09,2026-04-14,C01038,P0287,D013,West,Partner,3,235.99,0
SL-04-01024,SO-04-00512,2026-04-13,2026-04-19,C01354,P0128,D041,Central,Store,3,114.74,0.05
SL-04-01025,SO-04-00513,2026-04-08,2026-04-10,C00819,P0241,D073,East,Store,1,51.99,0.15
SL-04-01026,SO-04-00513,2026-04-14,2026-04-16,C00274,P0092,D012,West,Online,2,43.24,0
SL-04-01027,SO-04-00514,2026-04-05,2026-04-12,C01046,P0254,D037,West,Online,4,198.24,0.10
SL-04-01028,SO-04-00514,2026-04-10,2026-04-14,C00341,P0071,D078,Central,Online,2,140.49,0.15
SL-04-01029,SO-04-00515,2026-04-25,2026-04-30,C00536,P0079,D084,Central,Partner,3,230.49,0.10
SL-04-01030,SO-04-00515,2026-04-01,2026-04-07,C00952,P0127,D009,East,Online,1,103.49,0.15
SL-04-01031,SO-04-00516,2026-04-16,2026-04-22,C00558,P0036,D094,Central,Store,4,80.24,0.15
SL-04-01032,SO-04-00516,2026-04-18,2026-04-23,C00495,P0228,D093,South,Online,2,239.24,0.10
SL-04-01033,SO-04-00517,2026-04-12,2026-04-15,C00049,P0043,D111,North,Partner,5,158.99,0.05
SL-04-01034,SO-04-00517,2026-04-09,2026-04-16,C00966,P0235,D001,South,Store,5,317.99,0.05
SL-04-01035,SO-04-00518,2026-04-13,,C00193,P0195,D024,Central,Online,3,201.49,0.05
SL-04-01036,SO-04-00518,2026-04-03,2026-04-06,C00962,P0253,D094,South,Online,2,186.99,0
SL-04-01037,SO-04-00519,2026-04-18,2026-04-25,C01018,P0260,D025,West,Partner,4,265.74,0.15
SL-04-01038,SO-04-00519,2026-04-14,2026-04-20,C00159,P0318,D019,East,Partner,4,251.24,0.10
SL-04-01039,SO-04-00520,2026-04-03,2026-04-11,C00779,P0247,D063,Central,Online,4,119.49,0.10
SL-04-01040,SO-04-00520,2026-04-14,2026-04-17,C00161,P0057,D107,East,Online,4,316.49,0.15
SL-04-01041,SO-04-00521,2026-04-23,2026-04-30,C00505,P0143,D100,West,Partner,2,283.49,0.05
SL-04-01042,SO-04-00521,2026-04-29,2026-05-07,C00678,P0166,D090,East,Store,2,208.74,0.05
SL-04-01043,SO-04-00522,2026-04-21,2026-04-27,C00294,P0183,D022,Central,Partner,5,66.49,0.15
SL-04-01044,SO-04-00522,2026-04-03,2026-04-06,C00297,P0170,D102,Central,Partner,4,253.74,0.05
SL-04-01045,SO-04-00523,2026-04-12,2026-04-15,C00687,P0142,D038,West,Partner,1,272.24,0.05
SL-04-01046,SO-04-00523,2026-04-13,2026-04-15,C00869,P0344,D036,South,Online,3,210.24,0.15
SL-04-01047,SO-04-00524,2026-04-20,2026-04-22,C01050,P0198,D107,Central,Partner,5,235.24,0
SL-04-01048,SO-04-00524,2026-04-30,2026-05-01,C00538,P0165,D096,North,Store,1,197.49,0.15
SL-04-01049,SO-04-00525,2026-04-14,2026-04-19,C00701,P0337,D002,Central,Online,1,131.49,0.15
SL-04-01050,SO-04-00525,2026-04-25,2026-04-30,C00563,P0167,D091,East,Partner,1,219.99,0.15
SL-04-01051,SO-04-00526,2026-04-28,2026-05-01,C00249,P0122,D043,West,Partner,4,47.24,0.05
SL-04-01052,SO-04-00526,2026-04-21,2026-04-28,C00079,P0176,D059,East,Online,4,321.24,0.15
SL-04-01053,SO-04-00527,2026-04-04,2026-04-11,C00619,P0130,D066,East,Online,2,137.24,0.15
SL-04-01054,SO-04-00527,2026-04-16,2026-04-18,C00914,P0101,D010,North,Store,1,144.49,0.10
SL-04-01055,SO-04-00528,2026-04-18,2026-04-19,C01365,P0314,D031,South,Store,5,206.24,0.15
SL-04-01056,SO-04-00528,2026-04-02,2026-04-06,C00036,P0349,D019,Central,Store,1,266.49,0.15
SL-04-01057,SO-04-00529,2026-04-10,,C00108,P0072,D066,East,Partner,1,151.74,0.15
SL-04-01058,SO-04-00529,2026-04-09,2026-04-10,C00433,P0062,D009,Central,Store,5,39.24,0.15
SL-04-01059,SO-04-00530,2026-04-22,2026-04-29,C00591,P0052,D020,South,Partner,5,260.24,0.10
SL-04-01060,SO-04-00530,2026-04-04,2026-04-09,C00560,P0341,D044,East,Store,5,176.49,0.10
SL-04-01061,SO-04-00531,2026-04-08,2026-04-09,C00892,P0095,D056,North,Store,2,76.99,0.10
SL-04-01062,SO-04-00531,2026-04-20,2026-04-27,C01049,P0106,D065,West,Online,1,200.74,0.15
SL-04-01063,SO-04-00532,2026-04-05,2026-04-07,C00338,P0343,D095,North,Store,3,198.99,0
SL-04-01064,SO-04-00532,2026-04-23,2026-04-29,C00436,P0211,D078,Central,Store,4,47.99,0
SL-04-01065,SO-04-00533,2026-04-30,2026-05-02,C00966,P0107,D025,East,Store,5,211.99,0.05
SL-04-01066,SO-04-00533,2026-04-27,2026-05-05,C00160,P0192,D051,South,Store,4,167.74,0.05
SL-04-01067,SO-04-00534,2026-04-26,2026-05-04,C00389,P0037,D035,East,Store,5,91.49,0.05
SL-04-01068,SO-04-00534,2026-04-04,2026-04-06,C00296,P0053,D003,North,Store,3,271.49,0.15
SL-04-01069,SO-04-00535,2026-04-18,2026-04-19,C01059,P0108,D058,South,Partner,3,223.24,0
SL-04-01070,SO-04-00535,2026-04-25,2026-05-03,C00144,P0202,D093,North,Partner,5,280.24,0
SL-04-01071,SO-04-00536,2026-04-12,2026-04-18,C00406,P0104,D052,Central,Store,3,178.24,0.10
SL-04-01072,SO-04-00536,2026-04-08,2026-04-10,C00981,P0274,D018,East,Store,3,89.74,0.10
SL-04-01073,SO-04-00537,2026-04-21,2026-04-24,C00869,P0102,D074,East,Partner,4,155.74,0.10
SL-04-01074,SO-04-00537,2026-04-07,2026-04-10,C00130,P0019,D053,South,Store,1,222.49,0.15
SL-04-01075,SO-04-00538,2026-04-04,2026-04-10,C00639,P0009,D094,South,Online,3,109.99,0
SL-04-01076,SO-04-00538,2026-04-02,2026-04-06,C00355,P0294,D104,Central,Store,2,314.74,0.15
SL-04-01077,SO-04-00539,2026-04-23,2026-04-27,C00600,P0072,D070,West,Store,3,151.74,0
SL-04-01078,SO-04-00539,2026-04-07,2026-04-11,C01008,P0325,D068,South,Online,1,329.99,0.05
SL-04-01079,SO-04-00540,2026-04-13,,C00718,P0331,D030,West,Online,2,63.99,0.10
SL-04-01080,SO-04-00540,2026-04-26,2026-04-29,C00027,P0344,D053,West,Partner,5,210.24,0.10
SL-04-01081,SO-04-00541,2026-04-04,2026-04-08,C00672,P0318,D063,East,Store,4,251.24,0.05
SL-04-01082,SO-04-00541,2026-04-05,2026-04-13,C00748,P0010,D069,North,Store,4,121.24,0.10
SL-04-01083,SO-04-00542,2026-04-19,2026-04-27,C00877,P0030,D074,Central,Partner,1,346.24,0
SL-04-01084,SO-04-00542,2026-04-30,2026-05-02,C00555,P0359,D003,Central,Store,4,378.99,0
SL-04-01085,SO-04-00543,2026-04-21,2026-04-25,C00112,P0058,D053,Central,Partner,3,327.74,0
SL-04-01086,SO-04-00543,2026-04-10,2026-04-17,C01356,P0286,D046,East,Partner,4,224.74,0
SL-04-01087,SO-04-00544,2026-04-02,2026-04-03,C00162,P0297,D003,South,Online,5,348.49,0.05
SL-04-01088,SO-04-00544,2026-04-09,2026-04-10,C00113,P0284,D067,Central,Store,4,202.24,0.15
SL-04-01089,SO-04-00545,2026-04-05,2026-04-10,C00376,P0145,D102,South,Store,2,305.99,0
SL-04-01090,SO-04-00545,2026-04-17,2026-04-24,C01053,P0202,D083,West,Online,3,280.24,0
SL-04-01091,SO-04-00546,2026-04-23,2026-04-27,C00852,P0350,D003,North,Store,2,277.74,0.15
SL-04-01092,SO-04-00546,2026-04-05,2026-04-12,C00031,P0084,D008,North,Store,1,286.74,0.05
SL-04-01093,SO-04-00547,2026-04-18,2026-04-25,C00913,P0030,D030,Central,Partner,4,346.24,0.05
SL-04-01094,SO-04-00547,2026-04-17,2026-04-23,C00975,P0049,D043,North,Partner,3,226.49,0.15
SL-04-01095,SO-04-00548,2026-04-25,2026-04-27,C00134,P0098,D057,West,Online,4,110.74,0
SL-04-01096,SO-04-00548,2026-04-11,2026-04-18,C00118,P0042,D021,Central,Partner,5,147.74,0.05
SL-04-01097,SO-04-00549,2026-04-01,2026-04-04,C00602,P0088,D024,Central,Online,3,331.74,0
SL-04-01098,SO-04-00549,2026-04-17,2026-04-24,C00850,P0337,D022,South,Online,5,131.49,0.05
SL-04-01099,SO-04-00550,2026-04-22,2026-04-23,C00694,P0160,D051,East,Online,3,141.24,0.15
SL-04-01100,SO-04-00550,2026-04-22,2026-04-27,C00373,P0222,D086,North,Partner,2,171.74,0.05
SL-04-01101,SO-04-00551,2026-04-12,,C00621,P0293,D069,North,Store,3,303.49,0
SL-04-01102,SO-04-00551,2026-04-14,2026-04-17,C00831,P0284,D092,North,Partner,5,202.24,0.15
SL-04-01103,SO-04-00552,2026-04-08,2026-04-13,C00307,P0144,D038,West,Store,3,294.74,0.10
SL-04-01104,SO-04-00552,2026-04-03,2026-04-06,C00039,P0230,D030,Central,Partner,5,261.74,0.15
SL-04-01105,SO-04-00553,2026-04-15,2026-04-17,C00082,P0248,D002,South,Store,2,130.74,0.10
SL-04-01106,SO-04-00553,2026-04-11,2026-04-18,C01049,P0218,D074,East,Partner,1,126.74,0
SL-04-01107,SO-04-00554,2026-04-12,2026-04-19,C00899,P0182,D041,East,Online,1,55.24,0
SL-04-01108,SO-04-00554,2026-04-23,2026-04-27,C00657,P0064,D024,Central,Online,3,61.74,0
SL-04-01109,SO-04-00555,2026-04-05,2026-04-10,C00183,P0343,D104,West,Store,1,198.99,0
SL-04-01110,SO-04-00555,2026-04-29,2026-05-07,C00662,P0198,D087,Central,Store,5,235.24,0
SL-04-01111,SO-04-00556,2026-04-14,2026-04-16,C01018,P0260,D007,Central,Online,2,265.74,0.15
SL-04-01112,SO-04-00556,2026-04-03,2026-04-09,C00998,P0315,D034,West,Online,1,217.49,0
SL-04-01113,SO-04-00557,2026-04-04,2026-04-06,C00853,P0008,D089,South,Partner,2,98.74,0
SL-04-01114,SO-04-00557,2026-04-25,2026-04-26,C00374,P0073,D020,North,Online,5,162.99,0
SL-04-01115,SO-04-00558,2026-04-24,2026-04-30,C00513,P0270,D086,West,Store,3,378.24,0.05
SL-04-01116,SO-04-00558,2026-04-29,2026-05-05,C00468,P0132,D096,South,Store,4,159.74,0.15
SL-04-01117,SO-04-00559,2026-04-14,2026-04-17,C01367,P0287,D037,South,Online,2,235.99,0
SL-04-01118,SO-04-00559,2026-04-11,2026-04-18,C00932,P0092,D049,East,Partner,3,43.24,0
SL-04-01119,SO-04-00560,2026-04-24,2026-04-27,C00695,P0320,D030,Central,Partner,1,273.74,0.15
SL-04-01120,SO-04-00560,2026-04-14,2026-04-15,C00746,P0215,D109,West,Partner,2,92.99,0
SL-04-01121,SO-04-00561,2026-04-13,2026-04-19,C00807,P0158,D045,North,Online,1,118.74,0.15
SL-04-01122,SO-04-00561,2026-04-27,2026-04-30,C00767,P0136,D078,North,Online,1,204.74,0.10
SL-04-01123,SO-04-00562,2026-04-24,,C00673,P0357,D020,Central,Online,2,356.49,0.05
SL-04-01124,SO-04-00562,2026-04-09,2026-04-11,C00946,P0182,D091,South,Online,3,55.24,0.05
SL-04-01125,SO-04-00563,2026-04-27,2026-05-04,C00383,P0318,D058,South,Store,1,251.24,0.05
SL-04-01126,SO-04-00563,2026-04-05,2026-04-07,C00473,P0113,D090,Central,Online,4,279.49,0
SL-04-01127,SO-04-00564,2026-04-11,2026-04-16,C00775,P0315,D075,South,Store,5,217.49,0
SL-04-01128,SO-04-00564,2026-04-16,2026-04-20,C00023,P0099,D025,North,Online,1,121.99,0
SL-04-01129,SO-04-00565,2026-04-23,2026-04-24,C00732,P0199,D058,South,Store,1,246.49,0
SL-04-01130,SO-04-00565,2026-04-22,2026-04-23,C00974,P0260,D086,West,Partner,2,265.74,0.15
SL-04-01131,SO-04-00566,2026-04-16,2026-04-24,C00190,P0344,D007,West,Store,2,210.24,0.10
SL-04-01132,SO-04-00566,2026-04-11,2026-04-14,C00430,P0218,D038,Central,Store,5,126.74,0
SL-04-01133,SO-04-00567,2026-04-13,2026-04-21,C00857,P0326,D068,East,Store,1,341.24,0
SL-04-01134,SO-04-00567,2026-04-28,2026-04-29,C00979,P0163,D056,South,Partner,1,174.99,0.15
SL-04-01135,SO-04-00568,2026-04-29,2026-05-03,C00626,P0332,D108,West,Store,1,75.24,0.05
SL-04-01136,SO-04-00568,2026-04-17,2026-04-21,C00009,P0039,D097,North,Partner,3,113.99,0.15
SL-04-01137,SO-04-00569,2026-04-16,2026-04-17,C00813,P0308,D057,Central,Partner,2,138.74,0.05
SL-04-01138,SO-04-00569,2026-04-01,2026-04-09,C00207,P0042,D036,Central,Store,2,147.74,0.15
SL-04-01139,SO-04-00570,2026-04-04,2026-04-07,C00366,P0300,D081,North,Online,5,382.24,0.15
SL-04-01140,SO-04-00570,2026-04-09,2026-04-10,C00977,P0086,D094,South,Online,5,309.24,0.05
SL-04-01141,SO-04-00571,2026-04-07,2026-04-08,C00168,P0182,D015,South,Partner,3,55.24,0.05
SL-04-01142,SO-04-00571,2026-04-24,2026-04-27,C01051,P0002,D080,East,Partner,5,31.24,0.10
SL-04-01143,SO-04-00572,2026-04-03,2026-04-10,C00519,P0287,D031,South,Online,2,235.99,0.05
SL-04-01144,SO-04-00572,2026-04-25,2026-04-26,C00054,P0302,D007,South,Store,5,71.24,0
SL-04-01145,SO-04-00573,2026-04-02,,C00142,P0236,D045,Central,Partner,5,329.24,0.10
SL-04-01146,SO-04-00573,2026-04-19,2026-04-26,C01070,P0173,D053,South,Store,1,287.49,0.15
SL-04-01147,SO-04-00574,2026-04-12,2026-04-14,C00965,P0293,D078,West,Partner,1,303.49,0
SL-04-01148,SO-04-00574,2026-04-22,2026-04-24,C01358,P0218,D052,North,Partner,1,126.74,0.15
SL-04-01149,SO-04-00575,2026-04-21,2026-04-29,C00005,P0092,D057,West,Partner,1,43.24,0
SL-04-01150,SO-04-00575,2026-04-16,2026-04-23,C00666,P0305,D051,South,Partner,1,104.99,0.05
SL-04-01151,SO-04-00576,2026-04-16,2026-04-23,C00637,P0214,D056,Central,Store,5,81.74,0.10
SL-04-01152,SO-04-00576,2026-04-25,2026-04-28,C00637,P0102,D006,East,Store,3,155.74,0.05
SL-04-01153,SO-04-00577,2026-04-13,2026-04-18,C00234,P0001,D001,South,Partner,4,19.99,0.10
SL-04-01154,SO-04-00577,2026-04-09,2026-04-13,C00913,P0120,D075,West,Store,3,358.24,0
SL-04-01155,SO-04-00578,2026-04-23,2026-04-24,C00414,P0309,D074,West,Online,5,149.99,0.10
SL-04-01156,SO-04-00578,2026-04-02,2026-04-07,C00636,P0249,D061,North,Partner,3,141.99,0
SL-04-01157,SO-04-00579,2026-04-12,2026-04-18,C00168,P0157,D041,South,Online,3,107.49,0.05
SL-04-01158,SO-04-00579,2026-04-23,2026-04-28,C00420,P0253,D046,Central,Online,5,186.99,0.05
SL-04-01159,SO-04-00580,2026-04-11,2026-04-16,C00075,P0332,D087,West,Partner,2,75.24,0
SL-04-01160,SO-04-00580,2026-04-22,2026-04-28,C00049,P0079,D059,South,Partner,3,230.49,0.10
SL-04-01161,SO-04-00581,2026-04-22,2026-04-28,C00196,P0022,D092,Central,Store,3,256.24,0.15
SL-04-01162,SO-04-00581,2026-04-16,2026-04-21,C00548,P0039,D094,East,Partner,4,113.99,0.05
SL-04-01163,SO-04-00582,2026-04-02,2026-04-10,C00262,P0200,D005,North,Store,3,257.74,0.15
SL-04-01164,SO-04-00582,2026-04-04,2026-04-06,C00199,P0106,D102,West,Partner,2,200.74,0
SL-04-01165,SO-04-00583,2026-04-20,2026-04-28,C00039,P0301,D061,South,Store,4,59.99,0.15
SL-04-01166,SO-04-00583,2026-04-14,2026-04-19,C00438,P0025,D037,South,Store,2,289.99,0.15
SL-04-01167,SO-04-00584,2026-04-05,,C00903,P0258,D067,Central,Online,2,243.24,0.15
SL-04-01168,SO-04-00584,2026-04-26,2026-04-30,C00473,P0349,D040,South,Partner,1,266.49,0
SL-04-01169,SO-04-00585,2026-04-15,2026-04-22,C00349,P0314,D022,South,Store,3,206.24,0.05
SL-04-01170,SO-04-00585,2026-04-27,2026-04-30,C00969,P0234,D095,South,Partner,1,306.74,0.10
SL-04-01171,SO-04-00586,2026-04-16,2026-04-20,C00916,P0360,D085,Central,Store,2,390.24,0.10
SL-04-01172,SO-04-00586,2026-04-14,2026-04-17,C00330,P0205,D003,Central,Online,2,313.99,0
SL-04-01173,SO-04-00587,2026-04-08,2026-04-16,C00082,P0007,D086,East,Online,1,87.49,0
SL-04-01174,SO-04-00587,2026-04-21,2026-04-22,C00428,P0211,D062,East,Store,3,47.99,0.05
SL-04-01175,SO-04-00588,2026-04-11,2026-04-18,C00853,P0051,D096,Central,Partner,1,248.99,0.05
SL-04-01176,SO-04-00588,2026-04-11,2026-04-18,C00652,P0138,D022,Central,Partner,5,227.24,0.05
SL-04-01177,SO-04-00589,2026-04-26,2026-05-01,C00516,P0310,D070,Central,Partner,2,161.24,0.10
SL-04-01178,SO-04-00589,2026-04-01,2026-04-08,C00841,P0196,D063,West,Online,2,212.74,0.05
SL-04-01179,SO-04-00590,2026-04-03,2026-04-05,C01369,P0337,D030,West,Store,2,131.49,0.15
SL-04-01180,SO-04-00590,2026-04-19,2026-04-21,C00213,P0309,D064,East,Store,3,149.99,0
SL-04-01181,SO-04-00591,2026-04-07,2026-04-11,C01068,P0152,D103,South,Partner,4,51.24,0
SL-04-01182,SO-04-00591,2026-04-21,2026-04-29,C00446,P0120,D077,North,Partner,5,358.24,0.10
SL-04-01183,SO-04-00592,2026-04-07,2026-04-10,C00122,P0176,D008,South,Partner,4,321.24,0.15
SL-04-01184,SO-04-00592,2026-04-23,2026-04-29,C00456,P0349,D078,North,Store,3,266.49,0.10
SL-04-01185,SO-04-00593,2026-04-28,2026-05-01,C00263,P0326,D099,Central,Partner,1,341.24,0.05
SL-04-01186,SO-04-00593,2026-04-17,2026-04-20,C00071,P0333,D109,North,Store,3,86.49,0
SL-04-01187,SO-04-00594,2026-04-07,2026-04-12,C00863,P0347,D030,West,Store,2,243.99,0.05
SL-04-01188,SO-04-00594,2026-04-03,2026-04-07,C00524,P0102,D082,Central,Partner,3,155.74,0.10
SL-04-01189,SO-04-00595,2026-04-30,,C00503,P0164,D072,North,Online,2,186.24,0.05
SL-04-01190,SO-04-00595,2026-04-10,2026-04-11,C00839,P0130,D039,South,Store,1,137.24,0.10
SL-04-01191,SO-04-00596,2026-04-10,2026-04-15,C00104,P0215,D100,North,Online,2,92.99,0.05
SL-04-01192,SO-04-00596,2026-04-23,2026-04-24,C01033,P0242,D014,East,Online,4,63.24,0.05
SL-04-01193,SO-04-00597,2026-04-01,2026-04-03,C00694,P0082,D020,South,Online,3,264.24,0.15
SL-04-01194,SO-04-00597,2026-04-10,2026-04-14,C01092,P0097,D078,West,Partner,2,99.49,0
SL-04-01195,SO-04-00598,2026-04-09,2026-04-14,C00370,P0153,D035,Central,Store,3,62.49,0.10
SL-04-01196,SO-04-00598,2026-04-04,2026-04-05,C00305,P0141,D035,East,Online,3,260.99,0
SL-04-01197,SO-04-00599,2026-04-08,2026-04-11,C00896,P0039,D084,Central,Store,2,113.99,0.10
SL-04-01198,SO-04-00599,2026-04-03,2026-04-10,C00863,P0210,D084,Central,Store,5,370.24,0.10
SL-04-01199,SO-04-00600,2026-04-10,2026-04-15,C00778,P0245,D100,West,Online,4,96.99,0
SL-04-01200,SO-04-00600,2026-04-28,2026-05-02,C01043,P0311,D015,North,Online,2,172.49,0.05
SL-04-01201,SO-04-00601,2026-04-17,2026-04-23,C00020,P0034,D045,Central,Partner,1,57.74,0.10
SL-04-01202,SO-04-00601,2026-04-16,2026-04-22,C00281,P0154,D081,East,Partner,4,73.74,0.15
SL-04-01203,SO-04-00602,2026-04-05,2026-04-13,C01032,P0025,D090,North,Online,2,289.99,0
SL-04-01204,SO-04-00602,2026-04-19,2026-04-20,C00606,P0209,D096,West,Store,5,358.99,0
SL-04-01205,SO-04-00603,2026-04-19,2026-04-21,C01072,P0127,D024,East,Store,4,103.49,0.10
SL-04-01206,SO-04-00603,2026-04-24,2026-04-30,C00587,P0340,D005,West,Partner,4,165.24,0
SL-04-01207,SO-04-00604,2026-04-04,2026-04-09,C00933,P0015,D077,South,Online,4,177.49,0.05
SL-04-01208,SO-04-00604,2026-04-21,2026-04-24,C00803,P0356,D022,Central,Store,5,345.24,0.05
SL-04-01209,SO-04-00605,2026-04-27,2026-05-03,C00103,P0156,D090,North,Partner,3,96.24,0
SL-04-01210,SO-04-00605,2026-04-15,2026-04-18,C01360,P0198,D047,West,Store,2,235.24,0.10
SL-04-01211,SO-04-00606,2026-04-09,,C00143,P0210,D034,North,Online,2,370.24,0.10
SL-04-01212,SO-04-00606,2026-04-25,2026-05-01,C00212,P0242,D019,East,Partner,4,63.24,0
SL-04-01213,SO-04-00607,2026-04-27,2026-05-05,C00937,P0154,D044,South,Online,3,73.74,0.15
SL-04-01214,SO-04-00607,2026-04-05,2026-04-07,C00794,P0338,D074,West,Online,3,142.74,0.15
SL-04-01215,SO-04-00608,2026-04-15,2026-04-22,C00941,P0307,D103,Central,Partner,5,127.49,0.10
SL-04-01216,SO-04-00608,2026-04-11,2026-04-18,C00038,P0177,D060,South,Store,4,332.49,0.05
SL-04-01217,SO-04-00609,2026-04-06,2026-04-08,C00271,P0201,D059,Central,Online,3,268.99,0
SL-04-01218,SO-04-00609,2026-04-13,2026-04-20,C00876,P0255,D101,Central,Partner,3,209.49,0
SL-04-01219,SO-04-00610,2026-04-30,2026-05-04,C00398,P0321,D098,Central,Partner,4,284.99,0.10
SL-04-01220,SO-04-00610,2026-04-16,2026-04-18,C00790,P0238,D091,East,Store,2,351.74,0
SL-04-01221,SO-04-00611,2026-04-22,2026-04-30,C00355,P0106,D081,North,Online,5,200.74,0.15
SL-04-01222,SO-04-00611,2026-04-10,2026-04-18,C00728,P0071,D045,Central,Store,4,140.49,0.05
SL-04-01223,SO-04-00612,2026-04-22,2026-04-29,C00992,P0221,D018,West,Store,3,160.49,0.15
SL-04-01224,SO-04-00612,2026-04-12,2026-04-20,C00932,P0125,D089,North,Partner,5,80.99,0.10
SL-04-01225,SO-04-00613,2026-04-18,2026-04-23,C00541,P0239,D060,West,Partner,4,362.99,0.15
SL-04-01226,SO-04-00613,2026-04-26,2026-05-04,C00873,P0110,D075,East,Store,5,245.74,0.05
SL-04-01227,SO-04-00614,2026-04-18,2026-04-25,C00944,P0167,D077,East,Partner,5,219.99,0.15
SL-04-01228,SO-04-00614,2026-04-21,2026-04-22,C00055,P0136,D081,West,Online,4,204.74,0.10
SL-04-01229,SO-04-00615,2026-04-23,2026-04-30,C00325,P0046,D058,North,Store,2,192.74,0.10
SL-04-01230,SO-04-00615,2026-04-20,2026-04-22,C00574,P0232,D104,North,Online,5,284.24,0.05
SL-04-01231,SO-04-00616,2026-04-28,2026-04-30,C00166,P0131,D070,West,Partner,4,148.49,0.05
SL-04-01232,SO-04-00616,2026-04-06,2026-04-13,C00660,P0217,D020,South,Store,3,115.49,0.15
SL-04-01233,SO-04-00617,2026-04-27,,C00558,P0282,D103,East,Online,2,179.74,0.10
SL-04-01234,SO-04-00617,2026-04-07,2026-04-11,C00433,P0038,D079,North,Online,5,102.74,0.05
SL-04-01235,SO-04-00618,2026-04-09,2026-04-16,C01048,P0239,D065,North,Online,5,362.99,0.05
SL-04-01236,SO-04-00618,2026-04-04,2026-04-07,C00732,P0252,D045,Central,Store,1,175.74,0
SL-04-01237,SO-04-00619,2026-04-15,2026-04-16,C00518,P0006,D043,West,Partner,2,76.24,0.10
SL-04-01238,SO-04-00619,2026-04-26,2026-04-27,C00615,P0187,D058,South,Online,1,111.49,0.05
SL-04-01239,SO-04-00620,2026-04-07,2026-04-14,C00916,P0218,D019,Central,Partner,5,126.74,0.15
SL-04-01240,SO-04-00620,2026-04-14,2026-04-17,C00003,P0312,D088,West,Online,5,183.74,0.15
SL-04-01241,SO-04-00621,2026-04-04,2026-04-11,C01351,P0248,D036,West,Online,1,130.74,0.05
SL-04-01242,SO-04-00621,2026-04-25,2026-04-30,C00980,P0013,D071,South,Store,1,154.99,0.15
SL-04-01243,SO-04-00622,2026-04-29,2026-05-06,C00114,P0275,D035,North,Online,5,100.99,0.15
SL-04-01244,SO-04-00622,2026-04-15,2026-04-17,C01089,P0234,D042,Central,Online,2,306.74,0
SL-04-01245,SO-04-00623,2026-04-28,2026-04-29,C00587,P0275,D094,West,Online,4,100.99,0
SL-04-01246,SO-04-00623,2026-04-01,2026-04-02,C00190,P0008,D014,North,Partner,4,98.74,0.10
SL-04-01247,SO-04-00624,2026-04-21,2026-04-25,C00868,P0142,D089,East,Partner,3,272.24,0
SL-04-01248,SO-04-00624,2026-04-30,2026-05-08,C00264,P0144,D106,East,Store,1,294.74,0.15
SL-04-01249,SO-04-00625,2026-04-23,2026-04-26,C00851,P0246,D012,East,Partner,4,108.24,0.15
SL-04-01250,SO-04-00625,2026-04-12,2026-04-14,C00251,P0004,D106,East,Store,4,53.74,0.15
SL-04-01251,SO-04-00626,2026-04-17,2026-04-24,C00029,P0031,D107,North,Store,2,23.99,0.05
SL-04-01252,SO-04-00626,2026-04-22,2026-04-25,C00162,P0148,D076,North,Partner,1,339.74,0.05
SL-04-01253,SO-04-00627,2026-04-26,2026-05-04,C00293,P0245,D107,North,Store,3,96.99,0.10
SL-04-01254,SO-04-00627,2026-04-14,2026-04-22,C00209,P0135,D008,West,Online,3,193.49,0.05
SL-04-01255,SO-04-00628,2026-04-25,,C00980,P0302,D085,North,Online,1,71.24,0.15
SL-04-01256,SO-04-00628,2026-04-26,2026-05-03,C00428,P0099,D087,South,Online,1,121.99,0.05
SL-04-01257,SO-04-00629,2026-04-11,2026-04-16,C00924,P0064,D024,South,Online,2,61.74,0.05
SL-04-01258,SO-04-00629,2026-04-30,2026-05-04,C00653,P0337,D032,North,Store,4,131.49,0.15
SL-04-01259,SO-04-00630,2026-04-09,2026-04-10,C00457,P0326,D061,East,Online,1,341.24,0.05
SL-04-01260,SO-04-00630,2026-04-09,2026-04-10,C00864,P0173,D019,North,Partner,1,287.49,0.10
SL-04-01261,SO-04-00631,2026-04-09,2026-04-11,C00203,P0144,D007,Central,Online,1,294.74,0.10
SL-04-01262,SO-04-00631,2026-04-04,2026-04-07,C00428,P0059,D019,Central,Online,1,338.99,0.15
SL-04-01263,SO-04-00632,2026-04-11,2026-04-13,C00890,P0221,D112,South,Store,5,160.49,0
SL-04-01264,SO-04-00632,2026-04-23,2026-05-01,C00795,P0301,D009,Central,Online,4,59.99,0
SL-04-01265,SO-04-00633,2026-04-20,2026-04-21,C00732,P0137,D094,Central,Partner,3,215.99,0.15
SL-04-01266,SO-04-00633,2026-04-12,2026-04-17,C01088,P0132,D105,South,Store,4,159.74,0.10
SL-04-01267,SO-04-00634,2026-04-01,2026-04-06,C00826,P0175,D107,South,Online,2,309.99,0
SL-04-01268,SO-04-00634,2026-04-11,2026-04-12,C00709,P0315,D074,East,Store,1,217.49,0.05
SL-04-01269,SO-04-00635,2026-04-20,2026-04-26,C00704,P0110,D030,North,Store,1,245.74,0.10
SL-04-01270,SO-04-00635,2026-04-24,2026-04-30,C00287,P0317,D106,Central,Partner,4,239.99,0.05
SL-04-01271,SO-04-00636,2026-04-03,2026-04-04,C00242,P0097,D071,North,Partner,5,99.49,0.05
SL-04-01272,SO-04-00636,2026-04-25,2026-04-30,C01362,P0156,D085,North,Store,1,96.24,0.15
SL-04-01273,SO-04-00637,2026-04-03,2026-04-07,C00035,P0071,D039,Central,Store,3,140.49,0.10
SL-04-01274,SO-04-00637,2026-04-17,2026-04-21,C00689,P0054,D042,Central,Store,4,282.74,0
SL-04-01275,SO-04-00638,2026-04-24,2026-04-26,C00093,P0097,D080,North,Partner,4,99.49,0
SL-04-01276,SO-04-00638,2026-04-10,2026-04-12,C00342,P0124,D093,Central,Partner,3,69.74,0.05
SL-04-01277,SO-04-00639,2026-04-03,,C00429,P0068,D055,North,Online,2,106.74,0
SL-04-01278,SO-04-00639,2026-04-19,2026-04-25,C00839,P0306,D032,West,Partner,3,116.24,0.15
SL-04-01279,SO-04-00640,2026-04-17,2026-04-18,C00382,P0332,D078,East,Store,4,75.24,0.15
SL-04-01280,SO-04-00640,2026-04-30,2026-05-02,C01003,P0182,D011,Central,Partner,1,55.24,0.10
SL-04-01281,SO-04-00641,2026-04-03,2026-04-07,C00863,P0143,D070,West,Store,3,283.49,0.15
SL-04-01282,SO-04-00641,2026-04-24,2026-04-28,C00616,P0202,D078,Central,Partner,4,280.24,0.05
SL-04-01283,SO-04-00642,2026-04-19,2026-04-21,C00363,P0353,D053,North,Partner,5,311.49,0.10
SL-04-01284,SO-04-00642,2026-04-25,2026-04-29,C00256,P0163,D063,North,Partner,5,174.99,0
SL-04-01285,SO-04-00643,2026-04-27,2026-04-28,C01015,P0032,D013,West,Online,4,35.24,0
SL-04-01286,SO-04-00643,2026-04-22,2026-04-27,C00179,P0054,D106,West,Partner,3,282.74,0.05
SL-04-01287,SO-04-00644,2026-04-29,2026-05-02,C00372,P0085,D015,North,Partner,1,297.99,0.10
SL-04-01288,SO-04-00644,2026-04-14,2026-04-15,C00100,P0301,D093,East,Online,2,59.99,0.10
SL-04-01289,SO-04-00645,2026-04-08,2026-04-15,C00822,P0070,D099,North,Partner,5,129.24,0
SL-04-01290,SO-04-00645,2026-04-25,2026-04-26,C00918,P0050,D042,Central,Partner,1,237.74,0.10
SL-04-01291,SO-04-00646,2026-04-03,2026-04-06,C00652,P0038,D076,West,Store,4,102.74,0.10
SL-04-01292,SO-04-00646,2026-04-19,2026-04-20,C00082,P0289,D004,West,Store,5,258.49,0.10
SL-04-01293,SO-04-00647,2026-04-01,2026-04-05,C00396,P0338,D073,Central,Online,3,142.74,0.05
SL-04-01294,SO-04-00647,2026-04-03,2026-04-05,C00755,P0147,D032,East,Online,2,328.49,0.05
SL-04-01295,SO-04-00648,2026-04-21,2026-04-29,C00329,P0021,D072,East,Online,2,244.99,0.10
SL-04-01296,SO-04-00648,2026-04-26,2026-05-01,C01095,P0076,D100,North,Online,2,196.74,0
SL-04-01297,SO-04-00649,2026-04-18,2026-04-24,C00389,P0357,D012,South,Partner,3,356.49,0.10
SL-04-01298,SO-04-00649,2026-04-25,2026-05-02,C00412,P0219,D039,Central,Store,5,137.99,0.10
SL-04-01299,SO-04-00650,2026-04-20,,C00386,P0102,D073,East,Partner,1,155.74,0.10
SL-04-01300,SO-04-00650,2026-04-08,2026-04-10,C00591,P0138,D046,East,Partner,4,227.24,0.10
SL-04-01301,SO-04-00651,2026-04-19,2026-04-23,C00264,P0062,D076,East,Store,3,39.24,0.15
SL-04-01302,SO-04-00651,2026-04-07,2026-04-14,C00847,P0033,D074,West,Store,3,46.49,0
SL-04-01303,SO-04-00652,2026-04-16,2026-04-24,C01353,P0291,D099,North,Online,4,280.99,0.05
SL-04-01304,SO-04-00652,2026-04-18,2026-04-19,C00121,P0031,D019,Central,Online,4,23.99,0.15
SL-04-01305,SO-04-00653,2026-04-30,2026-05-08,C00165,P0144,D069,Central,Store,1,294.74,0.10
SL-04-01306,SO-04-00653,2026-04-06,2026-04-10,C00628,P0129,D108,North,Online,3,125.99,0.15
SL-04-01307,SO-04-00654,2026-04-29,2026-04-30,C00855,P0045,D041,West,Online,5,181.49,0.15
SL-04-01308,SO-04-00654,2026-04-08,2026-04-09,C00117,P0195,D007,West,Partner,1,201.49,0
SL-04-01309,SO-04-00655,2026-04-11,2026-04-15,C00863,P0285,D030,Central,Partner,4,213.49,0
SL-04-01310,SO-04-00655,2026-04-05,2026-04-08,C00232,P0287,D002,Central,Store,5,235.99,0
SL-04-01311,SO-04-00656,2026-04-30,2026-05-05,C00952,P0050,D058,West,Partner,3,237.74,0.10
SL-04-01312,SO-04-00656,2026-04-09,2026-04-13,C00716,P0344,D099,South,Partner,5,210.24,0.10
SL-04-01313,SO-04-00657,2026-04-30,2026-05-04,C00472,P0120,D093,East,Partner,1,358.24,0
SL-04-01314,SO-04-00657,2026-04-22,2026-04-26,C00620,P0268,D081,East,Partner,4,355.74,0.05
SL-04-01315,SO-04-00658,2026-04-01,2026-04-06,C00537,P0045,D094,East,Online,5,181.49,0.15
SL-04-01316,SO-04-00658,2026-04-29,2026-05-05,C00771,P0355,D025,West,Partner,4,333.99,0.15
SL-04-01317,SO-04-00659,2026-04-21,2026-04-28,C00180,P0201,D063,South,Online,3,268.99,0
SL-04-01318,SO-04-00659,2026-04-13,2026-04-18,C00559,P0118,D002,North,Partner,3,335.74,0.10
SL-04-01319,SO-04-00660,2026-04-29,2026-05-04,C00771,P0320,D005,Central,Partner,5,273.74,0.05
SL-04-01320,SO-04-00660,2026-04-09,2026-04-14,C00941,P0323,D050,West,Partner,2,307.49,0.15
SL-04-01321,SO-04-00661,2026-04-23,,C00478,P0079,D049,East,Store,2,230.49,0.10
SL-04-01322,SO-04-00661,2026-04-28,2026-05-06,C00318,P0220,D013,North,Partner,2,149.24,0
SL-04-01323,SO-04-00662,2026-04-04,2026-04-07,C00675,P0212,D065,East,Partner,3,59.24,0.10
SL-04-01324,SO-04-00662,2026-04-27,2026-04-30,C00346,P0359,D053,South,Online,2,378.99,0.05
SL-04-01325,SO-04-00663,2026-04-01,2026-04-08,C00096,P0051,D073,West,Online,3,248.99,0.15
SL-04-01326,SO-04-00663,2026-04-28,2026-05-05,C00321,P0121,D100,Central,Partner,2,35.99,0.15
SL-04-01327,SO-04-00664,2026-04-26,2026-04-28,C00809,P0161,D067,West,Online,2,152.49,0.15
SL-04-01328,SO-04-00664,2026-04-30,2026-05-02,C00575,P0140,D057,North,Partner,1,249.74,0
SL-04-01329,SO-04-00665,2026-04-08,2026-04-11,C00423,P0239,D012,Central,Partner,3,362.99,0.15
SL-04-01330,SO-04-00665,2026-04-24,2026-04-25,C00998,P0267,D036,Central,Store,3,344.49,0.05
SL-04-01331,SO-04-00666,2026-04-07,2026-04-11,C00995,P0256,D070,East,Online,3,220.74,0.15
SL-04-01332,SO-04-00666,2026-04-30,2026-05-08,C00968,P0126,D013,West,Online,1,92.24,0.05
SL-04-01333,SO-04-00667,2026-04-12,2026-04-15,C00456,P0077,D049,North,Online,2,207.99,0
SL-04-01334,SO-04-00667,2026-04-25,2026-04-29,C01364,P0304,D100,North,Partner,5,93.74,0.10
SL-04-01335,SO-04-00668,2026-04-02,2026-04-03,C00193,P0281,D105,South,Online,1,168.49,0.05
SL-04-01336,SO-04-00668,2026-04-08,2026-04-16,C01097,P0134,D019,Central,Online,3,182.24,0
SL-04-01337,SO-04-00669,2026-04-21,2026-04-22,C00649,P0249,D025,Central,Partner,5,141.99,0
SL-04-01338,SO-04-00669,2026-04-14,2026-04-20,C00054,P0142,D074,West,Store,3,272.24,0.15
SL-04-01339,SO-04-00670,2026-04-13,2026-04-15,C00965,P0044,D096,Central,Store,5,170.24,0.15
SL-04-01340,SO-04-00670,2026-04-29,2026-04-30,C00906,P0130,D107,West,Store,1,137.24,0.05
SL-04-01341,SO-04-00671,2026-04-22,2026-04-24,C00769,P0188,D088,West,Online,5,122.74,0.10
SL-04-01342,SO-04-00671,2026-04-09,2026-04-14,C00842,P0212,D015,West,Store,3,59.24,0.05
SL-04-01343,SO-04-00672,2026-04-23,,C00544,P0140,D090,East,Store,3,249.74,0.15
SL-04-01344,SO-04-00672,2026-04-02,2026-04-04,C00881,P0138,D074,South,Online,2,227.24,0.15
SL-04-01345,SO-04-00673,2026-04-07,2026-04-14,C00509,P0168,D032,West,Online,4,231.24,0.10
SL-04-01346,SO-04-00673,2026-04-19,2026-04-26,C01072,P0302,D110,North,Partner,1,71.24,0
SL-04-01347,SO-04-00674,2026-04-12,2026-04-20,C00180,P0019,D052,South,Store,4,222.49,0.15
SL-04-01348,SO-04-00674,2026-04-01,2026-04-06,C00464,P0126,D070,South,Store,5,92.24,0
SL-04-01349,SO-04-00675,2026-04-28,2026-05-02,C00970,P0216,D043,East,Online,5,104.24,0.10
SL-04-01350,SO-04-00675,2026-04-26,2026-05-02,C00906,P0155,D008,East,Store,1,84.99,0.10
SL-04-01351,SO-04-00676,2026-04-22,2026-04-29,C00357,P0258,D067,West,Online,1,243.24,0
SL-04-01352,SO-04-00676,2026-04-28,2026-05-01,C00140,P0231,D070,South,Partner,2,272.99,0.05
SL-04-01353,SO-04-00677,2026-04-14,2026-04-18,C00059,P0038,D016,North,Store,2,102.74,0.05
SL-04-01354,SO-04-00677,2026-04-08,2026-04-10,C01099,P0088,D023,West,Partner,4,331.74,0.15
SL-04-01355,SO-04-00678,2026-04-17,2026-04-23,C00980,P0016,D019,North,Online,2,188.74,0
SL-04-01356,SO-04-00678,2026-04-26,2026-04-30,C00649,P0283,D018,North,Online,1,190.99,0.10
SL-04-01357,SO-04-00679,2026-04-23,2026-05-01,C00653,P0220,D103,North,Online,2,149.24,0.15
SL-04-01358,SO-04-00679,2026-04-25,2026-04-30,C00585,P0007,D068,North,Online,1,87.49,0.10
SL-04-01359,SO-04-00680,2026-04-24,2026-04-30,C00082,P0026,D025,East,Partner,2,301.24,0.10
SL-04-01360,SO-04-00680,2026-04-02,2026-04-05,C00501,P0166,D030,West,Partner,1,208.74,0.05
SL-04-01361,SO-04-00681,2026-04-30,2026-05-07,C00321,P0233,D027,East,Online,3,295.49,0.05
SL-04-01362,SO-04-00681,2026-04-14,2026-04-17,C00723,P0061,D059,North,Partner,3,27.99,0.15
SL-04-01363,SO-04-00682,2026-04-07,2026-04-10,C00620,P0103,D097,East,Online,1,166.99,0
SL-04-01364,SO-04-00682,2026-04-23,2026-04-26,C00564,P0254,D107,East,Store,4,198.24,0.15
SL-04-01365,SO-04-00683,2026-04-15,,C01355,P0339,D011,North,Online,3,153.99,0
SL-04-01366,SO-04-00683,2026-04-22,2026-04-24,C00809,P0192,D078,West,Partner,3,167.74,0.15
SL-04-01367,SO-04-00684,2026-04-09,2026-04-14,C00979,P0247,D093,West,Partner,2,119.49,0.05
SL-04-01368,SO-04-00684,2026-04-23,2026-04-25,C01077,P0246,D062,East,Partner,3,108.24,0.10
SL-04-01369,SO-04-00685,2026-04-26,2026-05-02,C00503,P0280,D026,East,Partner,5,157.24,0
SL-04-01370,SO-04-00685,2026-04-28,2026-04-29,C00113,P0349,D084,East,Store,2,266.49,0.05
SL-04-01371,SO-04-00686,2026-04-28,2026-05-02,C00273,P0291,D054,South,Store,3,280.99,0
SL-04-01372,SO-04-00686,2026-04-29,2026-05-06,C00387,P0015,D016,East,Online,2,177.49,0.05
SL-04-01373,SO-04-00687,2026-04-09,2026-04-10,C01069,P0360,D005,South,Partner,3,390.24,0.10
SL-04-01374,SO-04-00687,2026-04-10,2026-04-16,C00355,P0247,D057,North,Partner,3,119.49,0.15
SL-04-01375,SO-04-00688,2026-04-17,2026-04-21,C00717,P0202,D035,West,Online,2,280.24,0.05
SL-04-01376,SO-04-00688,2026-04-07,2026-04-08,C00071,P0063,D060,West,Partner,4,50.49,0
SL-04-01377,SO-04-00689,2026-04-19,2026-04-25,C00571,P0064,D100,North,Partner,3,61.74,0
SL-04-01378,SO-04-00689,2026-04-10,2026-04-14,C00356,P0351,D032,East,Store,2,288.99,0.15
SL-04-01379,SO-04-00690,2026-04-25,2026-04-27,C00145,P0046,D002,West,Online,2,192.74,0.15
SL-04-01380,SO-04-00690,2026-04-16,2026-04-18,C00790,P0024,D085,North,Partner,1,278.74,0.10
SL-04-01381,SO-04-00691,2026-04-24,2026-04-26,C00680,P0174,D065,North,Online,5,298.74,0.15
SL-04-01382,SO-04-00691,2026-04-17,2026-04-21,C00866,P0040,D100,West,Store,5,125.24,0.10
SL-04-01383,SO-04-00692,2026-04-11,2026-04-14,C00476,P0345,D030,East,Store,3,221.49,0
SL-04-01384,SO-04-00692,2026-04-18,2026-04-23,C01048,P0263,D100,South,Store,4,299.49,0
SL-04-01385,SO-04-00693,2026-04-07,2026-04-13,C00992,P0329,D038,Central,Partner,2,374.99,0.15
SL-04-01386,SO-04-00693,2026-04-22,2026-04-25,C00430,P0013,D093,South,Store,5,154.99,0.10
SL-04-01387,SO-04-00694,2026-04-30,,C00664,P0203,D035,West,Online,2,291.49,0.05
SL-04-01388,SO-04-00694,2026-04-12,2026-04-19,C00413,P0313,D044,North,Partner,5,194.99,0.05
SL-04-01389,SO-04-00695,2026-04-30,2026-05-07,C00878,P0144,D095,East,Partner,1,294.74,0
SL-04-01390,SO-04-00695,2026-04-01,2026-04-03,C00798,P0232,D089,West,Partner,1,284.24,0.05
SL-04-01391,SO-04-00696,2026-04-25,2026-05-02,C00241,P0074,D084,East,Partner,5,174.24,0.05
SL-04-01392,SO-04-00696,2026-04-01,2026-04-06,C01099,P0282,D043,Central,Online,3,179.74,0.15
SL-04-01393,SO-04-00697,2026-04-10,2026-04-13,C00961,P0193,D100,East,Partner,1,178.99,0
SL-04-01394,SO-04-00697,2026-04-10,2026-04-13,C01049,P0224,D033,South,Store,1,194.24,0
SL-04-01395,SO-04-00698,2026-04-01,2026-04-04,C00640,P0316,D048,Central,Online,3,228.74,0
SL-04-01396,SO-04-00698,2026-04-14,2026-04-21,C01366,P0227,D048,West,Partner,4,227.99,0
SL-04-01397,SO-04-00699,2026-04-15,2026-04-17,C00827,P0221,D041,South,Online,4,160.49,0.05
SL-04-01398,SO-04-00699,2026-04-12,2026-04-14,C00843,P0139,D112,Central,Online,1,238.49,0.10
SL-04-01399,SO-04-00700,2026-04-24,2026-04-27,C00112,P0113,D008,Central,Partner,5,279.49,0.15
SL-04-01400,SO-04-00700,2026-04-03,2026-04-10,C00303,P0228,D052,South,Online,2,239.24,0.15
SL-04-01401,SO-04-00701,2026-04-17,2026-04-24,C01019,P0246,D004,West,Store,4,108.24,0
SL-04-01402,SO-04-00701,2026-04-23,2026-04-29,C00085,P0198,D082,West,Partner,1,235.24,0
SL-04-01403,SO-04-00702,2026-04-06,2026-04-14,C00872,P0156,D036,North,Partner,2,96.24,0.10
SL-04-01404,SO-04-00702,2026-04-23,2026-04-24,C00160,P0098,D043,Central,Online,4,110.74,0.05
SL-04-01405,SO-04-00703,2026-04-24,2026-04-26,C00422,P0288,D082,South,Partner,2,247.24,0.15
SL-04-01406,SO-04-00703,2026-04-03,2026-04-07,C00205,P0104,D041,West,Partner,1,178.24,0.10
SL-04-01407,SO-04-00704,2026-04-22,2026-04-27,C00325,P0320,D085,West,Online,4,273.74,0
SL-04-01408,SO-04-00704,2026-04-19,2026-04-22,C00546,P0046,D059,West,Partner,3,192.74,0.10
SL-04-01409,SO-04-00705,2026-04-04,,C00693,P0312,D082,West,Partner,5,183.74,0
SL-04-01410,SO-04-00705,2026-04-19,2026-04-20,C00864,P0049,D004,South,Online,4,226.49,0.10
SL-04-01411,SO-04-00706,2026-04-21,2026-04-26,C00704,P0088,D048,North,Store,1,331.74,0.05
SL-04-01412,SO-04-00706,2026-04-11,2026-04-16,C00982,P0076,D011,East,Store,3,196.74,0.10
SL-04-01413,SO-04-00707,2026-04-12,2026-04-17,C00822,P0098,D108,South,Partner,2,110.74,0
SL-04-01414,SO-04-00707,2026-04-28,2026-05-05,C00810,P0322,D103,Central,Partner,5,296.24,0.15
SL-04-01415,SO-04-00708,2026-04-08,2026-04-11,C01028,P0147,D046,North,Online,3,328.49,0.10
SL-04-01416,SO-04-00708,2026-04-05,2026-04-08,C00603,P0333,D065,West,Online,5,86.49,0
SL-04-01417,SO-04-00709,2026-04-01,2026-04-08,C00877,P0053,D032,South,Online,2,271.49,0.10
SL-04-01418,SO-04-00709,2026-04-21,2026-04-23,C00808,P0283,D055,South,Partner,3,190.99,0.10
SL-04-01419,SO-04-00710,2026-04-15,2026-04-16,C00680,P0276,D047,East,Store,1,112.24,0.05
SL-04-01420,SO-04-00710,2026-04-01,2026-04-04,C00686,P0276,D085,South,Online,1,112.24,0
SL-04-01421,SO-04-00711,2026-04-17,2026-04-19,C00003,P0268,D076,West,Online,5,355.74,0.10
SL-04-01422,SO-04-00711,2026-04-27,2026-04-28,C00295,P0180,D060,West,Store,2,366.24,0.05
SL-04-01423,SO-04-00712,2026-04-13,2026-04-15,C00087,P0301,D089,East,Store,5,59.99,0.10
SL-04-01424,SO-04-00712,2026-04-24,2026-04-25,C00166,P0225,D001,Central,Partner,3,205.49,0
SL-04-01425,SO-04-00713,2026-04-16,2026-04-17,C00407,P0150,D060,Central,Online,5,362.24,0.15
SL-04-01426,SO-04-00713,2026-04-30,2026-05-03,C00670,P0317,D112,Central,Online,2,239.99,0
SL-04-01427,SO-04-00714,2026-04-04,2026-04-08,C01357,P0025,D023,East,Store,5,289.99,0.10
SL-04-01428,SO-04-00714,2026-04-19,2026-04-22,C00703,P0073,D077,South,Online,1,162.99,0.15
SL-04-01429,SO-04-00715,2026-04-05,2026-04-07,C00057,P0326,D064,East,Online,5,341.24,0.15
SL-04-01430,SO-04-00715,2026-04-21,2026-04-29,C00653,P0178,D040,Central,Online,2,343.74,0
SL-04-01431,SO-04-00716,2026-04-14,,C00316,P0125,D002,South,Partner,3,80.99,0
SL-04-01432,SO-04-00716,2026-04-20,2026-04-21,C00400,P0035,D094,Central,Partner,2,68.99,0.15
SL-04-01433,SO-04-00717,2026-04-01,2026-04-05,C00409,P0025,D108,Central,Partner,5,289.99,0.05
SL-04-01434,SO-04-00717,2026-04-08,2026-04-16,C00407,P0306,D097,East,Store,4,116.24,0.10
SL-04-01435,SO-04-00718,2026-04-09,2026-04-11,C00591,P0229,D112,Central,Partner,4,250.49,0.10
SL-04-01436,SO-04-00718,2026-04-25,2026-04-28,C00972,P0332,D083,West,Online,2,75.24,0.15
SL-04-01437,SO-04-00719,2026-04-22,2026-04-28,C00900,P0231,D004,West,Online,3,272.99,0.15
SL-04-01438,SO-04-00719,2026-04-14,2026-04-21,C00059,P0119,D082,East,Partner,4,346.99,0.10
SL-04-01439,SO-04-00720,2026-04-20,2026-04-28,C00076,P0010,D073,West,Partner,5,121.24,0.15
SL-04-01440,SO-04-00720,2026-04-10,2026-04-14,C00341,P0209,D074,North,Partner,1,358.99,0.15
SL-04-01441,SO-04-00721,2026-04-29,2026-05-06,C00554,P0057,D037,Central,Store,5,316.49,0.10
SL-04-01442,SO-04-00721,2026-04-29,2026-05-05,C00566,P0234,D065,North,Store,3,306.74,0.10
SL-04-01443,SO-04-00722,2026-04-26,2026-04-29,C00121,P0052,D003,East,Partner,4,260.24,0.10
SL-04-01444,SO-04-00722,2026-04-08,2026-04-09,C00624,P0244,D049,East,Partner,3,85.74,0
SL-04-01445,SO-04-00723,2026-04-12,2026-04-19,C00333,P0190,D030,North,Store,3,145.24,0.10
SL-04-01446,SO-04-00723,2026-04-29,2026-04-30,C00045,P0009,D091,South,Store,4,109.99,0.15
SL-04-01447,SO-04-00724,2026-04-05,2026-04-10,C00635,P0101,D055,West,Store,4,144.49,0
SL-04-01448,SO-04-00724,2026-04-12,2026-04-13,C00394,P0267,D005,North,Store,1,344.49,0.15
SL-04-01449,SO-04-00725,2026-04-18,2026-04-21,C00663,P0289,D062,North,Online,2,258.49,0.05
SL-04-01450,SO-04-00725,2026-04-22,2026-04-26,C00993,P0131,D102,Central,Store,4,148.49,0.10
SL-04-01451,SO-04-00726,2026-04-14,2026-04-18,C00959,P0136,D093,Central,Partner,2,204.74,0
SL-04-01452,SO-04-00726,2026-04-18,2026-04-25,C00954,P0017,D077,Central,Partner,4,199.99,0.10
SL-04-01453,SO-04-00727,2026-04-09,,C01004,P0309,D095,East,Partner,1,149.99,0.10
SL-04-01454,SO-04-00727,2026-04-18,2026-04-25,C00004,P0241,D033,East,Online,4,51.99,0.10
SL-04-01455,SO-04-00728,2026-04-01,2026-04-06,C00951,P0010,D005,West,Online,2,121.24,0
SL-04-01456,SO-04-00728,2026-04-18,2026-04-22,C01064,P0352,D068,North,Store,4,300.24,0.15
SL-04-01457,SO-04-00729,2026-04-28,2026-04-29,C00593,P0325,D028,West,Store,5,329.99,0.05
SL-04-01458,SO-04-00729,2026-04-29,2026-05-06,C01368,P0307,D059,South,Online,2,127.49,0
SL-04-01459,SO-04-00730,2026-04-27,2026-05-05,C00136,P0193,D041,South,Store,4,178.99,0
SL-04-01460,SO-04-00730,2026-04-12,2026-04-20,C00355,P0253,D066,Central,Online,1,186.99,0.10
SL-04-01461,SO-04-00731,2026-04-12,2026-04-17,C00006,P0248,D081,North,Partner,4,130.74,0.15
SL-04-01462,SO-04-00731,2026-04-30,2026-05-07,C00562,P0283,D081,East,Partner,5,190.99,0.05
SL-04-01463,SO-04-00732,2026-04-07,2026-04-14,C00768,P0187,D053,Central,Store,4,111.49,0.05
SL-04-01464,SO-04-00732,2026-04-13,2026-04-15,C00987,P0051,D036,West,Partner,3,248.99,0.10
SL-04-01465,SO-04-00733,2026-04-10,2026-04-13,C00159,P0088,D090,South,Store,3,331.74,0
SL-04-01466,SO-04-00733,2026-04-01,2026-04-02,C01084,P0105,D051,South,Store,3,189.49,0.05
SL-04-01467,SO-04-00734,2026-04-03,2026-04-10,C00941,P0152,D021,North,Store,4,51.24,0.05
SL-04-01468,SO-04-00734,2026-04-02,2026-04-07,C00883,P0156,D016,West,Online,1,96.24,0.15
SL-04-01469,SO-04-00735,2026-04-23,2026-05-01,C00474,P0203,D078,East,Partner,3,291.49,0
SL-04-01470,SO-04-00735,2026-04-26,2026-05-04,C00364,P0195,D012,Central,Online,5,201.49,0
SL-04-01471,SO-04-00736,2026-04-04,2026-04-09,C00848,P0292,D081,South,Store,4,292.24,0.05
SL-04-01472,SO-04-00736,2026-04-01,2026-04-06,C00747,P0259,D052,North,Store,1,254.49,0.10
SL-04-01473,SO-04-00737,2026-04-02,2026-04-10,C00058,P0229,D091,East,Online,2,250.49,0.10
SL-04-01474,SO-04-00737,2026-04-20,2026-04-21,C00588,P0096,D094,East,Online,4,88.24,0.10
SL-04-01475,SO-04-00738,2026-04-24,,C01089,P0074,D069,West,Store,1,174.24,0.10
SL-04-01476,SO-04-00738,2026-04-29,2026-05-07,C00319,P0168,D068,East,Store,1,231.24,0
SL-04-01477,SO-04-00739,2026-04-29,2026-05-03,C00797,P0222,D045,Central,Partner,4,171.74,0.05
SL-04-01478,SO-04-00739,2026-04-13,2026-04-21,C00625,P0179,D110,Central,Partner,4,354.99,0.10
SL-04-01479,SO-04-00740,2026-04-02,2026-04-08,C01053,P0345,D061,South,Partner,3,221.49,0.10
SL-04-01480,SO-04-00740,2026-04-14,2026-04-17,C01042,P0013,D068,West,Store,5,154.99,0.05
SL-04-01481,SO-04-00741,2026-04-18,2026-04-25,C00460,P0197,D112,East,Store,5,223.99,0
SL-04-01482,SO-04-00741,2026-04-07,2026-04-14,C00268,P0119,D080,East,Store,2,346.99,0
SL-04-01483,SO-04-00742,2026-04-15,2026-04-23,C00838,P0274,D069,West,Store,5,89.74,0.10
SL-04-01484,SO-04-00742,2026-04-01,2026-04-09,C00429,P0083,D072,North,Online,4,275.49,0.15
SL-04-01485,SO-04-00743,2026-04-02,2026-04-07,C00947,P0237,D026,North,Partner,3,340.49,0.05
SL-04-01486,SO-04-00743,2026-04-13,2026-04-15,C00055,P0211,D057,South,Store,1,47.99,0.15
SL-04-01487,SO-04-00744,2026-04-13,2026-04-17,C01044,P0094,D018,Central,Partner,5,65.74,0.05
SL-04-01488,SO-04-00744,2026-04-15,2026-04-23,C01060,P0145,D066,West,Store,5,305.99,0.10
SL-04-01489,SO-04-00745,2026-04-02,2026-04-04,C01359,P0344,D001,Central,Partner,4,210.24,0.10
SL-04-01490,SO-04-00745,2026-04-05,2026-04-07,C00530,P0348,D094,East,Partner,5,255.24,0
SL-04-01491,SO-04-00746,2026-04-30,2026-05-01,C00621,P0344,D074,East,Online,1,210.24,0
SL-04-01492,SO-04-00746,2026-04-21,2026-04-29,C00665,P0296,D011,East,Online,2,337.24,0
SL-04-01493,SO-04-00747,2026-04-02,2026-04-08,C00279,P0035,D059,West,Online,4,68.99,0.05
SL-04-01494,SO-04-00747,2026-04-10,2026-04-18,C00771,P0061,D006,West,Online,5,27.99,0.15
SL-04-01495,SO-04-00748,2026-04-26,2026-04-28,C00502,P0074,D044,Central,Store,1,174.24,0.10
SL-04-01496,SO-04-00748,2026-04-19,2026-04-27,C00113,P0092,D022,North,Online,4,43.24,0.05
SL-04-01497,SO-04-00749,2026-04-27,,C00066,P0310,D063,North,Online,1,161.24,0.10
SL-04-01498,SO-04-00749,2026-04-29,2026-05-05,C00660,P0009,D026,West,Online,2,109.99,0.10
SL-04-01499,SO-04-00750,2026-04-16,2026-04-20,C00998,P0339,D007,East,Partner,1,153.99,0.10
SL-04-01500,SO-04-00750,2026-04-17,2026-04-25,C00870,P0267,D060,South,Store,4,344.49,0.05
SL-04-01501,SO-04-00751,2026-04-26,2026-04-29,C00901,P0351,D011,Central,Partner,4,288.99,0.10
SL-04-01502,SO-04-00751,2026-04-26,2026-04-30,C00857,P0346,D017,East,Store,5,232.74,0.15
SL-04-01503,SO-04-00752,2026-04-18,2026-04-26,C00007,P0033,D012,West,Store,2,46.49,0.10
SL-04-01504,SO-04-00752,2026-04-25,2026-05-02,C00335,P0351,D090,North,Store,4,288.99,0.15
SL-04-01505,SO-04-00753,2026-04-22,2026-04-23,C00530,P0112,D046,East,Partner,2,268.24,0
SL-04-01506,SO-04-00753,2026-04-16,2026-04-20,C00147,P0218,D070,East,Partner,2,126.74,0.15
SL-04-01507,SO-04-00754,2026-04-25,2026-04-28,C00572,P0242,D006,West,Online,5,63.24,0.15
SL-04-01508,SO-04-00754,2026-04-25,2026-04-30,C00294,P0321,D075,West,Partner,5,284.99,0.10
SL-04-01509,SO-04-00755,2026-04-06,2026-04-12,C00864,P0349,D020,South,Partner,5,266.49,0.10
SL-04-01510,SO-04-00755,2026-04-17,2026-04-20,C00360,P0073,D017,South,Store,1,162.99,0.05
SL-04-01511,SO-04-00756,2026-04-20,2026-04-27,C01024,P0281,D061,North,Online,4,168.49,0.15
SL-04-01512,SO-04-00756,2026-04-17,2026-04-23,C00264,P0182,D019,East,Store,5,55.24,0.05
SL-04-01513,SO-04-00757,2026-04-12,2026-04-18,C00188,P0310,D054,West,Online,2,161.24,0.15
SL-04-01514,SO-04-00757,2026-04-09,2026-04-15,C00949,P0318,D096,East,Partner,5,251.24,0.05
SL-04-01515,SO-04-00758,2026-04-16,2026-04-18,C00535,P0184,D094,West,Partner,1,77.74,0.15
SL-04-01516,SO-04-00758,2026-04-11,2026-04-13,C00872,P0221,D081,East,Store,2,160.49,0.05
SL-04-01517,SO-04-00759,2026-04-05,2026-04-11,C00497,P0359,D033,Central,Partner,4,378.99,0
SL-04-01518,SO-04-00759,2026-04-11,2026-04-19,C00652,P0179,D076,East,Online,4,354.99,0.10
SL-04-01519,SO-04-00760,2026-04-20,,C00209,P0250,D031,East,Partner,4,153.24,0.10
SL-04-01520,SO-04-00760,2026-04-05,2026-04-12,C01370,P0324,D089,Central,Partner,4,318.74,0
SL-04-01521,SO-04-00761,2026-04-10,2026-04-13,C00689,P0053,D044,West,Online,3,271.49,0.05
SL-04-01522,SO-04-00761,2026-04-15,2026-04-23,C00398,P0005,D072,East,Store,5,64.99,0.10
SL-04-01523,SO-04-00762,2026-04-26,2026-05-03,C00683,P0163,D003,West,Store,2,174.99,0.15
SL-04-01524,SO-04-00762,2026-04-18,2026-04-22,C00081,P0185,D030,East,Online,3,88.99,0.10
SL-04-01525,SO-04-00763,2026-04-25,2026-04-30,C00974,P0326,D033,North,Store,5,341.24,0.10
SL-04-01526,SO-04-00763,2026-04-04,2026-04-05,C00768,P0341,D030,West,Online,4,176.49,0.10
SL-04-01527,SO-04-00764,2026-04-12,2026-04-18,C00225,P0016,D025,Central,Store,1,188.74,0.10
SL-04-01528,SO-04-00764,2026-04-01,2026-04-05,C00457,P0330,D069,South,Partner,3,386.24,0.10
SL-04-01529,SO-04-00765,2026-04-04,2026-04-08,C00375,P0325,D041,West,Online,3,329.99,0
SL-04-01530,SO-04-00765,2026-04-29,2026-05-01,C00700,P0102,D067,West,Online,5,155.74,0.10
SL-04-01531,SO-04-00766,2026-04-11,2026-04-16,C01067,P0199,D108,North,Partner,1,246.49,0.10
SL-04-01532,SO-04-00766,2026-04-30,2026-05-07,C00864,P0245,D085,West,Partner,5,96.99,0.05
SL-04-01533,SO-04-00767,2026-04-07,2026-04-13,C00742,P0357,D097,East,Store,2,356.49,0.10
SL-04-01534,SO-04-00767,2026-04-22,2026-04-26,C00826,P0274,D012,West,Online,4,89.74,0.10
SL-04-01535,SO-04-00768,2026-04-19,2026-04-22,C00526,P0077,D085,North,Store,2,207.99,0
SL-04-01536,SO-04-00768,2026-04-27,2026-05-04,C00458,P0145,D051,North,Partner,1,305.99,0.15
SL-04-01537,SO-04-00769,2026-04-27,2026-05-05,C00646,P0339,D107,Central,Partner,3,153.99,0
SL-04-01538,SO-04-00769,2026-04-04,2026-04-12,C00010,P0218,D092,East,Online,3,126.74,0.05
SL-04-01539,SO-04-00770,2026-04-12,2026-04-18,C01040,P0147,D112,East,Store,2,328.49,0.05
SL-04-01540,SO-04-00770,2026-04-03,2026-04-08,C00884,P0256,D045,South,Store,5,220.74,0.05
SL-04-01541,SO-04-00771,2026-04-25,,C00017,P0188,D028,East,Online,3,122.74,0.15
SL-04-01542,SO-04-00771,2026-04-01,2026-04-09,C00822,P0306,D080,South,Partner,4,116.24,0.05
SL-04-01543,SO-04-00772,2026-04-17,2026-04-19,C00558,P0155,D103,Central,Online,1,84.99,0.05
SL-04-01544,SO-04-00772,2026-04-20,2026-04-24,C00811,P0060,D064,West,Partner,4,350.24,0.05
SL-04-01545,SO-04-00773,2026-04-02,2026-04-08,C00823,P0304,D073,Central,Partner,5,93.74,0.15
SL-04-01546,SO-04-00773,2026-04-06,2026-04-12,C00928,P0008,D071,East,Online,1,98.74,0.10
SL-04-01547,SO-04-00774,2026-04-11,2026-04-17,C00429,P0019,D041,West,Store,5,222.49,0.15
SL-04-01548,SO-04-00774,2026-04-14,2026-04-15,C00679,P0337,D065,Central,Partner,2,131.49,0.05
SL-04-01549,SO-04-00775,2026-04-07,2026-04-15,C00909,P0101,D009,North,Store,1,144.49,0.10
SL-04-01550,SO-04-00775,2026-04-23,2026-04-26,C00615,P0187,D050,South,Partner,1,111.49,0
SL-04-01551,SO-04-00776,2026-04-04,2026-04-05,C01361,P0337,D108,Central,Store,5,131.49,0.05
SL-04-01552,SO-04-00776,2026-04-30,2026-05-06,C00372,P0148,D082,West,Store,5,339.74,0.05
SL-04-01553,SO-04-00777,2026-04-07,2026-04-10,C00332,P0210,D101,West,Store,4,370.24,0
SL-04-01554,SO-04-00777,2026-04-25,2026-04-27,C00075,P0155,D098,South,Online,5,84.99,0
SL-04-01555,SO-04-00778,2026-04-09,2026-04-15,C00624,P0347,D006,South,Online,5,243.99,0.05
SL-04-01556,SO-04-00778,2026-04-04,2026-04-09,C00117,P0216,D016,East,Partner,1,104.24,0.15
SL-04-01557,SO-04-00779,2026-04-28,2026-05-03,C00865,P0056,D079,North,Partner,3,305.24,0.15
SL-04-01558,SO-04-00779,2026-04-16,2026-04-24,C00737,P0134,D082,East,Store,2,182.24,0
SL-04-01559,SO-04-00780,2026-04-07,2026-04-08,C00237,P0088,D035,North,Store,5,331.74,0.05
SL-04-01560,SO-04-00780,2026-04-18,2026-04-26,C00097,P0136,D083,West,Store,5,204.74,0
SL-04-01561,SO-04-00781,2026-04-29,2026-05-03,C00168,P0009,D081,South,Store,2,109.99,0.15
SL-04-01562,SO-04-00781,2026-04-29,2026-05-02,C00343,P0186,D021,East,Partner,2,100.24,0.15
SL-04-01563,SO-04-00782,2026-04-14,,C01010,P0279,D098,West,Store,5,145.99,0.05
SL-04-01564,SO-04-00782,2026-04-05,2026-04-11,C00765,P0119,D085,North,Partner,3,346.99,0.10
SL-04-01565,SO-04-00783,2026-04-12,2026-04-20,C00660,P0185,D104,North,Online,3,88.99,0.15
SL-04-01566,SO-04-00783,2026-04-11,2026-04-16,C00449,P0026,D017,West,Partner,3,301.24,0.10
SL-04-01567,SO-04-00784,2026-04-17,2026-04-18,C00433,P0266,D045,East,Store,1,333.24,0.05
SL-04-01568,SO-04-00784,2026-04-06,2026-04-14,C00917,P0353,D075,East,Partner,1,311.49,0.15
SL-04-01569,SO-04-00785,2026-04-05,2026-04-07,C00666,P0250,D061,West,Online,3,153.24,0
SL-04-01570,SO-04-00785,2026-04-06,2026-04-09,C00097,P0028,D083,North,Store,5,323.74,0
SL-04-01571,SO-04-00786,2026-04-30,2026-05-08,C00466,P0163,D071,Central,Partner,4,174.99,0.05
SL-04-01572,SO-04-00786,2026-04-05,2026-04-06,C00167,P0169,D094,West,Partner,2,242.49,0.15
SL-04-01573,SO-04-00787,2026-04-02,2026-04-04,C00511,P0281,D027,South,Online,2,168.49,0.10
SL-04-01574,SO-04-00787,2026-04-08,2026-04-12,C00903,P0202,D025,Central,Online,3,280.24,0.05
SL-04-01575,SO-04-00788,2026-04-07,2026-04-14,C00386,P0133,D048,East,Partner,1,170.99,0.15
SL-04-01576,SO-04-00788,2026-04-05,2026-04-12,C00671,P0120,D056,West,Store,1,358.24,0
SL-04-01577,SO-04-00789,2026-04-01,2026-04-06,C00405,P0129,D047,West,Store,4,125.99,0.15
SL-04-01578,SO-04-00789,2026-04-25,2026-05-02,C00594,P0051,D042,West,Online,4,248.99,0.10
SL-04-01579,SO-04-00790,2026-04-29,2026-05-03,C00363,P0123,D073,South,Online,3,58.49,0.10
SL-04-01580,SO-04-00790,2026-04-08,2026-04-13,C00438,P0268,D100,Central,Online,2,355.74,0.10
SL-04-01581,SO-04-00791,2026-04-27,2026-05-03,C00616,P0009,D057,East,Partner,2,109.99,0
SL-04-01582,SO-04-00791,2026-04-02,2026-04-07,C01352,P0190,D104,North,Partner,2,145.24,0
SL-04-01583,SO-04-00792,2026-04-29,2026-04-30,C00666,P0081,D062,South,Partner,4,252.99,0.10
SL-04-01584,SO-04-00792,2026-04-03,2026-04-04,C00440,P0177,D018,East,Online,2,332.49,0.10
SL-04-01585,SO-04-00793,2026-04-06,,C00559,P0314,D098,West,Partner,4,206.24,0.10
SL-04-01586,SO-04-00793,2026-04-08,2026-04-14,C01052,P0355,D068,West,Partner,4,333.99,0.05
SL-04-01587,SO-04-00794,2026-04-22,2026-04-25,C00651,P0191,D048,East,Store,5,156.49,0
SL-04-01588,SO-04-00794,2026-04-24,2026-04-26,C00079,P0234,D001,Central,Partner,5,306.74,0.10
SL-04-01589,SO-04-00795,2026-04-27,2026-05-02,C00565,P0220,D001,East,Partner,2,149.24,0.10
SL-04-01590,SO-04-00795,2026-04-08,2026-04-12,C00585,P0025,D105,South,Online,1,289.99,0.15
SL-04-01591,SO-04-00796,2026-04-24,2026-04-28,C00794,P0047,D045,West,Online,4,203.99,0
SL-04-01592,SO-04-00796,2026-04-21,2026-04-29,C00363,P0097,D034,North,Online,3,99.49,0.05
SL-04-01593,SO-04-00797,2026-04-06,2026-04-11,C00454,P0060,D034,West,Online,4,350.24,0
SL-04-01594,SO-04-00797,2026-04-29,2026-05-04,C00061,P0298,D051,Central,Online,3,359.74,0
SL-04-01595,SO-04-00798,2026-04-07,2026-04-09,C00981,P0162,D034,South,Online,1,163.74,0
SL-04-01596,SO-04-00798,2026-04-01,2026-04-05,C00736,P0355,D088,East,Store,4,333.99,0.05
SL-04-01597,SO-04-00799,2026-04-22,2026-04-27,C00443,P0296,D008,South,Online,4,337.24,0.10
SL-04-01598,SO-04-00799,2026-04-09,2026-04-11,C00099,P0057,D080,Central,Partner,1,316.49,0
SL-04-01599,SO-04-00800,2026-04-04,2026-04-05,C00362,P0206,D071,South,Partner,1,325.24,0.05
SL-04-01600,SO-04-00800,2026-04-16,2026-04-24,C00415,P0321,D047,West,Online,1,284.99,0.15
