ProductID,OrderLineID,Region,Order Date,Quantity,CustomerID,OrderID,DepartmentID,Unit Price GBP,DiscountPct,PromoCode,ShippedDateText
P0157,SL-03-00001,South,2026-03-09,3,C01351,SO-03-00001,D030,107.49,0.15,SPRING26,
P0249,SL-03-00002,South,2026-03-10,4,C00564,SO-03-00001,D095,141.99,0.10,,2026-03-17
P0266,SL-03-00003,North,2026-03-12,3,C01000,SO-03-00002,D066,333.24,0.10,,2026-03-18
P0065,SL-03-00004,North,2026-03-22,3,C00704,SO-03-00002,D016,72.99,0,,2026-03-23
P0030,SL-03-00005,East,2026-03-26,2,C00817,SO-03-00003,D035,346.24,0.10,,2026-03-27
P0122,SL-03-00006,South,2026-03-08,4,C01014,SO-03-00003,D034,47.24,0,,2026-03-09
P0002,SL-03-00007,North,2026-03-25,2,C01052,SO-03-00004,D083,31.24,0,,2026-03-26
P0327,SL-03-00008,North,2026-03-12,4,C00528,SO-03-00004,D093,352.49,0,,2026-03-13
P0185,SL-03-00009,West,2026-03-26,4,C00645,SO-03-00005,D107,88.99,0,SPRING26,2026-04-03
P0048,SL-03-00010,West,2026-03-15,4,C00353,SO-03-00005,D072,215.24,0.05,,2026-03-18
P0148,SL-03-00011,West,2026-03-06,4,C00658,SO-03-00006,D028,339.74,0.10,,2026-03-12
P0175,SL-03-00012,West,2026-03-06,1,C00155,SO-03-00006,D027,309.99,0,,2026-03-14
P0143,SL-03-00013,West,2026-03-24,1,C00497,SO-03-00007,D067,283.49,0.10,,2026-03-26
P0343,SL-03-00014,Central,2026-03-06,2,C00355,SO-03-00007,D103,198.99,0.05,,2026-03-11
P0258,SL-03-00015,South,2026-03-27,5,C00922,SO-03-00008,D056,243.24,0.10,,2026-03-29
P0014,SL-03-00016,Central,2026-03-19,5,C00005,SO-03-00008,D102,166.24,0.10,,2026-03-20
P0273,SL-03-00017,Central,2026-03-28,3,C00340,SO-03-00009,D024,78.49,0,SPRING26,2026-03-29
P0032,SL-03-00018,West,2026-03-28,1,C00662,SO-03-00009,D047,35.24,0.05,,2026-03-30
P0092,SL-03-00019,Central,2026-03-14,3,C00353,SO-03-00010,D074,43.24,0.15,,2026-03-18
P0190,SL-03-00020,East,2026-03-15,1,C00760,SO-03-00010,D054,145.24,0,,2026-03-18
P0072,SL-03-00021,West,2026-03-24,5,C00010,SO-03-00011,D100,151.74,0.05,,2026-03-30
P0322,SL-03-00022,West,2026-03-10,1,C00226,SO-03-00011,D049,296.24,0.10,,2026-03-15
P0192,SL-03-00023,East,2026-03-06,2,C00019,SO-03-00012,D015,167.74,0,,
P0196,SL-03-00024,North,2026-03-23,1,C00652,SO-03-00012,D073,212.74,0.15,,2026-03-26
P0295,SL-03-00025,South,2026-03-05,3,C01064,SO-03-00013,D044,325.99,0,SPRING26,2026-03-08
P0359,SL-03-00026,South,2026-03-15,3,C00288,SO-03-00013,D030,378.99,0.05,,2026-03-20
P0161,SL-03-00027,South,2026-03-28,2,C00451,SO-03-00014,D029,152.49,0.15,,2026-04-01
P0348,SL-03-00028,South,2026-03-09,4,C00253,SO-03-00014,D020,255.24,0.05,,2026-03-15
P0073,SL-03-00029,South,2026-03-24,4,C00348,SO-03-00015,D024,162.99,0.05,,2026-03-25
P0083,SL-03-00030,East,2026-03-14,1,C00173,SO-03-00015,D100,275.49,0.05,,2026-03-17
P0054,SL-03-00031,South,2026-03-19,3,C00755,SO-03-00016,D001,282.74,0.05,,2026-03-26
P0235,SL-03-00032,South,2026-03-15,2,C01362,SO-03-00016,D025,317.99,0.15,,2026-03-17
P0066,SL-03-00033,South,2026-03-01,4,C00042,SO-03-00017,D068,84.24,0.10,SPRING26,2026-03-07
P0010,SL-03-00034,Central,2026-03-29,3,C00677,SO-03-00017,D038,121.24,0.10,,2026-04-03
P0134,SL-03-00035,South,2026-03-01,3,C00480,SO-03-00018,D009,182.24,0.10,,2026-03-04
P0147,SL-03-00036,East,2026-03-26,3,C00270,SO-03-00018,D040,328.49,0.10,,2026-04-02
P0177,SL-03-00037,Central,2026-03-01,2,C00329,SO-03-00019,D089,332.49,0,,2026-03-07
P0054,SL-03-00038,West,2026-03-01,1,C00006,SO-03-00019,D001,282.74,0.10,,2026-03-08
P0243,SL-03-00039,South,2026-03-26,3,C00714,SO-03-00020,D028,74.49,0.15,,2026-03-28
P0312,SL-03-00040,West,2026-03-03,3,C00811,SO-03-00020,D067,183.74,0,,2026-03-10
P0013,SL-03-00041,West,2026-03-26,1,C00989,SO-03-00021,D039,154.99,0,SPRING26,2026-03-30
P0132,SL-03-00042,South,2026-03-22,4,C00815,SO-03-00021,D007,159.74,0.15,,2026-03-30
P0150,SL-03-00043,South,2026-03-14,3,C00755,SO-03-00022,D076,362.24,0.10,,2026-03-16
P0002,SL-03-00044,North,2026-03-17,2,C00324,SO-03-00022,D017,31.24,0.10,,2026-03-18
P0004,SL-03-00045,East,2026-03-23,3,C00864,SO-03-00023,D087,53.74,0.10,,
P0012,SL-03-00046,Central,2026-03-22,4,C00275,SO-03-00023,D106,143.74,0.10,,2026-03-24
P0003,SL-03-00047,North,2026-03-04,2,C00412,SO-03-00024,D039,42.49,0,,2026-03-05
P0074,SL-03-00048,Central,2026-03-09,1,C00609,SO-03-00024,D093,174.24,0.05,,2026-03-15
P0121,SL-03-00049,Central,2026-03-31,5,C00351,SO-03-00025,D029,35.99,0.10,SPRING26,2026-04-07
P0079,SL-03-00050,East,2026-03-30,1,C00592,SO-03-00025,D024,230.49,0,,2026-04-04
P0048,SL-03-00051,Central,2026-03-06,5,C00673,SO-03-00026,D097,215.24,0.05,,2026-03-10
P0171,SL-03-00052,West,2026-03-15,4,C00817,SO-03-00026,D003,264.99,0.15,,2026-03-22
P0196,SL-03-00053,Central,2026-03-26,4,C00285,SO-03-00027,D007,212.74,0,,2026-04-02
P0299,SL-03-00054,East,2026-03-01,1,C00903,SO-03-00027,D053,370.99,0.05,,2026-03-02
P0342,SL-03-00055,South,2026-03-05,3,C00793,SO-03-00028,D085,187.74,0.15,,2026-03-08
P0055,SL-03-00056,Central,2026-03-24,1,C00189,SO-03-00028,D107,293.99,0.10,,2026-03-27
P0258,SL-03-00057,South,2026-03-27,4,C00912,SO-03-00029,D088,243.24,0.10,SPRING26,2026-04-03
P0292,SL-03-00058,West,2026-03-24,5,C00271,SO-03-00029,D074,292.24,0.15,,2026-03-29
P0226,SL-03-00059,North,2026-03-05,2,C01019,SO-03-00030,D101,216.74,0.05,,2026-03-07
P0350,SL-03-00060,North,2026-03-10,3,C00461,SO-03-00030,D087,277.74,0,,2026-03-12
P0067,SL-03-00061,North,2026-03-20,2,C00050,SO-03-00031,D105,95.49,0.10,,2026-03-28
P0091,SL-03-00062,West,2026-03-05,4,C00712,SO-03-00031,D022,31.99,0.05,,2026-03-06
P0348,SL-03-00063,West,2026-03-08,1,C01353,SO-03-00032,D054,255.24,0.15,,2026-03-14
P0148,SL-03-00064,South,2026-03-14,3,C00475,SO-03-00032,D105,339.74,0.15,,2026-03-17
P0201,SL-03-00065,North,2026-03-31,2,C00387,SO-03-00033,D068,268.99,0,SPRING26,2026-04-06
P0341,SL-03-00066,Central,2026-03-31,2,C00236,SO-03-00033,D017,176.49,0,,2026-04-03
P0330,SL-03-00067,South,2026-03-04,1,C00804,SO-03-00034,D021,386.24,0.15,,
P0336,SL-03-00068,Central,2026-03-22,4,C00142,SO-03-00034,D085,120.24,0.15,,2026-03-26
P0034,SL-03-00069,East,2026-03-13,5,C00220,SO-03-00035,D030,57.74,0.15,,2026-03-15
P0228,SL-03-00070,Central,2026-03-06,1,C00932,SO-03-00035,D044,239.24,0,,2026-03-11
P0228,SL-03-00071,West,2026-03-11,1,C00600,SO-03-00036,D077,239.24,0,,2026-03-14
P0329,SL-03-00072,West,2026-03-01,2,C00433,SO-03-00036,D088,374.99,0,,2026-03-08
P0170,SL-03-00073,West,2026-03-03,4,C00654,SO-03-00037,D042,253.74,0.15,SPRING26,2026-03-04
P0152,SL-03-00074,Central,2026-03-09,5,C00152,SO-03-00037,D110,51.24,0.15,,2026-03-16
P0077,SL-03-00075,East,2026-03-15,2,C01098,SO-03-00038,D005,207.99,0.05,,2026-03-20
P0190,SL-03-00076,Central,2026-03-12,2,C00479,SO-03-00038,D032,145.24,0,,2026-03-16
P0350,SL-03-00077,West,2026-03-27,4,C00501,SO-03-00039,D085,277.74,0.10,,2026-04-02
P0230,SL-03-00078,South,2026-03-15,4,C01073,SO-03-00039,D098,261.74,0,,2026-03-18
P0130,SL-03-00079,Central,2026-03-16,1,C00243,SO-03-00040,D102,137.24,0,,2026-03-22
P0293,SL-03-00080,South,2026-03-02,1,C00574,SO-03-00040,D004,303.49,0.15,,2026-03-05
P0224,SL-03-00081,North,2026-03-05,1,C00836,SO-03-00041,D085,194.24,0.10,SPRING26,2026-03-11
P0003,SL-03-00082,South,2026-03-01,3,C00412,SO-03-00041,D112,42.49,0.15,,2026-03-04
P0304,SL-03-00083,East,2026-03-18,3,C00215,SO-03-00042,D010,93.74,0.05,,2026-03-22
P0134,SL-03-00084,West,2026-03-04,3,C00577,SO-03-00042,D029,182.24,0.15,,2026-03-05
P0276,SL-03-00085,East,2026-03-19,1,C01086,SO-03-00043,D038,112.24,0.10,,2026-03-21
P0276,SL-03-00086,West,2026-03-30,5,C00225,SO-03-00043,D078,112.24,0.15,,2026-04-05
P0128,SL-03-00087,Central,2026-03-13,3,C00220,SO-03-00044,D099,114.74,0.15,,2026-03-14
P0255,SL-03-00088,North,2026-03-19,2,C00686,SO-03-00044,D105,209.49,0.10,,2026-03-27
P0024,SL-03-00089,South,2026-03-04,1,C00988,SO-03-00045,D067,278.74,0.15,SPRING26,
P0005,SL-03-00090,North,2026-03-05,1,C01085,SO-03-00045,D104,64.99,0.15,,2026-03-08
P0054,SL-03-00091,East,2026-03-21,5,C00234,SO-03-00046,D058,282.74,0.05,,2026-03-25
P0317,SL-03-00092,East,2026-03-21,3,C00985,SO-03-00046,D079,239.99,0.15,,2026-03-25
P0337,SL-03-00093,East,2026-03-02,3,C00132,SO-03-00047,D060,131.49,0.10,,2026-03-03
P0158,SL-03-00094,East,2026-03-02,3,C01364,SO-03-00047,D001,118.74,0.15,,2026-03-07
P0168,SL-03-00095,South,2026-03-28,1,C00015,SO-03-00048,D010,231.24,0.10,,2026-04-01
P0102,SL-03-00096,South,2026-03-06,3,C00894,SO-03-00048,D078,155.74,0.05,,2026-03-12
P0169,SL-03-00097,West,2026-03-29,2,C00729,SO-03-00049,D075,242.49,0.05,SPRING26,2026-03-31
P0136,SL-03-00098,West,2026-03-25,5,C00098,SO-03-00049,D039,204.74,0,,2026-04-02
P0060,SL-03-00099,Central,2026-03-23,1,C00320,SO-03-00050,D102,350.24,0.10,,2026-03-31
P0107,SL-03-00100,Central,2026-03-16,1,C00538,SO-03-00050,D049,211.99,0.05,,2026-03-24
P0278,SL-03-00101,North,2026-03-02,3,C00455,SO-03-00051,D004,134.74,0,,2026-03-08
P0338,SL-03-00102,West,2026-03-07,4,C00584,SO-03-00051,D088,142.74,0.10,,2026-03-10
P0112,SL-03-00103,West,2026-03-11,2,C00679,SO-03-00052,D011,268.24,0,,2026-03-17
P0311,SL-03-00104,West,2026-03-01,3,C00097,SO-03-00052,D052,172.49,0.15,,2026-03-05
P0132,SL-03-00105,North,2026-03-09,1,C00216,SO-03-00053,D103,159.74,0,SPRING26,2026-03-13
P0013,SL-03-00106,South,2026-03-23,2,C01068,SO-03-00053,D075,154.99,0,,2026-03-27
P0256,SL-03-00107,North,2026-03-30,3,C00263,SO-03-00054,D014,220.74,0,,2026-04-03
P0286,SL-03-00108,West,2026-03-13,3,C00068,SO-03-00054,D047,224.74,0.05,,2026-03-19
P0157,SL-03-00109,Central,2026-03-22,1,C00456,SO-03-00055,D080,107.49,0.05,,2026-03-26
P0194,SL-03-00110,Central,2026-03-26,2,C00407,SO-03-00055,D111,190.24,0.05,,2026-04-03
P0167,SL-03-00111,South,2026-03-21,4,C00148,SO-03-00056,D013,219.99,0.10,,
P0226,SL-03-00112,Central,2026-03-27,1,C00751,SO-03-00056,D083,216.74,0.10,,2026-03-31
P0227,SL-03-00113,South,2026-03-05,5,C01057,SO-03-00057,D050,227.99,0.15,SPRING26,2026-03-11
P0342,SL-03-00114,North,2026-03-02,5,C00507,SO-03-00057,D062,187.74,0.05,,2026-03-05
P0280,SL-03-00115,South,2026-03-27,4,C00295,SO-03-00058,D062,157.24,0.05,,2026-04-02
P0134,SL-03-00116,North,2026-03-09,4,C00585,SO-03-00058,D074,182.24,0,,2026-03-12
P0323,SL-03-00117,Central,2026-03-27,2,C00075,SO-03-00059,D079,307.49,0.10,,2026-03-29
P0090,SL-03-00118,North,2026-03-25,1,C01044,SO-03-00059,D006,354.24,0.05,,2026-03-31
P0061,SL-03-00119,East,2026-03-23,3,C00583,SO-03-00060,D083,27.99,0.05,,2026-03-25
P0023,SL-03-00120,West,2026-03-24,5,C00261,SO-03-00060,D016,267.49,0.10,,2026-03-29
P0187,SL-03-00121,North,2026-03-01,5,C00498,SO-03-00061,D063,111.49,0.15,SPRING26,2026-03-08
P0289,SL-03-00122,West,2026-03-03,3,C00484,SO-03-00061,D028,258.49,0,,2026-03-06
P0194,SL-03-00123,East,2026-03-04,3,C01097,SO-03-00062,D112,190.24,0,,2026-03-10
P0106,SL-03-00124,North,2026-03-20,1,C00897,SO-03-00062,D075,200.74,0.10,,2026-03-27
P0248,SL-03-00125,Central,2026-03-06,1,C01355,SO-03-00063,D108,130.74,0,,2026-03-09
P0113,SL-03-00126,North,2026-03-28,3,C00539,SO-03-00063,D100,279.49,0.15,,2026-03-29
P0128,SL-03-00127,West,2026-03-30,5,C00135,SO-03-00064,D103,114.74,0.05,,2026-04-02
P0054,SL-03-00128,Central,2026-03-16,1,C00204,SO-03-00064,D103,282.74,0.10,,2026-03-22
P0320,SL-03-00129,Central,2026-03-22,3,C00785,SO-03-00065,D112,273.74,0.15,SPRING26,2026-03-26
P0123,SL-03-00130,East,2026-03-02,4,C00850,SO-03-00065,D005,58.49,0.05,,2026-03-09
P0116,SL-03-00131,Central,2026-03-05,1,C00282,SO-03-00066,D005,313.24,0,,2026-03-09
P0220,SL-03-00132,North,2026-03-01,1,C00444,SO-03-00066,D082,149.24,0,,2026-03-02
P0180,SL-03-00133,South,2026-03-15,1,C00549,SO-03-00067,D093,366.24,0,,
P0279,SL-03-00134,East,2026-03-13,1,C00828,SO-03-00067,D075,145.99,0.10,,2026-03-19
P0041,SL-03-00135,South,2026-03-04,5,C00153,SO-03-00068,D087,136.49,0.10,,2026-03-12
P0161,SL-03-00136,South,2026-03-29,5,C00281,SO-03-00068,D104,152.49,0.15,,2026-04-05
P0128,SL-03-00137,South,2026-03-21,4,C00448,SO-03-00069,D003,114.74,0,SPRING26,2026-03-24
P0246,SL-03-00138,East,2026-03-24,4,C00660,SO-03-00069,D077,108.24,0.05,,2026-03-29
P0081,SL-03-00139,North,2026-03-01,3,C00178,SO-03-00070,D040,252.99,0.15,,2026-03-04
P0057,SL-03-00140,Central,2026-03-02,3,C00721,SO-03-00070,D090,316.49,0,,2026-03-05
P0318,SL-03-00141,North,2026-03-05,3,C00440,SO-03-00071,D075,251.24,0.10,,2026-03-09
P0084,SL-03-00142,East,2026-03-16,3,C00980,SO-03-00071,D096,286.74,0.10,,2026-03-20
P0337,SL-03-00143,East,2026-03-12,5,C00722,SO-03-00072,D020,131.49,0.10,,2026-03-15
P0326,SL-03-00144,South,2026-03-28,4,C00820,SO-03-00072,D080,341.24,0.10,,2026-04-03
P0067,SL-03-00145,South,2026-03-03,5,C00022,SO-03-00073,D092,95.49,0,SPRING26,2026-03-11
P0237,SL-03-00146,North,2026-03-15,3,C00851,SO-03-00073,D079,340.49,0.15,,2026-03-23
P0230,SL-03-00147,North,2026-03-10,2,C00748,SO-03-00074,D107,261.74,0.15,,2026-03-15
P0303,SL-03-00148,North,2026-03-11,5,C01004,SO-03-00074,D002,82.49,0.10,,2026-03-17
P0151,SL-03-00149,Central,2026-03-05,4,C00791,SO-03-00075,D035,39.99,0.15,,2026-03-10
P0167,SL-03-00150,Central,2026-03-20,2,C00511,SO-03-00075,D109,219.99,0.10,,2026-03-26
P0315,SL-03-00151,East,2026-03-18,2,C00831,SO-03-00076,D051,217.49,0.05,,2026-03-21
P0262,SL-03-00152,Central,2026-03-26,1,C00536,SO-03-00076,D084,288.24,0.05,,2026-04-03
P0111,SL-03-00153,East,2026-03-11,1,C00551,SO-03-00077,D060,256.99,0,SPRING26,2026-03-13
P0139,SL-03-00154,North,2026-03-14,4,C00240,SO-03-00077,D051,238.49,0.15,,2026-03-15
P0013,SL-03-00155,East,2026-03-10,2,C00048,SO-03-00078,D041,154.99,0.10,,
P0060,SL-03-00156,North,2026-03-16,1,C01366,SO-03-00078,D092,350.24,0.10,,2026-03-20
P0307,SL-03-00157,West,2026-03-05,1,C00802,SO-03-00079,D003,127.49,0.10,,2026-03-06
P0354,SL-03-00158,South,2026-03-20,2,C00476,SO-03-00079,D008,322.74,0.15,,2026-03-28
P0007,SL-03-00159,East,2026-03-25,3,C00193,SO-03-00080,D084,87.49,0,,2026-04-02
P0073,SL-03-00160,Central,2026-03-16,5,C00538,SO-03-00080,D058,162.99,0.10,,2026-03-21
P0193,SL-03-00161,West,2026-03-12,4,C00932,SO-03-00081,D002,178.99,0.15,SPRING26,2026-03-17
P0293,SL-03-00162,South,2026-03-30,4,C00046,SO-03-00081,D034,303.49,0,,2026-04-04
P0040,SL-03-00163,East,2026-03-18,3,C01021,SO-03-00082,D014,125.24,0,,2026-03-20
P0197,SL-03-00164,East,2026-03-18,5,C00613,SO-03-00082,D074,223.99,0.10,,2026-03-25
P0176,SL-03-00165,West,2026-03-24,4,C00046,SO-03-00083,D088,321.24,0.05,,2026-03-27
P0034,SL-03-00166,East,2026-03-01,2,C00558,SO-03-00083,D107,57.74,0.05,,2026-03-05
P0251,SL-03-00167,West,2026-03-26,5,C00595,SO-03-00084,D051,164.49,0.15,,2026-04-03
P0053,SL-03-00168,East,2026-03-22,2,C00632,SO-03-00084,D087,271.49,0.10,,2026-03-29
P0018,SL-03-00169,East,2026-03-22,2,C00168,SO-03-00085,D072,211.24,0.10,SPRING26,2026-03-24
P0226,SL-03-00170,East,2026-03-26,3,C00666,SO-03-00085,D090,216.74,0.05,,2026-03-27
P0045,SL-03-00171,South,2026-03-10,1,C00534,SO-03-00086,D011,181.49,0.10,,2026-03-18
P0061,SL-03-00172,East,2026-03-25,3,C00354,SO-03-00086,D077,27.99,0.10,,2026-03-26
P0019,SL-03-00173,North,2026-03-23,3,C00884,SO-03-00087,D099,222.49,0.10,,2026-03-30
P0360,SL-03-00174,Central,2026-03-12,3,C00847,SO-03-00087,D110,390.24,0.15,,2026-03-19
P0159,SL-03-00175,North,2026-03-21,2,C01045,SO-03-00088,D065,129.99,0.05,,2026-03-26
P0278,SL-03-00176,Central,2026-03-21,4,C01029,SO-03-00088,D017,134.74,0.05,,2026-03-27
P0129,SL-03-00177,North,2026-03-11,4,C00322,SO-03-00089,D057,125.99,0.05,SPRING26,
P0156,SL-03-00178,West,2026-03-08,2,C00211,SO-03-00089,D082,96.24,0.10,,2026-03-13
P0093,SL-03-00179,North,2026-03-03,5,C00906,SO-03-00090,D073,54.49,0.05,,2026-03-07
P0276,SL-03-00180,East,2026-03-06,1,C00880,SO-03-00090,D094,112.24,0.05,,2026-03-11
P0117,SL-03-00181,North,2026-03-09,4,C00420,SO-03-00091,D088,324.49,0.15,,2026-03-17
P0332,SL-03-00182,Central,2026-03-09,4,C00590,SO-03-00091,D001,75.24,0.15,,2026-03-12
P0182,SL-03-00183,North,2026-03-01,1,C00656,SO-03-00092,D087,55.24,0.15,,2026-03-05
P0005,SL-03-00184,East,2026-03-24,5,C00486,SO-03-00092,D002,64.99,0.10,,2026-03-30
P0066,SL-03-00185,East,2026-03-13,1,C00084,SO-03-00093,D018,84.24,0,SPRING26,2026-03-20
P0345,SL-03-00186,South,2026-03-18,5,C00997,SO-03-00093,D074,221.49,0.15,,2026-03-24
P0260,SL-03-00187,West,2026-03-15,2,C01357,SO-03-00094,D028,265.74,0.15,,2026-03-17
P0305,SL-03-00188,East,2026-03-19,5,C00242,SO-03-00094,D049,104.99,0.10,,2026-03-26
P0237,SL-03-00189,Central,2026-03-22,1,C00812,SO-03-00095,D034,340.49,0.10,,2026-03-24
P0302,SL-03-00190,South,2026-03-26,4,C00776,SO-03-00095,D013,71.24,0.10,,2026-04-03
P0228,SL-03-00191,East,2026-03-30,5,C00123,SO-03-00096,D064,239.24,0.05,,2026-04-03
P0223,SL-03-00192,Central,2026-03-01,5,C00708,SO-03-00096,D102,182.99,0.05,,2026-03-07
P0137,SL-03-00193,South,2026-03-07,3,C00317,SO-03-00097,D052,215.99,0,SPRING26,2026-03-09
P0266,SL-03-00194,North,2026-03-19,1,C00632,SO-03-00097,D015,333.24,0.10,,2026-03-26
P0052,SL-03-00195,North,2026-03-06,2,C00563,SO-03-00098,D008,260.24,0,,2026-03-07
P0043,SL-03-00196,West,2026-03-09,3,C00118,SO-03-00098,D080,158.99,0.10,,2026-03-10
P0300,SL-03-00197,West,2026-03-02,1,C00226,SO-03-00099,D009,382.24,0,,2026-03-07
P0188,SL-03-00198,North,2026-03-02,1,C00491,SO-03-00099,D057,122.74,0.15,,2026-03-06
P0109,SL-03-00199,West,2026-03-13,2,C00432,SO-03-00100,D015,234.49,0.10,,
P0201,SL-03-00200,Central,2026-03-12,5,C00117,SO-03-00100,D092,268.99,0.15,,2026-03-19
P0056,SL-03-00201,North,2026-03-14,3,C00359,SO-03-00101,D033,305.24,0.05,SPRING26,2026-03-18
P0297,SL-03-00202,North,2026-03-20,2,C00196,SO-03-00101,D005,348.49,0.10,,2026-03-22
P0124,SL-03-00203,East,2026-03-28,3,C00795,SO-03-00102,D069,69.74,0.15,,2026-04-05
P0348,SL-03-00204,South,2026-03-28,4,C00184,SO-03-00102,D039,255.24,0.10,,2026-04-03
P0280,SL-03-00205,South,2026-03-18,5,C00307,SO-03-00103,D089,157.24,0.10,,2026-03-26
P0081,SL-03-00206,South,2026-03-03,5,C00621,SO-03-00103,D051,252.99,0,,2026-03-07
P0338,SL-03-00207,West,2026-03-09,5,C01094,SO-03-00104,D095,142.74,0.10,,2026-03-13
P0342,SL-03-00208,East,2026-03-04,5,C00864,SO-03-00104,D006,187.74,0,,2026-03-10
P0063,SL-03-00209,Central,2026-03-27,1,C00650,SO-03-00105,D004,50.49,0.10,SPRING26,2026-03-30
P0334,SL-03-00210,Central,2026-03-04,3,C00043,SO-03-00105,D020,97.74,0,,2026-03-08
P0108,SL-03-00211,East,2026-03-26,5,C00541,SO-03-00106,D056,223.24,0,,2026-03-31
P0132,SL-03-00212,Central,2026-03-15,3,C00941,SO-03-00106,D006,159.74,0.10,,2026-03-19
P0213,SL-03-00213,North,2026-03-01,3,C00286,SO-03-00107,D077,70.49,0.10,,2026-03-08
P0293,SL-03-00214,Central,2026-03-23,4,C00523,SO-03-00107,D061,303.49,0.15,,2026-03-31
P0171,SL-03-00215,East,2026-03-20,5,C00484,SO-03-00108,D042,264.99,0.15,,2026-03-22
P0242,SL-03-00216,Central,2026-03-07,4,C00747,SO-03-00108,D034,63.24,0.10,,2026-03-14
P0278,SL-03-00217,South,2026-03-16,5,C00249,SO-03-00109,D059,134.74,0,SPRING26,2026-03-18
P0229,SL-03-00218,South,2026-03-15,5,C01368,SO-03-00109,D021,250.49,0,,2026-03-21
P0115,SL-03-00219,West,2026-03-25,5,C00429,SO-03-00110,D086,301.99,0,,2026-03-27
P0296,SL-03-00220,North,2026-03-02,5,C00238,SO-03-00110,D028,337.24,0.10,,2026-03-03
P0113,SL-03-00221,South,2026-03-06,4,C00693,SO-03-00111,D079,279.49,0.10,,
P0343,SL-03-00222,West,2026-03-31,5,C01018,SO-03-00111,D069,198.99,0.15,,2026-04-03
P0254,SL-03-00223,West,2026-03-13,5,C00135,SO-03-00112,D058,198.24,0.15,,2026-03-14
P0182,SL-03-00224,East,2026-03-15,4,C00734,SO-03-00112,D057,55.24,0.10,,2026-03-18
P0222,SL-03-00225,Central,2026-03-12,4,C00941,SO-03-00113,D074,171.74,0.10,SPRING26,2026-03-14
P0026,SL-03-00226,Central,2026-03-12,5,C00250,SO-03-00113,D063,301.24,0.10,,2026-03-14
P0210,SL-03-00227,North,2026-03-09,4,C00015,SO-03-00114,D065,370.24,0.10,,2026-03-14
P0134,SL-03-00228,Central,2026-03-29,5,C00625,SO-03-00114,D077,182.24,0.15,,2026-04-05
P0286,SL-03-00229,East,2026-03-25,3,C00353,SO-03-00115,D088,224.74,0,,2026-03-30
P0110,SL-03-00230,East,2026-03-19,5,C00104,SO-03-00115,D087,245.74,0,,2026-03-27
P0091,SL-03-00231,West,2026-03-28,2,C00416,SO-03-00116,D092,31.99,0.05,,2026-04-05
P0063,SL-03-00232,East,2026-03-16,4,C00171,SO-03-00116,D085,50.49,0.15,,2026-03-20
P0358,SL-03-00233,West,2026-03-17,2,C00911,SO-03-00117,D077,367.74,0,SPRING26,2026-03-21
P0249,SL-03-00234,North,2026-03-11,3,C00840,SO-03-00117,D004,141.99,0,,2026-03-16
P0284,SL-03-00235,Central,2026-03-16,4,C00372,SO-03-00118,D024,202.24,0.10,,2026-03-18
P0095,SL-03-00236,West,2026-03-19,2,C00909,SO-03-00118,D092,76.99,0.15,,2026-03-24
P0113,SL-03-00237,West,2026-03-08,1,C00442,SO-03-00119,D073,279.49,0,,2026-03-12
P0034,SL-03-00238,Central,2026-03-14,5,C00840,SO-03-00119,D101,57.74,0.05,,2026-03-20
P0076,SL-03-00239,East,2026-03-10,1,C00643,SO-03-00120,D020,196.74,0.15,,2026-03-18
P0227,SL-03-00240,West,2026-03-19,5,C00805,SO-03-00120,D096,227.99,0.10,,2026-03-24
P0086,SL-03-00241,South,2026-03-25,1,C00577,SO-03-00121,D061,309.24,0.10,SPRING26,2026-04-01
P0053,SL-03-00242,North,2026-03-01,3,C00626,SO-03-00121,D015,271.49,0.10,,2026-03-07
P0025,SL-03-00243,West,2026-03-27,3,C00451,SO-03-00122,D107,289.99,0.10,,
P0144,SL-03-00244,West,2026-03-07,5,C00136,SO-03-00122,D074,294.74,0.15,,2026-03-09
P0261,SL-03-00245,East,2026-03-08,5,C00706,SO-03-00123,D103,276.99,0.10,,2026-03-10
P0108,SL-03-00246,South,2026-03-15,2,C00081,SO-03-00123,D059,223.24,0.15,,2026-03-18
P0164,SL-03-00247,East,2026-03-10,2,C00346,SO-03-00124,D035,186.24,0.05,,2026-03-16
P0330,SL-03-00248,North,2026-03-16,1,C00438,SO-03-00124,D100,386.24,0.10,,2026-03-24
P0333,SL-03-00249,West,2026-03-22,4,C01359,SO-03-00125,D061,86.49,0.15,SPRING26,2026-03-28
P0082,SL-03-00250,South,2026-03-17,4,C00965,SO-03-00125,D023,264.24,0.05,,2026-03-20
P0269,SL-03-00251,North,2026-03-18,4,C00730,SO-03-00126,D030,366.99,0,,2026-03-22
P0251,SL-03-00252,North,2026-03-25,4,C00944,SO-03-00126,D097,164.49,0,,2026-03-30
P0083,SL-03-00253,East,2026-03-05,4,C00075,SO-03-00127,D062,275.49,0,,2026-03-06
P0071,SL-03-00254,Central,2026-03-06,3,C00914,SO-03-00127,D005,140.49,0.05,,2026-03-12
P0325,SL-03-00255,East,2026-03-23,4,C00213,SO-03-00128,D053,329.99,0.05,,2026-03-25
P0287,SL-03-00256,East,2026-03-19,1,C00690,SO-03-00128,D060,235.99,0.15,,2026-03-23
P0053,SL-03-00257,North,2026-03-22,3,C00334,SO-03-00129,D075,271.49,0.15,SPRING26,2026-03-23
P0258,SL-03-00258,West,2026-03-03,2,C01098,SO-03-00129,D049,243.24,0.05,,2026-03-05
P0208,SL-03-00259,North,2026-03-03,2,C01022,SO-03-00130,D101,347.74,0,,2026-03-08
P0257,SL-03-00260,East,2026-03-07,1,C00438,SO-03-00130,D034,231.99,0,,2026-03-14
P0116,SL-03-00261,South,2026-03-20,4,C00216,SO-03-00131,D057,313.24,0.10,,2026-03-25
P0243,SL-03-00262,West,2026-03-21,4,C00250,SO-03-00131,D007,74.49,0.15,,2026-03-29
P0151,SL-03-00263,North,2026-03-25,3,C00136,SO-03-00132,D014,39.99,0.15,,2026-03-29
P0078,SL-03-00264,Central,2026-03-17,1,C00284,SO-03-00132,D016,219.24,0.15,,2026-03-20
P0110,SL-03-00265,South,2026-03-02,4,C00934,SO-03-00133,D094,245.74,0.10,SPRING26,
P0220,SL-03-00266,North,2026-03-07,4,C00535,SO-03-00133,D043,149.24,0.10,,2026-03-13
P0044,SL-03-00267,Central,2026-03-28,4,C00190,SO-03-00134,D056,170.24,0,,2026-04-02
P0029,SL-03-00268,East,2026-03-18,1,C00698,SO-03-00134,D016,334.99,0,,2026-03-26
P0240,SL-03-00269,East,2026-03-24,2,C00152,SO-03-00135,D070,374.24,0,,2026-03-30
P0068,SL-03-00270,West,2026-03-12,1,C00229,SO-03-00135,D024,106.74,0.15,,2026-03-14
P0107,SL-03-00271,Central,2026-03-19,2,C00102,SO-03-00136,D056,211.99,0.10,,2026-03-27
P0315,SL-03-00272,East,2026-03-18,3,C01045,SO-03-00136,D030,217.49,0.10,,2026-03-26
P0164,SL-03-00273,Central,2026-03-20,4,C00070,SO-03-00137,D074,186.24,0.15,SPRING26,2026-03-28
P0174,SL-03-00274,West,2026-03-20,5,C00281,SO-03-00137,D110,298.74,0,,2026-03-27
P0077,SL-03-00275,South,2026-03-03,5,C00781,SO-03-00138,D013,207.99,0,,2026-03-05
P0207,SL-03-00276,North,2026-03-24,4,C00371,SO-03-00138,D104,336.49,0.15,,2026-03-29
P0153,SL-03-00277,South,2026-03-16,4,C00520,SO-03-00139,D089,62.49,0.15,,2026-03-20
P0124,SL-03-00278,West,2026-03-28,3,C00336,SO-03-00139,D034,69.74,0.05,,2026-04-03
P0137,SL-03-00279,Central,2026-03-31,1,C00115,SO-03-00140,D003,215.99,0,,2026-04-08
P0031,SL-03-00280,South,2026-03-11,4,C01370,SO-03-00140,D089,23.99,0.15,,2026-03-18
P0233,SL-03-00281,East,2026-03-28,3,C01013,SO-03-00141,D095,295.49,0,SPRING26,2026-03-29
P0085,SL-03-00282,South,2026-03-20,2,C00163,SO-03-00141,D056,297.99,0.15,,2026-03-27
P0269,SL-03-00283,Central,2026-03-24,2,C00961,SO-03-00142,D078,366.99,0.05,,2026-03-27
P0335,SL-03-00284,Central,2026-03-14,3,C00673,SO-03-00142,D068,108.99,0,,2026-03-18
P0225,SL-03-00285,West,2026-03-09,2,C00507,SO-03-00143,D083,205.49,0.05,,2026-03-10
P0090,SL-03-00286,South,2026-03-22,3,C00692,SO-03-00143,D080,354.24,0,,2026-03-28
P0122,SL-03-00287,East,2026-03-13,4,C00450,SO-03-00144,D041,47.24,0.10,,
P0336,SL-03-00288,North,2026-03-02,5,C00017,SO-03-00144,D107,120.24,0.05,,2026-03-06
P0024,SL-03-00289,South,2026-03-29,3,C00360,SO-03-00145,D047,278.74,0.15,SPRING26,2026-04-05
P0304,SL-03-00290,East,2026-03-12,3,C00989,SO-03-00145,D112,93.74,0,,2026-03-14
P0130,SL-03-00291,West,2026-03-02,3,C00035,SO-03-00146,D082,137.24,0.15,,2026-03-08
P0089,SL-03-00292,Central,2026-03-19,1,C00106,SO-03-00146,D059,342.99,0.05,,2026-03-26
P0055,SL-03-00293,East,2026-03-16,1,C00337,SO-03-00147,D101,293.99,0.15,,2026-03-19
P0127,SL-03-00294,North,2026-03-14,5,C00104,SO-03-00147,D095,103.49,0.10,,2026-03-18
P0056,SL-03-00295,North,2026-03-05,2,C00212,SO-03-00148,D105,305.24,0.05,,2026-03-12
P0083,SL-03-00296,West,2026-03-29,3,C00876,SO-03-00148,D008,275.49,0.05,,2026-04-03
P0346,SL-03-00297,West,2026-03-13,2,C00614,SO-03-00149,D032,232.74,0.05,SPRING26,2026-03-21
P0217,SL-03-00298,East,2026-03-13,2,C01009,SO-03-00149,D086,115.49,0.05,,2026-03-18
P0333,SL-03-00299,North,2026-03-06,2,C00735,SO-03-00150,D058,86.49,0.10,,2026-03-11
P0178,SL-03-00300,East,2026-03-16,5,C00485,SO-03-00150,D069,343.74,0.15,,2026-03-24
P0288,SL-03-00301,North,2026-03-05,3,C00680,SO-03-00151,D039,247.24,0,,2026-03-13
P0245,SL-03-00302,Central,2026-03-21,2,C00294,SO-03-00151,D074,96.99,0,,2026-03-29
P0113,SL-03-00303,West,2026-03-06,3,C00033,SO-03-00152,D057,279.49,0.05,,2026-03-07
P0317,SL-03-00304,East,2026-03-05,4,C00802,SO-03-00152,D008,239.99,0.10,,2026-03-09
P0009,SL-03-00305,East,2026-03-21,5,C00886,SO-03-00153,D058,109.99,0,SPRING26,2026-03-24
P0049,SL-03-00306,Central,2026-03-30,4,C00932,SO-03-00153,D043,226.49,0.15,,2026-03-31
P0218,SL-03-00307,Central,2026-03-24,1,C00970,SO-03-00154,D044,126.74,0.05,,2026-03-28
P0009,SL-03-00308,East,2026-03-31,1,C00801,SO-03-00154,D015,109.99,0,,2026-04-07
P0332,SL-03-00309,South,2026-03-07,3,C00016,SO-03-00155,D035,75.24,0.15,,
P0136,SL-03-00310,South,2026-03-15,4,C00040,SO-03-00155,D106,204.74,0,,2026-03-16
P0189,SL-03-00311,West,2026-03-17,3,C01361,SO-03-00156,D103,133.99,0.05,,2026-03-22
P0060,SL-03-00312,West,2026-03-02,5,C00804,SO-03-00156,D075,350.24,0,,2026-03-10
P0249,SL-03-00313,West,2026-03-10,1,C00369,SO-03-00157,D099,141.99,0,SPRING26,2026-03-16
P0036,SL-03-00314,West,2026-03-08,1,C00899,SO-03-00157,D042,80.24,0,,2026-03-12
P0257,SL-03-00315,Central,2026-03-15,3,C00306,SO-03-00158,D049,231.99,0.05,,2026-03-21
P0247,SL-03-00316,South,2026-03-02,3,C00053,SO-03-00158,D043,119.49,0.15,,2026-03-04
P0203,SL-03-00317,Central,2026-03-27,3,C00983,SO-03-00159,D059,291.49,0,,2026-04-03
P0142,SL-03-00318,South,2026-03-28,4,C00957,SO-03-00159,D026,272.24,0,,2026-04-03
P0318,SL-03-00319,East,2026-03-27,3,C00313,SO-03-00160,D007,251.24,0.05,,2026-03-28
P0151,SL-03-00320,West,2026-03-24,3,C00910,SO-03-00160,D076,39.99,0.10,,2026-03-26
P0228,SL-03-00321,Central,2026-03-25,4,C00083,SO-03-00161,D065,239.24,0,SPRING26,2026-03-29
P0357,SL-03-00322,South,2026-03-04,4,C00239,SO-03-00161,D013,356.49,0.10,,2026-03-05
P0233,SL-03-00323,West,2026-03-05,3,C00503,SO-03-00162,D097,295.49,0.15,,2026-03-09
P0078,SL-03-00324,South,2026-03-27,3,C00462,SO-03-00162,D086,219.24,0.05,,2026-04-02
P0188,SL-03-00325,West,2026-03-08,5,C00675,SO-03-00163,D094,122.74,0.05,,2026-03-15
P0356,SL-03-00326,Central,2026-03-09,1,C00108,SO-03-00163,D047,345.24,0.10,,2026-03-12
P0023,SL-03-00327,West,2026-03-11,3,C00013,SO-03-00164,D017,267.49,0,,2026-03-12
P0177,SL-03-00328,West,2026-03-26,5,C00995,SO-03-00164,D030,332.49,0,,2026-03-29
P0326,SL-03-00329,West,2026-03-18,3,C00148,SO-03-00165,D040,341.24,0,SPRING26,2026-03-23
P0211,SL-03-00330,West,2026-03-14,2,C00847,SO-03-00165,D006,47.99,0.15,,2026-03-22
P0325,SL-03-00331,South,2026-03-08,4,C00458,SO-03-00166,D068,329.99,0.05,,
P0082,SL-03-00332,West,2026-03-24,4,C00651,SO-03-00166,D057,264.24,0.05,,2026-03-31
P0111,SL-03-00333,West,2026-03-10,5,C01046,SO-03-00167,D062,256.99,0.15,,2026-03-14
P0045,SL-03-00334,West,2026-03-24,4,C00508,SO-03-00167,D096,181.49,0.15,,2026-03-30
P0280,SL-03-00335,North,2026-03-10,3,C00030,SO-03-00168,D035,157.24,0,,2026-03-14
P0241,SL-03-00336,Central,2026-03-18,1,C00627,SO-03-00168,D043,51.99,0.10,,2026-03-24
P0014,SL-03-00337,Central,2026-03-26,1,C00044,SO-03-00169,D001,166.24,0,SPRING26,2026-04-01
P0112,SL-03-00338,North,2026-03-14,1,C00052,SO-03-00169,D032,268.24,0,,2026-03-15
P0057,SL-03-00339,East,2026-03-27,3,C00415,SO-03-00170,D091,316.49,0.05,,2026-04-04
P0021,SL-03-00340,East,2026-03-26,2,C00968,SO-03-00170,D060,244.99,0.05,,2026-03-31
P0091,SL-03-00341,South,2026-03-21,1,C00721,SO-03-00171,D090,31.99,0.10,,2026-03-25
P0075,SL-03-00342,Central,2026-03-07,4,C01352,SO-03-00171,D003,185.49,0,,2026-03-10
P0221,SL-03-00343,East,2026-03-22,4,C00858,SO-03-00172,D016,160.49,0,,2026-03-27
P0085,SL-03-00344,East,2026-03-06,2,C00432,SO-03-00172,D095,297.99,0.05,,2026-03-09
P0225,SL-03-00345,East,2026-03-31,5,C00173,SO-03-00173,D038,205.49,0.15,SPRING26,2026-04-02
P0114,SL-03-00346,South,2026-03-08,1,C00776,SO-03-00173,D093,290.74,0.05,,2026-03-09
P0320,SL-03-00347,East,2026-03-06,1,C00308,SO-03-00174,D048,273.74,0.05,,2026-03-08
P0267,SL-03-00348,North,2026-03-13,4,C00348,SO-03-00174,D093,344.49,0.15,,2026-03-17
P0058,SL-03-00349,South,2026-03-11,4,C01040,SO-03-00175,D105,327.74,0.15,,2026-03-12
P0110,SL-03-00350,Central,2026-03-10,2,C00485,SO-03-00175,D017,245.74,0,,2026-03-18
P0288,SL-03-00351,East,2026-03-28,2,C00336,SO-03-00176,D021,247.24,0.10,,2026-03-30
P0146,SL-03-00352,West,2026-03-14,5,C00307,SO-03-00176,D055,317.24,0.05,,2026-03-17
P0151,SL-03-00353,Central,2026-03-28,5,C00549,SO-03-00177,D083,39.99,0.10,SPRING26,
P0151,SL-03-00354,North,2026-03-19,5,C00346,SO-03-00177,D112,39.99,0.10,,2026-03-27
P0267,SL-03-00355,West,2026-03-30,2,C01048,SO-03-00178,D092,344.49,0.15,,2026-04-04
P0288,SL-03-00356,Central,2026-03-16,3,C00388,SO-03-00178,D028,247.24,0.15,,2026-03-19
P0256,SL-03-00357,West,2026-03-09,5,C00682,SO-03-00179,D100,220.74,0,,2026-03-11
P0318,SL-03-00358,East,2026-03-29,5,C00916,SO-03-00179,D011,251.24,0.15,,2026-04-05
P0095,SL-03-00359,North,2026-03-23,2,C00948,SO-03-00180,D105,76.99,0.15,,2026-03-26
P0006,SL-03-00360,South,2026-03-05,2,C00785,SO-03-00180,D021,76.24,0.10,,2026-03-09
P0073,SL-03-00361,Central,2026-03-06,2,C00391,SO-03-00181,D008,162.99,0.15,SPRING26,2026-03-10
P0040,SL-03-00362,Central,2026-03-07,3,C00895,SO-03-00181,D048,125.24,0.10,,2026-03-13
P0281,SL-03-00363,South,2026-03-03,5,C00775,SO-03-00182,D051,168.49,0.10,,2026-03-06
P0146,SL-03-00364,North,2026-03-09,2,C00023,SO-03-00182,D044,317.24,0.15,,2026-03-10
P0126,SL-03-00365,West,2026-03-24,3,C00156,SO-03-00183,D051,92.24,0,,2026-03-28
P0041,SL-03-00366,North,2026-03-26,2,C00262,SO-03-00183,D065,136.49,0.10,,2026-04-01
P0189,SL-03-00367,South,2026-03-15,5,C00776,SO-03-00184,D079,133.99,0.15,,2026-03-22
P0325,SL-03-00368,Central,2026-03-25,4,C00556,SO-03-00184,D093,329.99,0.10,,2026-03-28
P0074,SL-03-00369,East,2026-03-26,5,C00525,SO-03-00185,D018,174.24,0,SPRING26,2026-03-31
P0117,SL-03-00370,West,2026-03-11,3,C00529,SO-03-00185,D085,324.49,0.05,,2026-03-17
P0035,SL-03-00371,North,2026-03-19,1,C00539,SO-03-00186,D049,68.99,0,,2026-03-26
P0080,SL-03-00372,North,2026-03-04,2,C00046,SO-03-00186,D018,241.74,0.05,,2026-03-10
P0285,SL-03-00373,West,2026-03-23,4,C01363,SO-03-00187,D096,213.49,0,,2026-03-30
P0167,SL-03-00374,North,2026-03-14,1,C00324,SO-03-00187,D021,219.99,0,,2026-03-20
P0027,SL-03-00375,North,2026-03-07,2,C00419,SO-03-00188,D010,312.49,0.15,,
P0263,SL-03-00376,North,2026-03-04,1,C00641,SO-03-00188,D042,299.49,0.05,,2026-03-07
P0037,SL-03-00377,West,2026-03-29,3,C00519,SO-03-00189,D033,91.49,0,SPRING26,2026-04-04
P0068,SL-03-00378,Central,2026-03-30,1,C01000,SO-03-00189,D004,106.74,0.05,,2026-04-06
P0238,SL-03-00379,East,2026-03-21,5,C00259,SO-03-00190,D007,351.74,0,,2026-03-27
P0053,SL-03-00380,South,2026-03-19,4,C00527,SO-03-00190,D075,271.49,0.05,,2026-03-21
P0217,SL-03-00381,West,2026-03-22,5,C00059,SO-03-00191,D081,115.49,0.05,,2026-03-26
P0324,SL-03-00382,East,2026-03-09,1,C00965,SO-03-00191,D091,318.74,0.10,,2026-03-11
P0239,SL-03-00383,North,2026-03-18,5,C00229,SO-03-00192,D112,362.99,0.10,,2026-03-25
P0155,SL-03-00384,North,2026-03-07,3,C00138,SO-03-00192,D075,84.99,0.05,,2026-03-09
P0110,SL-03-00385,West,2026-03-23,4,C00534,SO-03-00193,D018,245.74,0.05,SPRING26,2026-03-30
P0102,SL-03-00386,North,2026-03-13,3,C00409,SO-03-00193,D074,155.74,0,,2026-03-15
P0213,SL-03-00387,East,2026-03-19,4,C01092,SO-03-00194,D062,70.49,0.05,,2026-03-27
P0143,SL-03-00388,East,2026-03-01,2,C00043,SO-03-00194,D106,283.49,0.10,,2026-03-03
P0068,SL-03-00389,East,2026-03-13,1,C01090,SO-03-00195,D017,106.74,0.10,,2026-03-15
P0185,SL-03-00390,North,2026-03-18,4,C00806,SO-03-00195,D107,88.99,0.05,,2026-03-19
P0235,SL-03-00391,West,2026-03-14,1,C00292,SO-03-00196,D067,317.99,0.15,,2026-03-21
P0300,SL-03-00392,Central,2026-03-23,5,C00111,SO-03-00196,D062,382.24,0.10,,2026-03-25
P0119,SL-03-00393,East,2026-03-15,2,C00061,SO-03-00197,D033,346.99,0.05,SPRING26,2026-03-21
P0098,SL-03-00394,Central,2026-03-24,3,C00610,SO-03-00197,D068,110.74,0,,2026-03-29
P0100,SL-03-00395,East,2026-03-15,2,C00693,SO-03-00198,D011,133.24,0.10,,2026-03-16
P0144,SL-03-00396,Central,2026-03-28,1,C00884,SO-03-00198,D064,294.74,0.15,,2026-04-01
P0207,SL-03-00397,North,2026-03-27,5,C00242,SO-03-00199,D002,336.49,0.05,,
P0106,SL-03-00398,Central,2026-03-22,3,C00072,SO-03-00199,D081,200.74,0.15,,2026-03-23
P0312,SL-03-00399,North,2026-03-02,4,C00663,SO-03-00200,D011,183.74,0.05,,2026-03-06
P0013,SL-03-00400,North,2026-03-31,4,C00117,SO-03-00200,D036,154.99,0,,2026-04-01
P0263,SL-03-00401,West,2026-03-28,3,C00092,SO-03-00201,D023,299.49,0.05,SPRING26,2026-04-04
P0037,SL-03-00402,East,2026-03-13,3,C00106,SO-03-00201,D007,91.49,0.15,,2026-03-21
P0115,SL-03-00403,South,2026-03-11,5,C00169,SO-03-00202,D109,301.99,0.15,,2026-03-16
P0356,SL-03-00404,East,2026-03-28,3,C01354,SO-03-00202,D054,345.24,0,,2026-03-29
P0036,SL-03-00405,South,2026-03-29,2,C00402,SO-03-00203,D019,80.24,0.10,,2026-04-04
P0194,SL-03-00406,North,2026-03-03,5,C00455,SO-03-00203,D004,190.24,0.05,,2026-03-09
P0233,SL-03-00407,West,2026-03-01,4,C00396,SO-03-00204,D056,295.49,0.15,,2026-03-07
P0211,SL-03-00408,East,2026-03-07,3,C00921,SO-03-00204,D101,47.99,0,,2026-03-08
P0106,SL-03-00409,Central,2026-03-05,4,C00682,SO-03-00205,D072,200.74,0,SPRING26,2026-03-10
P0198,SL-03-00410,Central,2026-03-09,5,C00142,SO-03-00205,D007,235.24,0.10,,2026-03-15
P0227,SL-03-00411,South,2026-03-05,4,C00864,SO-03-00206,D023,227.99,0.10,,2026-03-12
P0080,SL-03-00412,South,2026-03-30,3,C00027,SO-03-00206,D065,241.74,0.10,,2026-04-01
P0184,SL-03-00413,West,2026-03-04,5,C00432,SO-03-00207,D013,77.74,0.15,,2026-03-05
P0132,SL-03-00414,South,2026-03-21,4,C00939,SO-03-00207,D067,159.74,0.05,,2026-03-24
P0011,SL-03-00415,East,2026-03-01,2,C00247,SO-03-00208,D074,132.49,0.10,,2026-03-02
P0022,SL-03-00416,West,2026-03-20,2,C00800,SO-03-00208,D027,256.24,0.10,,2026-03-24
P0157,SL-03-00417,East,2026-03-03,4,C00527,SO-03-00209,D082,107.49,0.05,SPRING26,2026-03-09
P0048,SL-03-00418,North,2026-03-10,5,C00894,SO-03-00209,D074,215.24,0.05,,2026-03-13
P0097,SL-03-00419,North,2026-03-02,2,C00562,SO-03-00210,D023,99.49,0.05,,
P0091,SL-03-00420,East,2026-03-02,5,C00280,SO-03-00210,D005,31.99,0.05,,2026-03-10
P0105,SL-03-00421,Central,2026-03-31,3,C00483,SO-03-00211,D064,189.49,0,,2026-04-04
P0205,SL-03-00422,North,2026-03-03,4,C01042,SO-03-00211,D015,313.99,0.10,,2026-03-04
P0024,SL-03-00423,East,2026-03-05,1,C00188,SO-03-00212,D111,278.74,0.05,,2026-03-08
P0013,SL-03-00424,Central,2026-03-05,5,C00480,SO-03-00212,D028,154.99,0,,2026-03-06
P0160,SL-03-00425,North,2026-03-06,1,C01027,SO-03-00213,D071,141.24,0,SPRING26,2026-03-09
P0278,SL-03-00426,Central,2026-03-18,4,C00467,SO-03-00213,D108,134.74,0.15,,2026-03-21
P0096,SL-03-00427,North,2026-03-09,3,C00459,SO-03-00214,D034,88.24,0.05,,2026-03-15
P0003,SL-03-00428,South,2026-03-30,5,C00836,SO-03-00214,D022,42.49,0.10,,2026-04-07
P0327,SL-03-00429,Central,2026-03-11,4,C00079,SO-03-00215,D043,352.49,0.05,,2026-03-16
P0155,SL-03-00430,North,2026-03-18,4,C00187,SO-03-00215,D048,84.99,0.15,,2026-03-21
P0355,SL-03-00431,South,2026-03-04,1,C00892,SO-03-00216,D016,333.99,0.10,,2026-03-05
P0208,SL-03-00432,South,2026-03-30,5,C00187,SO-03-00216,D018,347.74,0.05,,2026-04-05
P0156,SL-03-00433,West,2026-03-14,1,C00192,SO-03-00217,D027,96.24,0.10,SPRING26,2026-03-18
P0056,SL-03-00434,East,2026-03-05,4,C00088,SO-03-00217,D111,305.24,0.10,,2026-03-08
P0287,SL-03-00435,West,2026-03-22,2,C01365,SO-03-00218,D063,235.99,0.10,,2026-03-28
P0052,SL-03-00436,Central,2026-03-17,2,C00469,SO-03-00218,D033,260.24,0.10,,2026-03-24
P0104,SL-03-00437,West,2026-03-13,1,C00205,SO-03-00219,D099,178.24,0.15,,2026-03-16
P0084,SL-03-00438,South,2026-03-14,4,C00548,SO-03-00219,D094,286.74,0,,2026-03-15
P0070,SL-03-00439,Central,2026-03-04,2,C00191,SO-03-00220,D019,129.24,0,,2026-03-08
P0298,SL-03-00440,Central,2026-03-04,2,C00216,SO-03-00220,D090,359.74,0.05,,2026-03-07
P0091,SL-03-00441,Central,2026-03-30,2,C00789,SO-03-00221,D108,31.99,0.10,SPRING26,
P0096,SL-03-00442,South,2026-03-31,3,C00454,SO-03-00221,D069,88.24,0.05,,2026-04-02
P0130,SL-03-00443,East,2026-03-05,1,C00370,SO-03-00222,D089,137.24,0,,2026-03-07
P0324,SL-03-00444,Central,2026-03-15,3,C00303,SO-03-00222,D024,318.74,0.10,,2026-03-20
P0280,SL-03-00445,South,2026-03-12,3,C00790,SO-03-00223,D106,157.24,0.15,,2026-03-17
P0096,SL-03-00446,North,2026-03-13,3,C00259,SO-03-00223,D053,88.24,0,,2026-03-15
P0082,SL-03-00447,North,2026-03-08,1,C00909,SO-03-00224,D069,264.24,0.10,,2026-03-10
P0319,SL-03-00448,North,2026-03-22,4,C00634,SO-03-00224,D084,262.49,0.10,,2026-03-24
P0263,SL-03-00449,South,2026-03-01,2,C00222,SO-03-00225,D093,299.49,0,SPRING26,2026-03-05
P0319,SL-03-00450,Central,2026-03-26,3,C00207,SO-03-00225,D086,262.49,0.15,,2026-04-01
P0139,SL-03-00451,North,2026-03-09,4,C00088,SO-03-00226,D080,238.49,0.05,,2026-03-17
P0086,SL-03-00452,Central,2026-03-01,3,C00183,SO-03-00226,D085,309.24,0.05,,2026-03-08
P0262,SL-03-00453,East,2026-03-05,2,C00204,SO-03-00227,D016,288.24,0.10,,2026-03-10
P0284,SL-03-00454,South,2026-03-25,4,C00845,SO-03-00227,D064,202.24,0.05,,2026-04-01
P0196,SL-03-00455,East,2026-03-23,5,C00431,SO-03-00228,D112,212.74,0.10,,2026-03-28
P0213,SL-03-00456,East,2026-03-25,5,C00536,SO-03-00228,D082,70.49,0.10,,2026-04-01
P0245,SL-03-00457,North,2026-03-30,2,C00927,SO-03-00229,D102,96.99,0.05,SPRING26,2026-04-01
P0282,SL-03-00458,South,2026-03-28,4,C00890,SO-03-00229,D059,179.74,0.05,,2026-03-30
P0058,SL-03-00459,South,2026-03-11,5,C00935,SO-03-00230,D008,327.74,0.05,,2026-03-14
P0255,SL-03-00460,Central,2026-03-29,1,C00155,SO-03-00230,D034,209.49,0.15,,2026-04-04
P0334,SL-03-00461,Central,2026-03-06,3,C00004,SO-03-00231,D073,97.74,0.10,,2026-03-10
P0314,SL-03-00462,North,2026-03-17,5,C00624,SO-03-00231,D082,206.24,0.15,,2026-03-19
P0307,SL-03-00463,Central,2026-03-04,4,C00245,SO-03-00232,D049,127.49,0.15,,
P0016,SL-03-00464,West,2026-03-20,4,C01053,SO-03-00232,D027,188.74,0.05,,2026-03-21
P0105,SL-03-00465,Central,2026-03-05,3,C00183,SO-03-00233,D064,189.49,0.05,SPRING26,2026-03-11
P0227,SL-03-00466,South,2026-03-13,1,C01356,SO-03-00233,D095,227.99,0.10,,2026-03-17
P0348,SL-03-00467,Central,2026-03-10,5,C01000,SO-03-00234,D032,255.24,0.05,,2026-03-15
P0341,SL-03-00468,Central,2026-03-30,5,C01029,SO-03-00234,D076,176.49,0.15,,2026-03-31
P0110,SL-03-00469,Central,2026-03-23,4,C00165,SO-03-00235,D010,245.74,0.15,,2026-03-24
P0054,SL-03-00470,South,2026-03-20,5,C00180,SO-03-00235,D111,282.74,0.05,,2026-03-22
P0294,SL-03-00471,South,2026-03-23,5,C00758,SO-03-00236,D067,314.74,0,,2026-03-27
P0247,SL-03-00472,South,2026-03-25,2,C00038,SO-03-00236,D053,119.49,0,,2026-04-02
P0050,SL-03-00473,Central,2026-03-31,5,C00737,SO-03-00237,D019,237.74,0.15,SPRING26,2026-04-04
P0348,SL-03-00474,South,2026-03-06,2,C00327,SO-03-00237,D082,255.24,0,,2026-03-13
P0141,SL-03-00475,Central,2026-03-03,4,C00119,SO-03-00238,D066,260.99,0.15,,2026-03-07
P0104,SL-03-00476,East,2026-03-22,5,C00778,SO-03-00238,D019,178.24,0.10,,2026-03-26
P0125,SL-03-00477,South,2026-03-23,5,C01058,SO-03-00239,D094,80.99,0,,2026-03-30
P0144,SL-03-00478,North,2026-03-25,2,C00636,SO-03-00239,D035,294.74,0.15,,2026-03-28
P0081,SL-03-00479,North,2026-03-11,4,C00365,SO-03-00240,D025,252.99,0.05,,2026-03-15
P0023,SL-03-00480,North,2026-03-09,3,C00523,SO-03-00240,D098,267.49,0.05,,2026-03-12
P0016,SL-03-00481,South,2026-03-24,5,C00943,SO-03-00241,D094,188.74,0.10,SPRING26,2026-03-28
P0327,SL-03-00482,North,2026-03-07,4,C00487,SO-03-00241,D092,352.49,0.05,,2026-03-14
P0049,SL-03-00483,North,2026-03-04,3,C00320,SO-03-00242,D023,226.49,0,,2026-03-12
P0016,SL-03-00484,South,2026-03-16,2,C00612,SO-03-00242,D025,188.74,0.05,,2026-03-24
P0081,SL-03-00485,South,2026-03-30,1,C00572,SO-03-00243,D006,252.99,0.05,,
P0170,SL-03-00486,North,2026-03-03,4,C00261,SO-03-00243,D082,253.74,0.10,,2026-03-06
P0053,SL-03-00487,East,2026-03-04,2,C00959,SO-03-00244,D065,271.49,0,,2026-03-09
P0334,SL-03-00488,Central,2026-03-22,2,C00293,SO-03-00244,D039,97.74,0.10,,2026-03-29
P0039,SL-03-00489,East,2026-03-27,2,C00676,SO-03-00245,D050,113.99,0,SPRING26,2026-03-30
P0193,SL-03-00490,East,2026-03-12,3,C00890,SO-03-00245,D086,178.99,0.10,,2026-03-15
P0329,SL-03-00491,West,2026-03-25,2,C00043,SO-03-00246,D102,374.99,0.10,,2026-03-29
P0243,SL-03-00492,North,2026-03-10,3,C01048,SO-03-00246,D109,74.49,0.10,,2026-03-12
P0239,SL-03-00493,West,2026-03-14,2,C01002,SO-03-00247,D002,362.99,0.15,,2026-03-16
P0136,SL-03-00494,South,2026-03-27,3,C00166,SO-03-00247,D014,204.74,0.15,,2026-04-04
P0250,SL-03-00495,South,2026-03-08,4,C00037,SO-03-00248,D032,153.24,0,,2026-03-10
P0004,SL-03-00496,North,2026-03-19,3,C00011,SO-03-00248,D089,53.74,0,,2026-03-23
P0093,SL-03-00497,South,2026-03-25,3,C01367,SO-03-00249,D026,54.49,0.05,SPRING26,2026-04-01
P0176,SL-03-00498,East,2026-03-03,4,C00176,SO-03-00249,D012,321.24,0.15,,2026-03-09
P0205,SL-03-00499,West,2026-03-18,5,C00605,SO-03-00250,D094,313.99,0.05,,2026-03-20
P0288,SL-03-00500,West,2026-03-23,2,C00872,SO-03-00250,D073,247.24,0.15,,2026-03-28
P0275,SL-03-00501,North,2026-03-14,5,C00783,SO-03-00251,D052,100.99,0.15,,2026-03-22
P0191,SL-03-00502,South,2026-03-01,5,C00208,SO-03-00251,D001,156.49,0,,2026-03-07
P0222,SL-03-00503,Central,2026-03-19,2,C00136,SO-03-00252,D048,171.74,0.05,,2026-03-25
P0026,SL-03-00504,East,2026-03-02,5,C00978,SO-03-00252,D019,301.24,0,,2026-03-10
P0062,SL-03-00505,East,2026-03-02,2,C01059,SO-03-00253,D045,39.24,0,SPRING26,2026-03-08
P0114,SL-03-00506,South,2026-03-29,2,C00092,SO-03-00253,D106,290.74,0.10,,2026-04-02
P0057,SL-03-00507,North,2026-03-23,2,C00570,SO-03-00254,D092,316.49,0.15,,
P0128,SL-03-00508,North,2026-03-17,2,C00654,SO-03-00254,D069,114.74,0.10,,2026-03-24
P0215,SL-03-00509,North,2026-03-01,4,C00727,SO-03-00255,D015,92.99,0.10,,2026-03-09
P0015,SL-03-00510,South,2026-03-05,4,C00514,SO-03-00255,D064,177.49,0.15,,2026-03-08
P0304,SL-03-00511,South,2026-03-29,1,C00763,SO-03-00256,D054,93.74,0,,2026-04-06
P0245,SL-03-00512,East,2026-03-07,3,C01061,SO-03-00256,D029,96.99,0.15,,2026-03-11
P0338,SL-03-00513,East,2026-03-04,1,C00555,SO-03-00257,D057,142.74,0,SPRING26,2026-03-06
P0153,SL-03-00514,Central,2026-03-18,5,C00346,SO-03-00257,D040,62.49,0.10,,2026-03-22
P0005,SL-03-00515,North,2026-03-30,1,C01084,SO-03-00258,D008,64.99,0.05,,2026-04-06
P0038,SL-03-00516,East,2026-03-13,5,C00471,SO-03-00258,D001,102.74,0.15,,2026-03-18
P0358,SL-03-00517,West,2026-03-17,3,C00527,SO-03-00259,D061,367.74,0.15,,2026-03-19
P0289,SL-03-00518,West,2026-03-01,1,C00140,SO-03-00259,D006,258.49,0.10,,2026-03-06
P0270,SL-03-00519,North,2026-03-10,1,C00286,SO-03-00260,D010,378.24,0.05,,2026-03-15
P0235,SL-03-00520,Central,2026-03-04,2,C00324,SO-03-00260,D057,317.99,0.05,,2026-03-08
P0100,SL-03-00521,South,2026-03-11,5,C00774,SO-03-00261,D051,133.24,0.10,SPRING26,2026-03-18
P0298,SL-03-00522,East,2026-03-09,2,C00317,SO-03-00261,D106,359.74,0,,2026-03-10
P0155,SL-03-00523,West,2026-03-25,3,C00975,SO-03-00262,D032,84.99,0.05,,2026-03-27
P0011,SL-03-00524,South,2026-03-03,3,C00924,SO-03-00262,D058,132.49,0.10,,2026-03-09
P0069,SL-03-00525,North,2026-03-29,5,C00454,SO-03-00263,D037,117.99,0.10,,2026-04-02
P0016,SL-03-00526,West,2026-03-07,1,C00158,SO-03-00263,D005,188.74,0.15,,2026-03-15
P0038,SL-03-00527,West,2026-03-03,3,C00254,SO-03-00264,D006,102.74,0.10,,2026-03-08
P0197,SL-03-00528,South,2026-03-03,2,C01358,SO-03-00264,D019,223.99,0.05,,2026-03-05
P0189,SL-03-00529,East,2026-03-11,4,C00681,SO-03-00265,D056,133.99,0.10,SPRING26,
P0188,SL-03-00530,East,2026-03-14,4,C00709,SO-03-00265,D010,122.74,0,,2026-03-20
P0242,SL-03-00531,North,2026-03-29,4,C00888,SO-03-00266,D026,63.24,0.15,,2026-04-03
P0088,SL-03-00532,West,2026-03-02,1,C00593,SO-03-00266,D051,331.74,0.05,,2026-03-08
P0230,SL-03-00533,Central,2026-03-09,5,C00842,SO-03-00267,D055,261.74,0.05,,2026-03-12
P0348,SL-03-00534,North,2026-03-29,5,C00815,SO-03-00267,D093,255.24,0,,2026-04-06
P0057,SL-03-00535,Central,2026-03-03,5,C00938,SO-03-00268,D112,316.49,0.05,,2026-03-10
P0245,SL-03-00536,South,2026-03-17,3,C00011,SO-03-00268,D074,96.99,0.15,,2026-03-25
P0263,SL-03-00537,East,2026-03-03,4,C00988,SO-03-00269,D099,299.49,0.10,SPRING26,2026-03-07
P0291,SL-03-00538,East,2026-03-08,3,C00188,SO-03-00269,D053,280.99,0.10,,2026-03-11
P0350,SL-03-00539,West,2026-03-16,3,C01090,SO-03-00270,D029,277.74,0.10,,2026-03-18
P0279,SL-03-00540,East,2026-03-10,4,C00287,SO-03-00270,D068,145.99,0.05,,2026-03-14
P0313,SL-03-00541,West,2026-03-10,5,C00596,SO-03-00271,D070,194.99,0.15,,2026-03-17
P0215,SL-03-00542,North,2026-03-21,3,C00755,SO-03-00271,D066,92.99,0.10,,2026-03-29
P0349,SL-03-00543,South,2026-03-07,4,C01028,SO-03-00272,D057,266.49,0.05,,2026-03-09
P0354,SL-03-00544,South,2026-03-30,4,C00561,SO-03-00272,D086,322.74,0.05,,2026-04-02
P0070,SL-03-00545,North,2026-03-17,1,C00956,SO-03-00273,D006,129.24,0.10,SPRING26,2026-03-19
P0087,SL-03-00546,West,2026-03-20,3,C00976,SO-03-00273,D072,320.49,0.10,,2026-03-25
P0047,SL-03-00547,West,2026-03-15,4,C00596,SO-03-00274,D038,203.99,0.05,,2026-03-22
P0216,SL-03-00548,North,2026-03-10,4,C00187,SO-03-00274,D022,104.24,0.15,,2026-03-11
P0301,SL-03-00549,Central,2026-03-29,5,C00195,SO-03-00275,D009,59.99,0.05,,2026-04-04
P0126,SL-03-00550,West,2026-03-01,2,C00194,SO-03-00275,D062,92.24,0.05,,2026-03-02
P0048,SL-03-00551,South,2026-03-09,1,C01068,SO-03-00276,D064,215.24,0.05,,
P0294,SL-03-00552,Central,2026-03-27,3,C00091,SO-03-00276,D072,314.74,0.10,,2026-03-29
P0022,SL-03-00553,East,2026-03-25,4,C00340,SO-03-00277,D025,256.24,0.05,SPRING26,2026-03-29
P0201,SL-03-00554,North,2026-03-09,5,C00660,SO-03-00277,D090,268.99,0,,2026-03-10
P0141,SL-03-00555,South,2026-03-19,2,C00764,SO-03-00278,D014,260.99,0.10,,2026-03-25
P0145,SL-03-00556,North,2026-03-26,1,C00958,SO-03-00278,D056,305.99,0.05,,2026-03-29
P0129,SL-03-00557,North,2026-03-08,2,C00205,SO-03-00279,D109,125.99,0.05,,2026-03-11
P0312,SL-03-00558,West,2026-03-08,4,C00797,SO-03-00279,D034,183.74,0.10,,2026-03-10
P0148,SL-03-00559,East,2026-03-28,5,C01369,SO-03-00280,D029,339.74,0.15,,2026-03-31
P0229,SL-03-00560,West,2026-03-03,4,C00287,SO-03-00280,D070,250.49,0.05,,2026-03-07
P0090,SL-03-00561,North,2026-03-28,2,C00090,SO-03-00281,D014,354.24,0.05,SPRING26,2026-04-02
P0359,SL-03-00562,North,2026-03-14,2,C00401,SO-03-00281,D040,378.99,0.10,,2026-03-16
P0211,SL-03-00563,South,2026-03-30,3,C00605,SO-03-00282,D044,47.99,0.05,,2026-04-04
P0148,SL-03-00564,North,2026-03-06,3,C00519,SO-03-00282,D070,339.74,0.05,,2026-03-13
P0149,SL-03-00565,Central,2026-03-24,1,C00401,SO-03-00283,D064,350.99,0.15,,2026-03-28
P0249,SL-03-00566,Central,2026-03-20,4,C00902,SO-03-00283,D046,141.99,0.15,,2026-03-28
P0271,SL-03-00567,South,2026-03-20,2,C00425,SO-03-00284,D046,55.99,0.15,,2026-03-22
P0286,SL-03-00568,West,2026-03-05,3,C00328,SO-03-00284,D073,224.74,0.15,,2026-03-08
P0269,SL-03-00569,North,2026-03-20,5,C01012,SO-03-00285,D021,366.99,0.15,SPRING26,2026-03-24
P0141,SL-03-00570,North,2026-03-26,3,C00447,SO-03-00285,D045,260.99,0.05,,2026-04-02
P0190,SL-03-00571,Central,2026-03-08,5,C00214,SO-03-00286,D035,145.24,0.05,,2026-03-12
P0217,SL-03-00572,North,2026-03-04,5,C00454,SO-03-00286,D050,115.49,0.15,,2026-03-11
P0145,SL-03-00573,East,2026-03-24,5,C00070,SO-03-00287,D043,305.99,0.05,,
P0198,SL-03-00574,North,2026-03-22,2,C00359,SO-03-00287,D019,235.24,0.10,,2026-03-28
P0323,SL-03-00575,East,2026-03-16,4,C00921,SO-03-00288,D032,307.49,0.15,,2026-03-18
P0041,SL-03-00576,West,2026-03-13,1,C01068,SO-03-00288,D088,136.49,0.10,,2026-03-15
P0204,SL-03-00577,West,2026-03-16,5,C00111,SO-03-00289,D023,302.74,0.15,SPRING26,2026-03-22
P0112,SL-03-00578,West,2026-03-02,3,C00722,SO-03-00289,D015,268.24,0.15,,2026-03-06
P0230,SL-03-00579,Central,2026-03-23,4,C00929,SO-03-00290,D106,261.74,0.10,,2026-03-28
P0179,SL-03-00580,Central,2026-03-12,4,C00320,SO-03-00290,D070,354.99,0.15,,2026-03-15
P0027,SL-03-00581,Central,2026-03-04,1,C00322,SO-03-00291,D090,312.49,0.15,,2026-03-09
P0156,SL-03-00582,West,2026-03-26,3,C00699,SO-03-00291,D010,96.24,0.10,,2026-04-03
P0304,SL-03-00583,North,2026-03-04,5,C00354,SO-03-00292,D042,93.74,0.05,,2026-03-09
P0032,SL-03-00584,South,2026-03-02,4,C00155,SO-03-00292,D094,35.24,0.15,,2026-03-03
P0193,SL-03-00585,South,2026-03-29,5,C00553,SO-03-00293,D050,178.99,0.15,SPRING26,2026-03-30
P0212,SL-03-00586,East,2026-03-06,5,C00083,SO-03-00293,D085,59.24,0.05,,2026-03-12
P0133,SL-03-00587,Central,2026-03-16,1,C00290,SO-03-00294,D101,170.99,0,,2026-03-20
P0100,SL-03-00588,East,2026-03-19,4,C00013,SO-03-00294,D013,133.24,0.15,,2026-03-22
P0127,SL-03-00589,West,2026-03-30,4,C00424,SO-03-00295,D016,103.49,0.15,,2026-04-07
P0078,SL-03-00590,West,2026-03-05,5,C01360,SO-03-00295,D108,219.24,0.15,,2026-03-08
P0011,SL-03-00591,West,2026-03-11,1,C00262,SO-03-00296,D093,132.49,0,,2026-03-12
P0152,SL-03-00592,South,2026-03-14,5,C00466,SO-03-00296,D046,51.24,0,,2026-03-15
P0356,SL-03-00593,East,2026-03-10,3,C00295,SO-03-00297,D098,345.24,0.15,SPRING26,2026-03-13
P0173,SL-03-00594,Central,2026-03-06,5,C01080,SO-03-00297,D056,287.49,0.15,,2026-03-08
P0010,SL-03-00595,Central,2026-03-18,4,C00980,SO-03-00298,D091,121.24,0,,
P0334,SL-03-00596,East,2026-03-20,2,C00206,SO-03-00298,D019,97.74,0,,2026-03-24
P0289,SL-03-00597,West,2026-03-09,1,C00290,SO-03-00299,D067,258.49,0,,2026-03-10
P0007,SL-03-00598,Central,2026-03-12,1,C00790,SO-03-00299,D094,87.49,0.10,,2026-03-15
P0306,SL-03-00599,South,2026-03-19,1,C00176,SO-03-00300,D077,116.24,0.05,,2026-03-21
P0242,SL-03-00600,North,2026-03-25,2,C00139,SO-03-00300,D002,63.24,0.15,,2026-03-29
P0280,SL-03-00601,North,2026-03-21,5,C00875,SO-03-00301,D022,157.24,0,SPRING26,2026-03-22
P0062,SL-03-00602,East,2026-03-21,1,C00679,SO-03-00301,D050,39.24,0,,2026-03-29
P0261,SL-03-00603,South,2026-03-30,1,C00748,SO-03-00302,D051,276.99,0.10,,2026-04-05
P0259,SL-03-00604,Central,2026-03-16,1,C01087,SO-03-00302,D097,254.49,0.10,,2026-03-23
P0293,SL-03-00605,North,2026-03-30,1,C00906,SO-03-00303,D093,303.49,0,,2026-04-03
P0095,SL-03-00606,South,2026-03-01,5,C00746,SO-03-00303,D049,76.99,0.10,,2026-03-07
P0013,SL-03-00607,North,2026-03-24,1,C00404,SO-03-00304,D079,154.99,0.10,,2026-03-27
P0295,SL-03-00608,West,2026-03-09,4,C00798,SO-03-00304,D077,325.99,0,,2026-03-15
P0059,SL-03-00609,South,2026-03-01,2,C00273,SO-03-00305,D007,338.99,0,SPRING26,2026-03-03
P0324,SL-03-00610,East,2026-03-22,3,C00817,SO-03-00305,D007,318.74,0.05,,2026-03-25
P0108,SL-03-00611,West,2026-03-26,5,C00428,SO-03-00306,D061,223.24,0.05,,2026-03-30
P0034,SL-03-00612,South,2026-03-12,3,C00726,SO-03-00306,D022,57.74,0.15,,2026-03-15
P0246,SL-03-00613,Central,2026-03-02,4,C00284,SO-03-00307,D005,108.24,0.15,,2026-03-08
P0230,SL-03-00614,West,2026-03-23,4,C00760,SO-03-00307,D097,261.74,0.10,,2026-03-26
P0286,SL-03-00615,North,2026-03-16,3,C00602,SO-03-00308,D031,224.74,0.15,,2026-03-21
P0053,SL-03-00616,West,2026-03-04,1,C00366,SO-03-00308,D001,271.49,0.15,,2026-03-10
P0153,SL-03-00617,South,2026-03-26,2,C00568,SO-03-00309,D099,62.49,0.10,SPRING26,
P0126,SL-03-00618,Central,2026-03-12,3,C00122,SO-03-00309,D058,92.24,0.10,,2026-03-17
P0016,SL-03-00619,South,2026-03-23,4,C00546,SO-03-00310,D018,188.74,0.15,,2026-03-27
P0019,SL-03-00620,North,2026-03-22,4,C00472,SO-03-00310,D017,222.49,0.15,,2026-03-29
P0241,SL-03-00621,West,2026-03-30,1,C01351,SO-03-00311,D003,51.99,0.05,,2026-04-07
P0061,SL-03-00622,North,2026-03-15,1,C00929,SO-03-00311,D060,27.99,0,,2026-03-23
P0336,SL-03-00623,North,2026-03-20,2,C00846,SO-03-00312,D097,120.24,0,,2026-03-22
P0008,SL-03-00624,North,2026-03-30,2,C00197,SO-03-00312,D031,98.74,0.15,,2026-04-03
P0317,SL-03-00625,Central,2026-03-21,1,C00199,SO-03-00313,D027,239.99,0.05,SPRING26,2026-03-28
P0033,SL-03-00626,North,2026-03-05,3,C00755,SO-03-00313,D098,46.49,0.05,,2026-03-13
P0083,SL-03-00627,East,2026-03-23,1,C00155,SO-03-00314,D092,275.49,0.05,,2026-03-29
P0110,SL-03-00628,Central,2026-03-30,4,C00399,SO-03-00314,D032,245.74,0.05,,2026-04-02
P0334,SL-03-00629,South,2026-03-27,3,C00743,SO-03-00315,D033,97.74,0.05,,2026-04-04
P0348,SL-03-00630,West,2026-03-07,4,C00496,SO-03-00315,D111,255.24,0,,2026-03-14
P0096,SL-03-00631,Central,2026-03-13,4,C01040,SO-03-00316,D069,88.24,0.15,,2026-03-15
P0288,SL-03-00632,West,2026-03-14,1,C01045,SO-03-00316,D010,247.24,0,,2026-03-17
P0359,SL-03-00633,South,2026-03-12,5,C00014,SO-03-00317,D105,378.99,0.10,SPRING26,2026-03-18
P0147,SL-03-00634,South,2026-03-12,5,C00791,SO-03-00317,D043,328.49,0.15,,2026-03-13
P0303,SL-03-00635,North,2026-03-22,3,C00080,SO-03-00318,D079,82.49,0,,2026-03-25
P0002,SL-03-00636,North,2026-03-26,3,C00296,SO-03-00318,D072,31.24,0.15,,2026-04-02
P0122,SL-03-00637,West,2026-03-20,4,C00571,SO-03-00319,D035,47.24,0.15,,2026-03-22
P0352,SL-03-00638,South,2026-03-21,5,C00326,SO-03-00319,D007,300.24,0,,2026-03-26
P0188,SL-03-00639,Central,2026-03-11,2,C00898,SO-03-00320,D078,122.74,0.15,,
P0161,SL-03-00640,East,2026-03-15,5,C00149,SO-03-00320,D063,152.49,0.15,,2026-03-17
P0224,SL-03-00641,North,2026-03-21,3,C00563,SO-03-00321,D067,194.24,0.05,SPRING26,2026-03-23
P0010,SL-03-00642,North,2026-03-14,1,C00644,SO-03-00321,D020,121.24,0.05,,2026-03-21
P0050,SL-03-00643,West,2026-03-27,3,C00588,SO-03-00322,D066,237.74,0.15,,2026-03-30
P0238,SL-03-00644,West,2026-03-14,3,C00812,SO-03-00322,D058,351.74,0,,2026-03-17
P0095,SL-03-00645,South,2026-03-08,3,C01017,SO-03-00323,D092,76.99,0.15,,2026-03-09
P0256,SL-03-00646,East,2026-03-11,5,C00096,SO-03-00323,D011,220.74,0.05,,2026-03-14
P0279,SL-03-00647,East,2026-03-22,3,C00487,SO-03-00324,D087,145.99,0.10,,2026-03-28
P0220,SL-03-00648,West,2026-03-18,3,C00754,SO-03-00324,D088,149.24,0.10,,2026-03-19
P0273,SL-03-00649,East,2026-03-13,2,C00161,SO-03-00325,D018,78.49,0.15,SPRING26,2026-03-19
P0328,SL-03-00650,West,2026-03-18,1,C00232,SO-03-00325,D089,363.74,0,,2026-03-20
P0227,SL-03-00651,East,2026-03-04,5,C00481,SO-03-00326,D026,227.99,0.15,,2026-03-12
P0336,SL-03-00652,South,2026-03-30,2,C01362,SO-03-00326,D073,120.24,0.10,,2026-04-04
P0057,SL-03-00653,North,2026-03-29,4,C00190,SO-03-00327,D072,316.49,0.05,,2026-04-03
P0091,SL-03-00654,South,2026-03-09,3,C00504,SO-03-00327,D098,31.99,0,,2026-03-15
P0325,SL-03-00655,West,2026-03-06,2,C00596,SO-03-00328,D041,329.99,0.05,,2026-03-08
P0131,SL-03-00656,North,2026-03-10,5,C00951,SO-03-00328,D020,148.49,0.15,,2026-03-17
P0349,SL-03-00657,North,2026-03-22,2,C00624,SO-03-00329,D028,266.49,0,SPRING26,2026-03-23
P0343,SL-03-00658,East,2026-03-17,5,C00796,SO-03-00329,D072,198.99,0,,2026-03-19
P0059,SL-03-00659,West,2026-03-31,2,C00436,SO-03-00330,D045,338.99,0.10,,2026-04-07
P0069,SL-03-00660,Central,2026-03-26,2,C00984,SO-03-00330,D077,117.99,0.15,,2026-04-01
P0134,SL-03-00661,Central,2026-03-29,4,C00800,SO-03-00331,D096,182.24,0.10,,
P0313,SL-03-00662,East,2026-03-01,1,C00369,SO-03-00331,D075,194.99,0.15,,2026-03-03
P0101,SL-03-00663,South,2026-03-17,1,C00824,SO-03-00332,D031,144.49,0.10,,2026-03-23
P0308,SL-03-00664,North,2026-03-05,2,C00118,SO-03-00332,D109,138.74,0.10,,2026-03-09
P0080,SL-03-00665,East,2026-03-28,1,C00654,SO-03-00333,D086,241.74,0.10,SPRING26,2026-04-03
P0259,SL-03-00666,Central,2026-03-24,5,C00311,SO-03-00333,D110,254.49,0.05,,2026-03-27
P0284,SL-03-00667,West,2026-03-19,3,C00054,SO-03-00334,D105,202.24,0,,2026-03-23
P0021,SL-03-00668,North,2026-03-16,1,C00848,SO-03-00334,D076,244.99,0.10,,2026-03-19
P0247,SL-03-00669,Central,2026-03-12,1,C00119,SO-03-00335,D031,119.49,0.10,,2026-03-18
P0030,SL-03-00670,South,2026-03-27,1,C00539,SO-03-00335,D021,346.24,0.10,,2026-03-30
P0144,SL-03-00671,North,2026-03-04,2,C01084,SO-03-00336,D001,294.74,0.05,,2026-03-12
P0072,SL-03-00672,North,2026-03-04,2,C00830,SO-03-00336,D003,151.74,0.10,,2026-03-06
P0219,SL-03-00673,North,2026-03-09,2,C00348,SO-03-00337,D084,137.99,0.05,SPRING26,2026-03-11
P0101,SL-03-00674,West,2026-03-16,2,C00340,SO-03-00337,D075,144.49,0.10,,2026-03-20
P0110,SL-03-00675,North,2026-03-17,5,C00016,SO-03-00338,D039,245.74,0.15,,2026-03-20
P0350,SL-03-00676,East,2026-03-10,2,C01088,SO-03-00338,D029,277.74,0.05,,2026-03-14
P0062,SL-03-00677,Central,2026-03-09,4,C00627,SO-03-00339,D035,39.24,0.05,,2026-03-14
P0165,SL-03-00678,North,2026-03-05,3,C00526,SO-03-00339,D055,197.49,0,,2026-03-06
P0103,SL-03-00679,West,2026-03-09,2,C00868,SO-03-00340,D061,166.99,0.05,,2026-03-13
P0004,SL-03-00680,North,2026-03-06,3,C00760,SO-03-00340,D101,53.74,0,,2026-03-13
P0145,SL-03-00681,Central,2026-03-24,4,C00563,SO-03-00341,D092,305.99,0.05,SPRING26,2026-04-01
P0275,SL-03-00682,South,2026-03-06,2,C00513,SO-03-00341,D088,100.99,0.10,,2026-03-08
P0247,SL-03-00683,North,2026-03-05,1,C01353,SO-03-00342,D100,119.49,0.05,,
P0313,SL-03-00684,Central,2026-03-25,4,C01089,SO-03-00342,D100,194.99,0.05,,2026-03-27
P0187,SL-03-00685,Central,2026-03-09,1,C00928,SO-03-00343,D001,111.49,0.15,,2026-03-17
P0292,SL-03-00686,North,2026-03-13,5,C00771,SO-03-00343,D097,292.24,0,,2026-03-21
P0065,SL-03-00687,East,2026-03-04,2,C00845,SO-03-00344,D067,72.99,0.05,,2026-03-12
P0025,SL-03-00688,North,2026-03-15,3,C00327,SO-03-00344,D023,289.99,0,,2026-03-17
P0284,SL-03-00689,Central,2026-03-06,3,C00362,SO-03-00345,D079,202.24,0.15,SPRING26,2026-03-11
P0057,SL-03-00690,West,2026-03-10,1,C00603,SO-03-00345,D036,316.49,0.10,,2026-03-16
P0340,SL-03-00691,North,2026-03-29,2,C00813,SO-03-00346,D077,165.24,0,,2026-04-01
P0217,SL-03-00692,North,2026-03-16,2,C00879,SO-03-00346,D108,115.49,0.10,,2026-03-20
P0066,SL-03-00693,West,2026-03-10,5,C01048,SO-03-00347,D098,84.24,0.10,,2026-03-14
P0212,SL-03-00694,North,2026-03-29,2,C00158,SO-03-00347,D100,59.24,0.05,,2026-04-06
P0267,SL-03-00695,East,2026-03-12,2,C00381,SO-03-00348,D106,344.49,0.15,,2026-03-14
P0236,SL-03-00696,North,2026-03-22,2,C00786,SO-03-00348,D104,329.24,0.15,,2026-03-23
P0339,SL-03-00697,Central,2026-03-31,5,C00877,SO-03-00349,D096,153.99,0.05,SPRING26,2026-04-05
P0039,SL-03-00698,South,2026-03-16,5,C01090,SO-03-00349,D075,113.99,0,,2026-03-24
P0167,SL-03-00699,North,2026-03-08,1,C00481,SO-03-00350,D067,219.99,0.10,,2026-03-11
P0154,SL-03-00700,West,2026-03-03,2,C00266,SO-03-00350,D049,73.74,0.05,,2026-03-11
P0201,SL-03-00701,East,2026-03-03,2,C00970,SO-03-00351,D031,268.99,0,,2026-03-10
P0142,SL-03-00702,South,2026-03-14,5,C00330,SO-03-00351,D074,272.24,0.10,,2026-03-16
P0069,SL-03-00703,East,2026-03-31,3,C00126,SO-03-00352,D099,117.99,0.10,,2026-04-05
P0266,SL-03-00704,South,2026-03-16,3,C00059,SO-03-00352,D005,333.24,0.15,,2026-03-18
P0174,SL-03-00705,North,2026-03-12,1,C00668,SO-03-00353,D026,298.74,0,SPRING26,
P0075,SL-03-00706,South,2026-03-01,4,C01072,SO-03-00353,D072,185.49,0.10,,2026-03-06
P0061,SL-03-00707,South,2026-03-18,1,C00880,SO-03-00354,D075,27.99,0,,2026-03-21
P0089,SL-03-00708,Central,2026-03-08,2,C00762,SO-03-00354,D022,342.99,0.15,,2026-03-10
P0198,SL-03-00709,South,2026-03-11,5,C00986,SO-03-00355,D053,235.24,0.10,,2026-03-17
P0008,SL-03-00710,North,2026-03-17,1,C00425,SO-03-00355,D021,98.74,0.10,,2026-03-23
P0183,SL-03-00711,South,2026-03-23,4,C00850,SO-03-00356,D011,66.49,0.05,,2026-03-28
P0081,SL-03-00712,West,2026-03-04,3,C00508,SO-03-00356,D062,252.99,0,,2026-03-09
P0350,SL-03-00713,Central,2026-03-23,3,C01042,SO-03-00357,D044,277.74,0,SPRING26,2026-03-26
P0298,SL-03-00714,West,2026-03-28,3,C01364,SO-03-00357,D047,359.74,0.05,,2026-03-29
P0171,SL-03-00715,North,2026-03-16,2,C00580,SO-03-00358,D067,264.99,0.15,,2026-03-21
P0197,SL-03-00716,South,2026-03-07,1,C00515,SO-03-00358,D057,223.99,0.05,,2026-03-09
P0157,SL-03-00717,North,2026-03-29,5,C00664,SO-03-00359,D036,107.49,0.05,,2026-04-04
P0199,SL-03-00718,North,2026-03-01,2,C00905,SO-03-00359,D108,246.49,0,,2026-03-02
P0004,SL-03-00719,East,2026-03-13,2,C00880,SO-03-00360,D073,53.74,0.10,,2026-03-15
P0225,SL-03-00720,North,2026-03-12,2,C00744,SO-03-00360,D112,205.49,0.05,,2026-03-14
P0093,SL-03-00721,West,2026-03-03,5,C00417,SO-03-00361,D032,54.49,0,SPRING26,2026-03-06
P0217,SL-03-00722,Central,2026-03-25,4,C00072,SO-03-00361,D007,115.49,0.15,,2026-04-02
P0110,SL-03-00723,North,2026-03-16,2,C00362,SO-03-00362,D024,245.74,0.15,,2026-03-24
P0269,SL-03-00724,East,2026-03-04,2,C00369,SO-03-00362,D074,366.99,0.10,,2026-03-05
P0133,SL-03-00725,South,2026-03-18,1,C00737,SO-03-00363,D090,170.99,0,,2026-03-23
P0240,SL-03-00726,East,2026-03-16,2,C00541,SO-03-00363,D021,374.24,0.05,,2026-03-18
P0132,SL-03-00727,East,2026-03-13,3,C00752,SO-03-00364,D034,159.74,0,,
P0141,SL-03-00728,West,2026-03-28,2,C00482,SO-03-00364,D038,260.99,0.10,,2026-03-31
P0104,SL-03-00729,East,2026-03-28,5,C00533,SO-03-00365,D094,178.24,0.10,SPRING26,2026-04-01
P0086,SL-03-00730,West,2026-03-15,4,C00871,SO-03-00365,D066,309.24,0.05,,2026-03-16
P0116,SL-03-00731,North,2026-03-07,3,C00773,SO-03-00366,D038,313.24,0,,2026-03-13
P0030,SL-03-00732,South,2026-03-30,1,C01004,SO-03-00366,D055,346.24,0.15,,2026-04-01
P0303,SL-03-00733,West,2026-03-01,1,C00117,SO-03-00367,D103,82.49,0,,2026-03-06
P0211,SL-03-00734,East,2026-03-17,3,C01010,SO-03-00367,D010,47.99,0.10,,2026-03-23
P0251,SL-03-00735,North,2026-03-23,3,C01089,SO-03-00368,D028,164.49,0.05,,2026-03-31
P0166,SL-03-00736,North,2026-03-15,4,C00402,SO-03-00368,D070,208.74,0,,2026-03-22
P0094,SL-03-00737,Central,2026-03-03,1,C00353,SO-03-00369,D105,65.74,0.05,SPRING26,2026-03-11
P0194,SL-03-00738,Central,2026-03-20,2,C01090,SO-03-00369,D068,190.24,0.10,,2026-03-23
P0093,SL-03-00739,East,2026-03-04,5,C01021,SO-03-00370,D021,54.49,0.10,,2026-03-11
P0185,SL-03-00740,West,2026-03-28,4,C00688,SO-03-00370,D069,88.99,0.10,,2026-04-03
P0266,SL-03-00741,Central,2026-03-30,2,C00557,SO-03-00371,D006,333.24,0.10,,2026-04-04
P0109,SL-03-00742,West,2026-03-13,2,C01092,SO-03-00371,D049,234.49,0.05,,2026-03-20
P0167,SL-03-00743,West,2026-03-29,4,C00275,SO-03-00372,D032,219.99,0.15,,2026-04-03
P0106,SL-03-00744,Central,2026-03-21,5,C00148,SO-03-00372,D064,200.74,0.10,,2026-03-29
P0179,SL-03-00745,West,2026-03-31,1,C01355,SO-03-00373,D028,354.99,0.15,SPRING26,2026-04-07
P0027,SL-03-00746,West,2026-03-22,2,C00918,SO-03-00373,D111,312.49,0.10,,2026-03-24
P0165,SL-03-00747,West,2026-03-02,4,C00551,SO-03-00374,D059,197.49,0.10,,2026-03-04
P0086,SL-03-00748,West,2026-03-17,2,C01050,SO-03-00374,D071,309.24,0.10,,2026-03-22
P0277,SL-03-00749,West,2026-03-12,5,C00694,SO-03-00375,D104,123.49,0.05,,
P0123,SL-03-00750,East,2026-03-25,1,C00269,SO-03-00375,D026,58.49,0.15,,2026-03-30
P0306,SL-03-00751,West,2026-03-05,3,C00705,SO-03-00376,D042,116.24,0,,2026-03-09
P0217,SL-03-00752,North,2026-03-22,4,C00924,SO-03-00376,D003,115.49,0.05,,2026-03-25
P0302,SL-03-00753,West,2026-03-01,2,C00558,SO-03-00377,D089,71.24,0.15,SPRING26,2026-03-03
P0131,SL-03-00754,South,2026-03-22,2,C00816,SO-03-00377,D074,148.49,0.10,,2026-03-27
P0300,SL-03-00755,East,2026-03-14,4,C00425,SO-03-00378,D013,382.24,0.15,,2026-03-21
P0138,SL-03-00756,West,2026-03-26,2,C00176,SO-03-00378,D051,227.24,0.15,,2026-03-28
P0327,SL-03-00757,Central,2026-03-13,1,C00970,SO-03-00379,D067,352.49,0.15,,2026-03-19
P0321,SL-03-00758,West,2026-03-26,2,C00969,SO-03-00379,D051,284.99,0,,2026-04-02
P0215,SL-03-00759,East,2026-03-24,2,C00679,SO-03-00380,D060,92.99,0.15,,2026-03-30
P0024,SL-03-00760,South,2026-03-23,3,C00981,SO-03-00380,D041,278.74,0,,2026-03-25
P0345,SL-03-00761,West,2026-03-24,4,C00848,SO-03-00381,D042,221.49,0.05,SPRING26,2026-03-27
P0004,SL-03-00762,North,2026-03-24,2,C01081,SO-03-00381,D049,53.74,0.10,,2026-03-31
P0260,SL-03-00763,East,2026-03-13,3,C00318,SO-03-00382,D072,265.74,0.05,,2026-03-16
P0010,SL-03-00764,South,2026-03-13,5,C01061,SO-03-00382,D057,121.24,0.10,,2026-03-16
P0172,SL-03-00765,West,2026-03-07,3,C00597,SO-03-00383,D032,276.24,0.05,,2026-03-14
P0058,SL-03-00766,North,2026-03-09,4,C00711,SO-03-00383,D044,327.74,0.15,,2026-03-15
P0077,SL-03-00767,West,2026-03-06,2,C01095,SO-03-00384,D045,207.99,0.10,,2026-03-12
P0007,SL-03-00768,Central,2026-03-06,4,C00865,SO-03-00384,D083,87.49,0.05,,2026-03-09
P0193,SL-03-00769,South,2026-03-24,3,C00506,SO-03-00385,D003,178.99,0.15,SPRING26,2026-04-01
P0313,SL-03-00770,East,2026-03-26,2,C00945,SO-03-00385,D059,194.99,0,,2026-03-28
P0217,SL-03-00771,Central,2026-03-28,3,C00691,SO-03-00386,D049,115.49,0,,
P0109,SL-03-00772,North,2026-03-06,5,C00432,SO-03-00386,D001,234.49,0.15,,2026-03-07
P0012,SL-03-00773,West,2026-03-29,2,C00634,SO-03-00387,D013,143.74,0,,2026-04-03
P0344,SL-03-00774,East,2026-03-03,2,C00353,SO-03-00387,D083,210.24,0,,2026-03-04
P0102,SL-03-00775,Central,2026-03-24,1,C00133,SO-03-00388,D011,155.74,0.10,,2026-03-30
P0153,SL-03-00776,East,2026-03-11,1,C01366,SO-03-00388,D101,62.49,0.15,,2026-03-13
P0206,SL-03-00777,Central,2026-03-14,3,C00263,SO-03-00389,D097,325.24,0.10,SPRING26,2026-03-19
P0254,SL-03-00778,North,2026-03-08,2,C00651,SO-03-00389,D049,198.24,0.15,,2026-03-09
P0068,SL-03-00779,Central,2026-03-04,4,C00980,SO-03-00390,D048,106.74,0.05,,2026-03-06
P0205,SL-03-00780,West,2026-03-15,4,C00852,SO-03-00390,D072,313.99,0.05,,2026-03-20
P0264,SL-03-00781,North,2026-03-17,2,C00280,SO-03-00391,D023,310.74,0.05,,2026-03-19
P0156,SL-03-00782,South,2026-03-02,1,C00833,SO-03-00391,D103,96.24,0.05,,2026-03-10
P0258,SL-03-00783,South,2026-03-22,3,C00346,SO-03-00392,D085,243.24,0.15,,2026-03-23
P0322,SL-03-00784,East,2026-03-02,2,C00087,SO-03-00392,D084,296.24,0,,2026-03-04
P0268,SL-03-00785,North,2026-03-03,1,C00334,SO-03-00393,D017,355.74,0.15,SPRING26,2026-03-08
P0031,SL-03-00786,North,2026-03-31,3,C00145,SO-03-00393,D111,23.99,0.10,,2026-04-04
P0227,SL-03-00787,West,2026-03-08,4,C00548,SO-03-00394,D046,227.99,0.15,,2026-03-09
P0240,SL-03-00788,North,2026-03-04,4,C00641,SO-03-00394,D090,374.24,0.05,,2026-03-08
P0129,SL-03-00789,West,2026-03-22,4,C00839,SO-03-00395,D009,125.99,0.15,,2026-03-28
P0110,SL-03-00790,West,2026-03-15,2,C00229,SO-03-00395,D112,245.74,0.10,,2026-03-20
P0103,SL-03-00791,South,2026-03-28,1,C00210,SO-03-00396,D036,166.99,0.15,,2026-04-01
P0185,SL-03-00792,West,2026-03-13,5,C01091,SO-03-00396,D023,88.99,0,,2026-03-14
P0015,SL-03-00793,Central,2026-03-06,1,C00041,SO-03-00397,D057,177.49,0.10,SPRING26,
P0278,SL-03-00794,South,2026-03-26,4,C00118,SO-03-00397,D058,134.74,0.15,,2026-03-28
P0142,SL-03-00795,Central,2026-03-02,5,C00781,SO-03-00398,D104,272.24,0.05,,2026-03-10
P0020,SL-03-00796,Central,2026-03-24,3,C00307,SO-03-00398,D035,233.74,0.15,,2026-03-29
P0262,SL-03-00797,Central,2026-03-24,4,C01065,SO-03-00399,D016,288.24,0,,2026-03-29
P0110,SL-03-00798,Central,2026-03-07,2,C00066,SO-03-00399,D089,245.74,0.10,,2026-03-12
P0238,SL-03-00799,North,2026-03-08,2,C01099,SO-03-00400,D021,351.74,0.05,,2026-03-16
P0091,SL-03-00800,North,2026-03-31,2,C00783,SO-03-00400,D056,31.99,0.10,,2026-04-04
P0020,SL-03-00801,West,2026-03-25,3,C01039,SO-03-00401,D109,233.74,0,SPRING26,2026-03-31
P0337,SL-03-00802,West,2026-03-24,2,C00566,SO-03-00401,D026,131.49,0.05,,2026-03-25
P0340,SL-03-00803,South,2026-03-07,5,C00645,SO-03-00402,D109,165.24,0,,2026-03-10
P0228,SL-03-00804,East,2026-03-29,2,C00963,SO-03-00402,D106,239.24,0.05,,2026-03-31
P0329,SL-03-00805,East,2026-03-09,2,C00014,SO-03-00403,D103,374.99,0.05,,2026-03-17
P0251,SL-03-00806,Central,2026-03-12,1,C00861,SO-03-00403,D083,164.49,0.05,,2026-03-16
P0178,SL-03-00807,Central,2026-03-25,3,C01357,SO-03-00404,D081,343.74,0.10,,2026-03-29
P0028,SL-03-00808,Central,2026-03-27,1,C00848,SO-03-00404,D027,323.74,0.10,,2026-03-29
P0230,SL-03-00809,South,2026-03-30,1,C00980,SO-03-00405,D057,261.74,0,SPRING26,2026-03-31
P0102,SL-03-00810,West,2026-03-04,1,C00529,SO-03-00405,D108,155.74,0.10,,2026-03-05
P0174,SL-03-00811,North,2026-03-22,4,C00485,SO-03-00406,D035,298.74,0,,2026-03-30
P0100,SL-03-00812,West,2026-03-16,5,C00146,SO-03-00406,D004,133.24,0.15,,2026-03-20
P0105,SL-03-00813,West,2026-03-03,3,C00356,SO-03-00407,D055,189.49,0.10,,2026-03-06
P0239,SL-03-00814,South,2026-03-18,5,C00888,SO-03-00407,D101,362.99,0.15,,2026-03-22
P0070,SL-03-00815,North,2026-03-24,3,C00665,SO-03-00408,D019,129.24,0.15,,
P0076,SL-03-00816,Central,2026-03-05,3,C00435,SO-03-00408,D003,196.74,0.05,,2026-03-11
P0007,SL-03-00817,West,2026-03-13,4,C00980,SO-03-00409,D007,87.49,0,SPRING26,2026-03-15
P0353,SL-03-00818,North,2026-03-30,2,C00205,SO-03-00409,D093,311.49,0.10,,2026-04-05
P0201,SL-03-00819,East,2026-03-15,4,C00067,SO-03-00410,D082,268.99,0,,2026-03-23
P0058,SL-03-00820,Central,2026-03-09,1,C00896,SO-03-00410,D064,327.74,0,,2026-03-10
P0246,SL-03-00821,North,2026-03-27,2,C00363,SO-03-00411,D056,108.24,0.05,,2026-03-31
P0296,SL-03-00822,Central,2026-03-15,1,C00043,SO-03-00411,D075,337.24,0,,2026-03-21
P0295,SL-03-00823,East,2026-03-05,5,C00203,SO-03-00412,D026,325.99,0.15,,2026-03-10
P0148,SL-03-00824,South,2026-03-24,2,C01012,SO-03-00412,D013,339.74,0.15,,2026-03-29
P0303,SL-03-00825,East,2026-03-26,4,C00240,SO-03-00413,D090,82.49,0,SPRING26,2026-04-02
P0304,SL-03-00826,East,2026-03-24,1,C00741,SO-03-00413,D061,93.74,0.10,,2026-03-29
P0345,SL-03-00827,West,2026-03-21,3,C00424,SO-03-00414,D078,221.49,0.05,,2026-03-22
P0323,SL-03-00828,North,2026-03-16,3,C00585,SO-03-00414,D094,307.49,0.15,,2026-03-18
P0085,SL-03-00829,South,2026-03-03,4,C00777,SO-03-00415,D051,297.99,0.15,,2026-03-10
P0187,SL-03-00830,East,2026-03-12,2,C00900,SO-03-00415,D051,111.49,0.15,,2026-03-19
P0175,SL-03-00831,West,2026-03-28,4,C00109,SO-03-00416,D081,309.99,0,,2026-04-04
P0199,SL-03-00832,Central,2026-03-05,3,C00229,SO-03-00416,D092,246.49,0.10,,2026-03-08
P0347,SL-03-00833,West,2026-03-31,3,C01068,SO-03-00417,D071,243.99,0.05,SPRING26,2026-04-06
P0098,SL-03-00834,Central,2026-03-03,2,C00223,SO-03-00417,D086,110.74,0,,2026-03-09
P0001,SL-03-00835,North,2026-03-01,4,C00364,SO-03-00418,D098,19.99,0,,2026-03-03
P0186,SL-03-00836,West,2026-03-12,2,C00211,SO-03-00418,D024,100.24,0.15,,2026-03-18
P0211,SL-03-00837,Central,2026-03-22,1,C00194,SO-03-00419,D084,47.99,0.10,,
P0150,SL-03-00838,North,2026-03-21,4,C01368,SO-03-00419,D033,362.24,0,,2026-03-24
P0210,SL-03-00839,Central,2026-03-28,3,C00083,SO-03-00420,D092,370.24,0.05,,2026-04-03
P0287,SL-03-00840,South,2026-03-05,3,C00469,SO-03-00420,D095,235.99,0.05,,2026-03-06
P0030,SL-03-00841,North,2026-03-07,2,C00864,SO-03-00421,D075,346.24,0,SPRING26,2026-03-15
P0029,SL-03-00842,North,2026-03-28,5,C00116,SO-03-00421,D067,334.99,0.10,,2026-04-03
P0359,SL-03-00843,North,2026-03-24,3,C00548,SO-03-00422,D086,378.99,0,,2026-04-01
P0177,SL-03-00844,South,2026-03-05,3,C00892,SO-03-00422,D081,332.49,0.15,,2026-03-06
P0348,SL-03-00845,East,2026-03-02,1,C00744,SO-03-00423,D047,255.24,0.15,,2026-03-03
P0324,SL-03-00846,East,2026-03-03,2,C01079,SO-03-00423,D102,318.74,0.15,,2026-03-10
P0226,SL-03-00847,North,2026-03-19,2,C00505,SO-03-00424,D098,216.74,0.10,,2026-03-27
P0014,SL-03-00848,South,2026-03-04,4,C00179,SO-03-00424,D058,166.24,0.15,,2026-03-10
P0301,SL-03-00849,East,2026-03-26,3,C00198,SO-03-00425,D050,59.99,0.15,SPRING26,2026-03-30
P0200,SL-03-00850,North,2026-03-02,4,C00750,SO-03-00425,D041,257.74,0.05,,2026-03-03
P0012,SL-03-00851,East,2026-03-09,3,C00909,SO-03-00426,D013,143.74,0.05,,2026-03-14
P0299,SL-03-00852,Central,2026-03-17,3,C00504,SO-03-00426,D005,370.99,0.05,,2026-03-24
P0270,SL-03-00853,East,2026-03-25,1,C00381,SO-03-00427,D081,378.24,0.10,,2026-03-31
P0258,SL-03-00854,South,2026-03-02,3,C00734,SO-03-00427,D010,243.24,0.15,,2026-03-07
P0068,SL-03-00855,North,2026-03-08,1,C00346,SO-03-00428,D055,106.74,0,,2026-03-13
P0317,SL-03-00856,West,2026-03-07,4,C00926,SO-03-00428,D106,239.99,0.05,,2026-03-12
P0333,SL-03-00857,North,2026-03-04,2,C00966,SO-03-00429,D041,86.49,0,SPRING26,2026-03-08
P0106,SL-03-00858,East,2026-03-30,2,C00329,SO-03-00429,D003,200.74,0.10,,2026-03-31
P0103,SL-03-00859,North,2026-03-25,5,C00852,SO-03-00430,D106,166.99,0.10,,
P0239,SL-03-00860,North,2026-03-22,2,C00563,SO-03-00430,D016,362.99,0.05,,2026-03-26
P0183,SL-03-00861,West,2026-03-03,2,C00966,SO-03-00431,D079,66.49,0.05,,2026-03-08
P0201,SL-03-00862,West,2026-03-21,4,C01072,SO-03-00431,D040,268.99,0.05,,2026-03-28
P0053,SL-03-00863,East,2026-03-02,5,C00077,SO-03-00432,D083,271.49,0,,2026-03-09
P0240,SL-03-00864,West,2026-03-29,4,C00164,SO-03-00432,D058,374.24,0.10,,2026-04-01
P0238,SL-03-00865,South,2026-03-16,2,C00457,SO-03-00433,D096,351.74,0.05,SPRING26,2026-03-24
P0360,SL-03-00866,North,2026-03-12,3,C00486,SO-03-00433,D091,390.24,0,,2026-03-15
P0308,SL-03-00867,South,2026-03-31,5,C00334,SO-03-00434,D038,138.74,0.10,,2026-04-05
P0279,SL-03-00868,East,2026-03-11,1,C00085,SO-03-00434,D084,145.99,0.05,,2026-03-19
P0114,SL-03-00869,West,2026-03-30,3,C01359,SO-03-00435,D007,290.74,0,,2026-04-06
P0144,SL-03-00870,South,2026-03-30,3,C00740,SO-03-00435,D087,294.74,0,,2026-04-04
P0227,SL-03-00871,East,2026-03-02,4,C00354,SO-03-00436,D074,227.99,0,,2026-03-08
P0215,SL-03-00872,North,2026-03-30,1,C00972,SO-03-00436,D004,92.99,0,,2026-04-01
P0314,SL-03-00873,North,2026-03-17,4,C00998,SO-03-00437,D065,206.24,0.15,SPRING26,2026-03-25
P0158,SL-03-00874,Central,2026-03-02,5,C01031,SO-03-00437,D002,118.74,0.10,,2026-03-08
P0217,SL-03-00875,South,2026-03-13,2,C00802,SO-03-00438,D088,115.49,0.05,,2026-03-15
P0046,SL-03-00876,East,2026-03-09,4,C00819,SO-03-00438,D014,192.74,0.10,,2026-03-16
P0039,SL-03-00877,East,2026-03-29,2,C00231,SO-03-00439,D024,113.99,0.05,,2026-04-04
P0332,SL-03-00878,East,2026-03-25,1,C00042,SO-03-00439,D041,75.24,0.05,,2026-04-01
P0039,SL-03-00879,Central,2026-03-14,4,C00979,SO-03-00440,D026,113.99,0.15,,2026-03-22
P0278,SL-03-00880,South,2026-03-01,2,C00530,SO-03-00440,D024,134.74,0.05,,2026-03-09
P0071,SL-03-00881,North,2026-03-11,2,C00458,SO-03-00441,D033,140.49,0,SPRING26,
P0058,SL-03-00882,Central,2026-03-08,4,C00207,SO-03-00441,D025,327.74,0.05,,2026-03-11
P0224,SL-03-00883,East,2026-03-19,5,C00150,SO-03-00442,D082,194.24,0,,2026-03-23
P0137,SL-03-00884,West,2026-03-07,4,C00340,SO-03-00442,D017,215.99,0.10,,2026-03-15
P0085,SL-03-00885,West,2026-03-20,4,C00114,SO-03-00443,D041,297.99,0,,2026-03-22
P0128,SL-03-00886,South,2026-03-10,2,C00583,SO-03-00443,D099,114.74,0,,2026-03-17
P0107,SL-03-00887,Central,2026-03-25,3,C00240,SO-03-00444,D086,211.99,0.05,,2026-04-01
P0279,SL-03-00888,North,2026-03-01,3,C00079,SO-03-00444,D072,145.99,0.15,,2026-03-04
P0014,SL-03-00889,East,2026-03-06,4,C00605,SO-03-00445,D050,166.24,0.10,SPRING26,2026-03-10
P0188,SL-03-00890,Central,2026-03-22,3,C00370,SO-03-00445,D062,122.74,0.05,,2026-03-26
P0075,SL-03-00891,East,2026-03-31,2,C00750,SO-03-00446,D084,185.49,0.05,,2026-04-02
P0047,SL-03-00892,East,2026-03-30,1,C00795,SO-03-00446,D017,203.99,0.05,,2026-04-04
P0263,SL-03-00893,Central,2026-03-05,3,C00522,SO-03-00447,D036,299.49,0.05,,2026-03-09
P0280,SL-03-00894,Central,2026-03-01,4,C00775,SO-03-00447,D059,157.24,0,,2026-03-03
P0268,SL-03-00895,South,2026-03-10,1,C00100,SO-03-00448,D077,355.74,0,,2026-03-12
P0342,SL-03-00896,North,2026-03-21,5,C00040,SO-03-00448,D075,187.74,0.10,,2026-03-22
P0163,SL-03-00897,South,2026-03-18,2,C00175,SO-03-00449,D001,174.99,0,SPRING26,2026-03-21
P0156,SL-03-00898,West,2026-03-23,1,C00028,SO-03-00449,D022,96.24,0.15,,2026-03-31
P0188,SL-03-00899,West,2026-03-24,2,C00422,SO-03-00450,D048,122.74,0,,2026-03-25
P0266,SL-03-00900,East,2026-03-14,2,C01370,SO-03-00450,D006,333.24,0.10,,2026-03-21
P0237,SL-03-00901,East,2026-03-17,1,C00191,SO-03-00451,D013,340.49,0,,2026-03-25
P0130,SL-03-00902,North,2026-03-12,4,C00087,SO-03-00451,D093,137.24,0.15,,2026-03-20
P0045,SL-03-00903,Central,2026-03-25,4,C00842,SO-03-00452,D100,181.49,0.15,,
P0159,SL-03-00904,South,2026-03-15,1,C00094,SO-03-00452,D038,129.99,0,,2026-03-21
P0304,SL-03-00905,North,2026-03-04,4,C00648,SO-03-00453,D056,93.74,0.15,SPRING26,2026-03-08
P0292,SL-03-00906,South,2026-03-21,2,C00355,SO-03-00453,D099,292.24,0.15,,2026-03-29
P0094,SL-03-00907,Central,2026-03-23,2,C01090,SO-03-00454,D046,65.74,0.05,,2026-03-27
P0184,SL-03-00908,South,2026-03-31,4,C00152,SO-03-00454,D028,77.74,0.10,,2026-04-01
P0251,SL-03-00909,East,2026-03-05,4,C00396,SO-03-00455,D101,164.49,0,,2026-03-06
P0031,SL-03-00910,North,2026-03-14,1,C00143,SO-03-00455,D109,23.99,0.05,,2026-03-22
P0332,SL-03-00911,North,2026-03-05,2,C01098,SO-03-00456,D022,75.24,0.15,,2026-03-12
P0220,SL-03-00912,Central,2026-03-02,2,C00726,SO-03-00456,D078,149.24,0,,2026-03-05
P0233,SL-03-00913,West,2026-03-28,2,C00175,SO-03-00457,D080,295.49,0.05,SPRING26,2026-03-31
P0055,SL-03-00914,Central,2026-03-26,2,C00854,SO-03-00457,D098,293.99,0,,2026-03-29
P0274,SL-03-00915,North,2026-03-15,5,C00783,SO-03-00458,D042,89.74,0,,2026-03-19
P0326,SL-03-00916,East,2026-03-27,5,C00606,SO-03-00458,D015,341.24,0.15,,2026-03-28
P0179,SL-03-00917,North,2026-03-06,2,C00223,SO-03-00459,D087,354.99,0.05,,2026-03-13
P0134,SL-03-00918,South,2026-03-11,2,C00082,SO-03-00459,D074,182.24,0.10,,2026-03-12
P0003,SL-03-00919,West,2026-03-09,2,C01055,SO-03-00460,D091,42.49,0.05,,2026-03-11
P0007,SL-03-00920,West,2026-03-07,5,C00380,SO-03-00460,D095,87.49,0,,2026-03-09
P0014,SL-03-00921,West,2026-03-30,3,C00412,SO-03-00461,D107,166.24,0.10,SPRING26,2026-04-03
P0034,SL-03-00922,South,2026-03-22,5,C00808,SO-03-00461,D076,57.74,0.10,,2026-03-25
P0097,SL-03-00923,West,2026-03-03,4,C00550,SO-03-00462,D007,99.49,0,,2026-03-07
P0070,SL-03-00924,West,2026-03-27,4,C00194,SO-03-00462,D104,129.24,0,,2026-04-03
P0277,SL-03-00925,South,2026-03-10,5,C00832,SO-03-00463,D027,123.49,0.15,,
P0304,SL-03-00926,South,2026-03-07,4,C00436,SO-03-00463,D065,93.74,0.05,,2026-03-09
P0318,SL-03-00927,North,2026-03-12,2,C01026,SO-03-00464,D018,251.24,0,,2026-03-14
P0109,SL-03-00928,West,2026-03-22,1,C00998,SO-03-00464,D061,234.49,0.15,,2026-03-24
P0146,SL-03-00929,North,2026-03-15,3,C00733,SO-03-00465,D014,317.24,0,SPRING26,2026-03-16
P0047,SL-03-00930,Central,2026-03-28,2,C00428,SO-03-00465,D056,203.99,0.10,,2026-04-02
P0165,SL-03-00931,West,2026-03-06,4,C01361,SO-03-00466,D030,197.49,0.05,,2026-03-12
P0174,SL-03-00932,West,2026-03-11,5,C01100,SO-03-00466,D055,298.74,0,,2026-03-13
P0186,SL-03-00933,South,2026-03-28,2,C00878,SO-03-00467,D028,100.24,0,,2026-03-29
P0025,SL-03-00934,West,2026-03-29,5,C00917,SO-03-00467,D040,289.99,0.15,,2026-04-04
P0325,SL-03-00935,East,2026-03-18,4,C00803,SO-03-00468,D027,329.99,0,,2026-03-21
P0222,SL-03-00936,West,2026-03-14,2,C00239,SO-03-00468,D040,171.74,0.05,,2026-03-19
P0268,SL-03-00937,East,2026-03-18,3,C00224,SO-03-00469,D012,355.74,0.10,SPRING26,2026-03-24
P0327,SL-03-00938,Central,2026-03-23,1,C00378,SO-03-00469,D015,352.49,0.10,,2026-03-31
P0297,SL-03-00939,East,2026-03-19,2,C00586,SO-03-00470,D068,348.49,0,,2026-03-23
P0080,SL-03-00940,East,2026-03-21,2,C00333,SO-03-00470,D103,241.74,0.05,,2026-03-27
P0352,SL-03-00941,North,2026-03-18,1,C00034,SO-03-00471,D099,300.24,0.05,,2026-03-21
P0340,SL-03-00942,West,2026-03-08,3,C00275,SO-03-00471,D070,165.24,0.05,,2026-03-09
P0013,SL-03-00943,West,2026-03-21,2,C00340,SO-03-00472,D003,154.99,0.15,,2026-03-28
P0309,SL-03-00944,North,2026-03-19,3,C00931,SO-03-00472,D082,149.99,0.15,,2026-03-23
P0018,SL-03-00945,West,2026-03-18,2,C00174,SO-03-00473,D025,211.24,0,SPRING26,2026-03-26
P0095,SL-03-00946,South,2026-03-11,4,C00536,SO-03-00473,D094,76.99,0.15,,2026-03-18
P0244,SL-03-00947,East,2026-03-18,4,C00543,SO-03-00474,D022,85.74,0.15,,
P0158,SL-03-00948,Central,2026-03-18,4,C00716,SO-03-00474,D078,118.74,0.10,,2026-03-22
P0303,SL-03-00949,North,2026-03-31,1,C00652,SO-03-00475,D039,82.49,0.05,,2026-04-02
P0314,SL-03-00950,North,2026-03-15,1,C00672,SO-03-00475,D046,206.24,0.10,,2026-03-21
P0296,SL-03-00951,South,2026-03-17,3,C00386,SO-03-00476,D085,337.24,0.10,,2026-03-22
P0036,SL-03-00952,South,2026-03-27,4,C00398,SO-03-00476,D054,80.24,0.15,,2026-04-03
P0340,SL-03-00953,West,2026-03-08,1,C00080,SO-03-00477,D082,165.24,0.15,SPRING26,2026-03-12
P0122,SL-03-00954,North,2026-03-05,2,C00238,SO-03-00477,D076,47.24,0.05,,2026-03-11
P0333,SL-03-00955,North,2026-03-17,5,C00232,SO-03-00478,D055,86.49,0.05,,2026-03-19
P0234,SL-03-00956,West,2026-03-19,3,C00277,SO-03-00478,D042,306.74,0.10,,2026-03-22
P0236,SL-03-00957,West,2026-03-20,3,C00165,SO-03-00479,D059,329.24,0.15,,2026-03-28
P0059,SL-03-00958,Central,2026-03-10,5,C00947,SO-03-00479,D031,338.99,0.10,,2026-03-15
P0055,SL-03-00959,West,2026-03-25,2,C00026,SO-03-00480,D052,293.99,0.05,,2026-03-26
P0063,SL-03-00960,South,2026-03-19,5,C00759,SO-03-00480,D107,50.49,0.05,,2026-03-25
P0342,SL-03-00961,South,2026-03-19,1,C00920,SO-03-00481,D064,187.74,0.15,SPRING26,2026-03-23
P0288,SL-03-00962,East,2026-03-01,2,C01352,SO-03-00481,D054,247.24,0.10,,2026-03-09
P0209,SL-03-00963,South,2026-03-13,5,C00188,SO-03-00482,D011,358.99,0.10,,2026-03-14
P0316,SL-03-00964,North,2026-03-13,2,C00457,SO-03-00482,D052,228.74,0.05,,2026-03-21
P0336,SL-03-00965,East,2026-03-01,2,C00498,SO-03-00483,D072,120.24,0,,2026-03-05
P0292,SL-03-00966,East,2026-03-13,1,C00907,SO-03-00483,D045,292.24,0.05,,2026-03-17
P0056,SL-03-00967,Central,2026-03-27,5,C00053,SO-03-00484,D088,305.24,0.15,,2026-03-29
P0040,SL-03-00968,South,2026-03-25,3,C00701,SO-03-00484,D033,125.24,0,,2026-03-30
P0310,SL-03-00969,West,2026-03-29,2,C00770,SO-03-00485,D053,161.24,0,SPRING26,
P0290,SL-03-00970,Central,2026-03-06,2,C01008,SO-03-00485,D107,269.74,0.05,,2026-03-11
P0072,SL-03-00971,South,2026-03-08,1,C01078,SO-03-00486,D062,151.74,0.15,,2026-03-09
P0178,SL-03-00972,West,2026-03-31,5,C00707,SO-03-00486,D083,343.74,0.05,,2026-04-07
P0248,SL-03-00973,West,2026-03-14,4,C00820,SO-03-00487,D035,130.74,0.15,,2026-03-21
P0130,SL-03-00974,West,2026-03-04,3,C00676,SO-03-00487,D040,137.24,0.10,,2026-03-10
P0121,SL-03-00975,North,2026-03-03,3,C00895,SO-03-00488,D087,35.99,0,,2026-03-09
P0345,SL-03-00976,East,2026-03-31,4,C00257,SO-03-00488,D110,221.49,0.15,,2026-04-06
P0205,SL-03-00977,East,2026-03-02,2,C00365,SO-03-00489,D020,313.99,0.10,SPRING26,2026-03-07
P0222,SL-03-00978,North,2026-03-21,5,C00219,SO-03-00489,D009,171.74,0.15,,2026-03-23
P0193,SL-03-00979,South,2026-03-27,3,C01039,SO-03-00490,D038,178.99,0.10,,2026-04-03
P0100,SL-03-00980,North,2026-03-29,2,C00068,SO-03-00490,D102,133.24,0.05,,2026-03-30
P0008,SL-03-00981,North,2026-03-02,2,C00786,SO-03-00491,D031,98.74,0.10,,2026-03-09
P0354,SL-03-00982,North,2026-03-10,4,C00353,SO-03-00491,D044,322.74,0,,2026-03-17
P0057,SL-03-00983,Central,2026-03-18,1,C00309,SO-03-00492,D076,316.49,0,,2026-03-21
P0316,SL-03-00984,North,2026-03-25,1,C00199,SO-03-00492,D048,228.74,0.05,,2026-04-02
P0184,SL-03-00985,West,2026-03-28,3,C00107,SO-03-00493,D100,77.74,0.15,SPRING26,2026-04-02
P0151,SL-03-00986,Central,2026-03-14,4,C00501,SO-03-00493,D098,39.99,0.15,,2026-03-17
P0029,SL-03-00987,Central,2026-03-25,4,C00390,SO-03-00494,D030,334.99,0.10,,2026-03-27
P0335,SL-03-00988,North,2026-03-12,2,C01067,SO-03-00494,D071,108.99,0,,2026-03-13
P0344,SL-03-00989,North,2026-03-01,5,C00566,SO-03-00495,D063,210.24,0,,2026-03-05
P0131,SL-03-00990,Central,2026-03-04,4,C00717,SO-03-00495,D016,148.49,0.15,,2026-03-08
P0117,SL-03-00991,East,2026-03-07,3,C00587,SO-03-00496,D015,324.49,0.10,,
P0347,SL-03-00992,North,2026-03-16,5,C00426,SO-03-00496,D017,243.99,0.15,,2026-03-17
P0122,SL-03-00993,Central,2026-03-16,1,C01363,SO-03-00497,D010,47.24,0.05,SPRING26,2026-03-18
P0037,SL-03-00994,West,2026-03-31,1,C00703,SO-03-00497,D046,91.49,0.05,,2026-04-07
P0223,SL-03-00995,North,2026-03-22,2,C00374,SO-03-00498,D048,182.99,0.10,,2026-03-29
P0258,SL-03-00996,West,2026-03-26,2,C00483,SO-03-00498,D020,243.24,0.05,,2026-03-31
P0156,SL-03-00997,East,2026-03-01,1,C00302,SO-03-00499,D100,96.24,0.10,,2026-03-09
P0338,SL-03-00998,East,2026-03-22,1,C01075,SO-03-00499,D020,142.74,0.10,,2026-03-27
P0025,SL-03-00999,South,2026-03-24,4,C00147,SO-03-00500,D008,289.99,0.05,,2026-04-01
P0259,SL-03-01000,South,2026-03-20,2,C00325,SO-03-00500,D088,254.49,0.15,,2026-03-26
P0229,SL-03-01001,North,2026-03-03,4,C00571,SO-03-00501,D097,250.49,0.10,SPRING26,2026-03-10
P0012,SL-03-01002,East,2026-03-22,4,C00437,SO-03-00501,D107,143.74,0.15,,2026-03-29
P0141,SL-03-01003,South,2026-03-29,1,C00892,SO-03-00502,D099,260.99,0,,2026-04-01
P0239,SL-03-01004,North,2026-03-23,5,C00972,SO-03-00502,D018,362.99,0.15,,2026-03-30
P0161,SL-03-01005,Central,2026-03-14,2,C00968,SO-03-00503,D006,152.49,0.15,,2026-03-17
P0360,SL-03-01006,East,2026-03-18,3,C00774,SO-03-00503,D008,390.24,0,,2026-03-21
P0150,SL-03-01007,North,2026-03-21,3,C01077,SO-03-00504,D051,362.24,0.15,,2026-03-29
P0184,SL-03-01008,North,2026-03-02,3,C00420,SO-03-00504,D089,77.74,0.10,,2026-03-06
P0169,SL-03-01009,East,2026-03-05,5,C00015,SO-03-00505,D002,242.49,0.05,SPRING26,2026-03-12
P0293,SL-03-01010,Central,2026-03-15,2,C00784,SO-03-00505,D009,303.49,0.15,,2026-03-18
P0348,SL-03-01011,West,2026-03-04,2,C00436,SO-03-00506,D093,255.24,0.05,,2026-03-07
P0026,SL-03-01012,East,2026-03-22,1,C00591,SO-03-00506,D051,301.24,0.15,,2026-03-26
P0083,SL-03-01013,South,2026-03-04,2,C00084,SO-03-00507,D026,275.49,0.10,,
P0236,SL-03-01014,North,2026-03-18,1,C00420,SO-03-00507,D007,329.24,0.10,,2026-03-23
P0215,SL-03-01015,North,2026-03-28,2,C00331,SO-03-00508,D085,92.99,0,,2026-03-29
P0175,SL-03-01016,Central,2026-03-07,2,C00783,SO-03-00508,D005,309.99,0,,2026-03-15
P0108,SL-03-01017,West,2026-03-09,1,C00490,SO-03-00509,D004,223.24,0,SPRING26,2026-03-13
P0238,SL-03-01018,East,2026-03-30,5,C00982,SO-03-00509,D003,351.74,0,,2026-04-04
P0224,SL-03-01019,South,2026-03-26,1,C00328,SO-03-00510,D109,194.24,0.15,,2026-04-03
P0152,SL-03-01020,North,2026-03-29,2,C00228,SO-03-00510,D062,51.24,0.15,,2026-03-30
P0275,SL-03-01021,South,2026-03-05,4,C00370,SO-03-00511,D110,100.99,0.05,,2026-03-07
P0238,SL-03-01022,South,2026-03-10,4,C01061,SO-03-00511,D001,351.74,0,,2026-03-17
P0231,SL-03-01023,East,2026-03-29,1,C00835,SO-03-00512,D048,272.99,0,,2026-04-02
P0186,SL-03-01024,East,2026-03-02,5,C01354,SO-03-00512,D006,100.24,0.05,,2026-03-07
P0317,SL-03-01025,West,2026-03-22,1,C00181,SO-03-00513,D058,239.99,0.15,SPRING26,2026-03-29
P0188,SL-03-01026,North,2026-03-26,1,C01015,SO-03-00513,D031,122.74,0,,2026-03-29
P0088,SL-03-01027,West,2026-03-21,5,C00697,SO-03-00514,D066,331.74,0.10,,2026-03-25
P0279,SL-03-01028,East,2026-03-24,2,C00690,SO-03-00514,D085,145.99,0,,2026-03-25
P0224,SL-03-01029,North,2026-03-20,3,C00669,SO-03-00515,D094,194.24,0,,2026-03-25
P0036,SL-03-01030,North,2026-03-26,3,C00671,SO-03-00515,D058,80.24,0.15,,2026-03-31
P0160,SL-03-01031,East,2026-03-20,2,C01048,SO-03-00516,D085,141.24,0.15,,2026-03-21
P0246,SL-03-01032,West,2026-03-06,2,C00593,SO-03-00516,D013,108.24,0.15,,2026-03-07
P0192,SL-03-01033,East,2026-03-20,5,C00345,SO-03-00517,D054,167.74,0.10,SPRING26,2026-03-27
P0326,SL-03-01034,West,2026-03-20,4,C00676,SO-03-00517,D057,341.24,0.05,,2026-03-23
P0355,SL-03-01035,South,2026-03-11,5,C00253,SO-03-00518,D031,333.99,0.15,,
P0263,SL-03-01036,West,2026-03-29,3,C00145,SO-03-00518,D059,299.49,0.15,,2026-04-02
P0127,SL-03-01037,North,2026-03-26,5,C00691,SO-03-00519,D008,103.49,0.05,,2026-03-27
P0133,SL-03-01038,Central,2026-03-27,1,C00300,SO-03-00519,D071,170.99,0.05,,2026-04-04
P0345,SL-03-01039,West,2026-03-30,1,C00006,SO-03-00520,D007,221.49,0,,2026-04-04
P0028,SL-03-01040,East,2026-03-13,1,C00195,SO-03-00520,D010,323.74,0.10,,2026-03-15
P0065,SL-03-01041,West,2026-03-19,1,C00596,SO-03-00521,D010,72.99,0.05,SPRING26,2026-03-20
P0262,SL-03-01042,West,2026-03-05,5,C00652,SO-03-00521,D065,288.24,0,,2026-03-06
P0271,SL-03-01043,North,2026-03-31,5,C00808,SO-03-00522,D014,55.99,0.15,,2026-04-07
P0124,SL-03-01044,South,2026-03-07,3,C00149,SO-03-00522,D111,69.74,0.05,,2026-03-12
P0106,SL-03-01045,North,2026-03-23,4,C00807,SO-03-00523,D003,200.74,0.15,,2026-03-26
P0107,SL-03-01046,Central,2026-03-15,5,C00273,SO-03-00523,D018,211.99,0.10,,2026-03-23
P0073,SL-03-01047,Central,2026-03-23,2,C01055,SO-03-00524,D078,162.99,0.10,,2026-03-25
P0028,SL-03-01048,Central,2026-03-02,4,C00293,SO-03-00524,D031,323.74,0.05,,2026-03-06
P0249,SL-03-01049,South,2026-03-03,2,C00818,SO-03-00525,D068,141.99,0.05,SPRING26,2026-03-11
P0309,SL-03-01050,Central,2026-03-21,5,C00540,SO-03-00525,D109,149.99,0.10,,2026-03-24
P0175,SL-03-01051,South,2026-03-10,5,C00091,SO-03-00526,D084,309.99,0,,2026-03-15
P0191,SL-03-01052,South,2026-03-12,2,C00466,SO-03-00526,D061,156.49,0.15,,2026-03-15
P0220,SL-03-01053,West,2026-03-13,2,C00718,SO-03-00527,D069,149.24,0.15,,2026-03-17
P0023,SL-03-01054,North,2026-03-17,3,C00871,SO-03-00527,D030,267.49,0,,2026-03-23
P0145,SL-03-01055,North,2026-03-15,2,C01365,SO-03-00528,D015,305.99,0.15,,2026-03-23
P0322,SL-03-01056,East,2026-03-20,2,C00243,SO-03-00528,D015,296.24,0,,2026-03-28
P0344,SL-03-01057,West,2026-03-08,3,C00878,SO-03-00529,D038,210.24,0.10,SPRING26,
P0309,SL-03-01058,North,2026-03-14,4,C00324,SO-03-00529,D096,149.99,0.15,,2026-03-19
P0045,SL-03-01059,Central,2026-03-21,4,C00705,SO-03-00530,D061,181.49,0,,2026-03-23
P0285,SL-03-01060,West,2026-03-31,3,C00129,SO-03-00530,D077,213.49,0.15,,2026-04-07
P0184,SL-03-01061,Central,2026-03-20,3,C00908,SO-03-00531,D012,77.74,0,,2026-03-21
P0107,SL-03-01062,West,2026-03-04,4,C00528,SO-03-00531,D038,211.99,0,,2026-03-08
P0061,SL-03-01063,East,2026-03-15,1,C00663,SO-03-00532,D033,27.99,0.05,,2026-03-22
P0049,SL-03-01064,West,2026-03-05,2,C00568,SO-03-00532,D034,226.49,0.15,,2026-03-07
P0334,SL-03-01065,Central,2026-03-04,2,C00653,SO-03-00533,D035,97.74,0,SPRING26,2026-03-08
P0171,SL-03-01066,East,2026-03-03,1,C01095,SO-03-00533,D001,264.99,0,,2026-03-05
P0299,SL-03-01067,East,2026-03-10,1,C00705,SO-03-00534,D010,370.99,0.10,,2026-03-15
P0028,SL-03-01068,West,2026-03-24,1,C00037,SO-03-00534,D023,323.74,0.10,,2026-03-29
P0017,SL-03-01069,West,2026-03-20,2,C00385,SO-03-00535,D070,199.99,0.05,,2026-03-27
P0098,SL-03-01070,North,2026-03-19,1,C00997,SO-03-00535,D067,110.74,0.05,,2026-03-22
P0268,SL-03-01071,South,2026-03-28,3,C00305,SO-03-00536,D068,355.74,0.10,,2026-04-03
P0197,SL-03-01072,East,2026-03-08,1,C00410,SO-03-00536,D076,223.99,0.10,,2026-03-09
P0171,SL-03-01073,East,2026-03-18,5,C00580,SO-03-00537,D079,264.99,0,SPRING26,2026-03-21
P0182,SL-03-01074,West,2026-03-06,3,C00461,SO-03-00537,D109,55.24,0,,2026-03-11
P0298,SL-03-01075,East,2026-03-25,3,C00616,SO-03-00538,D010,359.74,0.05,,2026-03-29
P0272,SL-03-01076,South,2026-03-21,3,C00811,SO-03-00538,D058,67.24,0,,2026-03-22
P0116,SL-03-01077,Central,2026-03-30,2,C00276,SO-03-00539,D062,313.24,0.10,,2026-04-04
P0257,SL-03-01078,North,2026-03-20,3,C00709,SO-03-00539,D084,231.99,0.05,,2026-03-22
P0301,SL-03-01079,North,2026-03-20,4,C00373,SO-03-00540,D076,59.99,0.05,,
P0023,SL-03-01080,South,2026-03-03,4,C00882,SO-03-00540,D103,267.49,0.15,,2026-03-11
P0310,SL-03-01081,West,2026-03-03,1,C00418,SO-03-00541,D046,161.24,0.10,SPRING26,2026-03-09
P0251,SL-03-01082,West,2026-03-28,4,C01031,SO-03-00541,D100,164.49,0.10,,2026-04-04
P0209,SL-03-01083,West,2026-03-27,4,C00550,SO-03-00542,D101,358.99,0,,2026-04-03
P0097,SL-03-01084,South,2026-03-11,4,C00449,SO-03-00542,D075,99.49,0.10,,2026-03-17
P0124,SL-03-01085,South,2026-03-15,2,C00067,SO-03-00543,D068,69.74,0.15,,2026-03-19
P0288,SL-03-01086,North,2026-03-21,1,C01356,SO-03-00543,D066,247.24,0.10,,2026-03-26
P0062,SL-03-01087,South,2026-03-01,5,C01043,SO-03-00544,D046,39.24,0.10,,2026-03-04
P0307,SL-03-01088,South,2026-03-17,5,C00668,SO-03-00544,D072,127.49,0.10,,2026-03-22
P0136,SL-03-01089,North,2026-03-06,3,C00906,SO-03-00545,D101,204.74,0.15,SPRING26,2026-03-10
P0203,SL-03-01090,West,2026-03-21,2,C00565,SO-03-00545,D092,291.49,0.10,,2026-03-22
P0208,SL-03-01091,East,2026-03-05,1,C00124,SO-03-00546,D060,347.74,0.05,,2026-03-12
P0080,SL-03-01092,South,2026-03-06,1,C00130,SO-03-00546,D012,241.74,0.15,,2026-03-12
P0283,SL-03-01093,East,2026-03-01,2,C00055,SO-03-00547,D026,190.99,0.15,,2026-03-02
P0063,SL-03-01094,East,2026-03-01,2,C00491,SO-03-00547,D091,50.49,0.15,,2026-03-09
P0299,SL-03-01095,South,2026-03-13,5,C00484,SO-03-00548,D056,370.99,0.15,,2026-03-14
P0243,SL-03-01096,South,2026-03-03,3,C00179,SO-03-00548,D072,74.49,0.05,,2026-03-04
P0013,SL-03-01097,North,2026-03-17,1,C00665,SO-03-00549,D047,154.99,0.15,SPRING26,2026-03-19
P0283,SL-03-01098,North,2026-03-20,2,C00289,SO-03-00549,D103,190.99,0,,2026-03-26
P0146,SL-03-01099,Central,2026-03-24,4,C00492,SO-03-00550,D082,317.24,0.10,,2026-03-29
P0282,SL-03-01100,West,2026-03-08,5,C00142,SO-03-00550,D008,179.74,0.10,,2026-03-12
P0350,SL-03-01101,North,2026-03-27,3,C00819,SO-03-00551,D094,277.74,0.15,,
P0113,SL-03-01102,Central,2026-03-01,3,C01002,SO-03-00551,D026,279.49,0.15,,2026-03-02
P0277,SL-03-01103,Central,2026-03-13,5,C00776,SO-03-00552,D039,123.49,0.10,,2026-03-17
P0339,SL-03-01104,South,2026-03-01,1,C00606,SO-03-00552,D062,153.99,0,,2026-03-09
P0191,SL-03-01105,South,2026-03-14,5,C01020,SO-03-00553,D036,156.49,0.15,SPRING26,2026-03-18
P0335,SL-03-01106,West,2026-03-21,4,C00130,SO-03-00553,D045,108.99,0,,2026-03-23
P0211,SL-03-01107,South,2026-03-11,2,C00256,SO-03-00554,D111,47.99,0,,2026-03-19
P0172,SL-03-01108,Central,2026-03-02,1,C00456,SO-03-00554,D096,276.24,0.15,,2026-03-05
P0140,SL-03-01109,West,2026-03-02,5,C00591,SO-03-00555,D023,249.74,0.15,,2026-03-04
P0269,SL-03-01110,South,2026-03-23,1,C00846,SO-03-00555,D051,366.99,0.05,,2026-03-26
P0281,SL-03-01111,East,2026-03-12,1,C00816,SO-03-00556,D046,168.49,0,,2026-03-16
P0317,SL-03-01112,North,2026-03-05,2,C00512,SO-03-00556,D032,239.99,0.05,,2026-03-08
P0116,SL-03-01113,South,2026-03-07,4,C00408,SO-03-00557,D016,313.24,0.15,SPRING26,2026-03-11
P0167,SL-03-01114,West,2026-03-12,4,C00699,SO-03-00557,D112,219.99,0.10,,2026-03-14
P0351,SL-03-01115,West,2026-03-07,1,C01044,SO-03-00558,D037,288.99,0.10,,2026-03-12
P0318,SL-03-01116,North,2026-03-02,4,C00048,SO-03-00558,D013,251.24,0.10,,2026-03-08
P0336,SL-03-01117,Central,2026-03-17,3,C01367,SO-03-00559,D065,120.24,0,,2026-03-18
P0276,SL-03-01118,West,2026-03-26,5,C01059,SO-03-00559,D111,112.24,0.15,,2026-04-02
P0352,SL-03-01119,Central,2026-03-02,5,C00854,SO-03-00560,D013,300.24,0.05,,2026-03-10
P0173,SL-03-01120,Central,2026-03-11,4,C00244,SO-03-00560,D099,287.49,0.05,,2026-03-16
P0056,SL-03-01121,East,2026-03-27,3,C00519,SO-03-00561,D022,305.24,0.15,SPRING26,2026-04-04
P0260,SL-03-01122,North,2026-03-10,5,C00276,SO-03-00561,D032,265.74,0.05,,2026-03-15
P0070,SL-03-01123,South,2026-03-24,2,C00512,SO-03-00562,D003,129.24,0.15,,
P0135,SL-03-01124,West,2026-03-05,3,C00548,SO-03-00562,D014,193.49,0.15,,2026-03-08
P0082,SL-03-01125,East,2026-03-29,3,C00053,SO-03-00563,D085,264.24,0.10,,2026-04-05
P0321,SL-03-01126,Central,2026-03-11,5,C00115,SO-03-00563,D048,284.99,0,,2026-03-14
P0273,SL-03-01127,West,2026-03-15,4,C00390,SO-03-00564,D079,78.49,0.05,,2026-03-20
P0225,SL-03-01128,Central,2026-03-06,2,C00742,SO-03-00564,D076,205.49,0,,2026-03-07
P0127,SL-03-01129,North,2026-03-26,3,C00539,SO-03-00565,D062,103.49,0.05,SPRING26,2026-03-29
P0235,SL-03-01130,East,2026-03-02,4,C01024,SO-03-00565,D041,317.99,0.05,,2026-03-09
P0290,SL-03-01131,North,2026-03-18,1,C00155,SO-03-00566,D021,269.74,0,,2026-03-22
P0237,SL-03-01132,East,2026-03-21,2,C00823,SO-03-00566,D005,340.49,0,,2026-03-27
P0158,SL-03-01133,West,2026-03-03,2,C00367,SO-03-00567,D103,118.74,0.10,,2026-03-04
P0076,SL-03-01134,North,2026-03-14,2,C00107,SO-03-00567,D011,196.74,0.15,,2026-03-15
P0023,SL-03-01135,East,2026-03-23,4,C00873,SO-03-00568,D092,267.49,0.10,,2026-03-25
P0252,SL-03-01136,West,2026-03-09,5,C00596,SO-03-00568,D008,175.74,0.05,,2026-03-17
P0097,SL-03-01137,Central,2026-03-12,2,C00014,SO-03-00569,D079,99.49,0.05,SPRING26,2026-03-18
P0001,SL-03-01138,South,2026-03-06,2,C00779,SO-03-00569,D019,19.99,0.05,,2026-03-07
P0209,SL-03-01139,Central,2026-03-31,4,C00303,SO-03-00570,D093,358.99,0.10,,2026-04-04
P0122,SL-03-01140,East,2026-03-27,1,C00985,SO-03-00570,D010,47.24,0.10,,2026-04-04
P0066,SL-03-01141,West,2026-03-01,5,C01086,SO-03-00571,D103,84.24,0.15,,2026-03-08
P0273,SL-03-01142,South,2026-03-04,4,C00053,SO-03-00571,D014,78.49,0.10,,2026-03-05
P0293,SL-03-01143,North,2026-03-18,2,C00298,SO-03-00572,D036,303.49,0.05,,2026-03-23
P0151,SL-03-01144,West,2026-03-07,4,C00427,SO-03-00572,D036,39.99,0.10,,2026-03-12
P0191,SL-03-01145,Central,2026-03-07,1,C00684,SO-03-00573,D092,156.49,0.05,SPRING26,
P0179,SL-03-01146,South,2026-03-09,2,C00147,SO-03-00573,D023,354.99,0.15,,2026-03-14
P0165,SL-03-01147,Central,2026-03-03,4,C00005,SO-03-00574,D011,197.49,0,,2026-03-04
P0074,SL-03-01148,South,2026-03-26,3,C01358,SO-03-00574,D064,174.24,0.15,,2026-03-29
P0192,SL-03-01149,East,2026-03-28,1,C00246,SO-03-00575,D059,167.74,0.15,,2026-03-30
P0271,SL-03-01150,Central,2026-03-26,1,C00265,SO-03-00575,D089,55.99,0,,2026-04-01
P0189,SL-03-01151,North,2026-03-26,5,C00507,SO-03-00576,D065,133.99,0.10,,2026-03-29
P0340,SL-03-01152,South,2026-03-13,2,C00586,SO-03-00576,D009,165.24,0.15,,2026-03-19
P0129,SL-03-01153,West,2026-03-10,5,C00739,SO-03-00577,D093,125.99,0.15,SPRING26,2026-03-13
P0046,SL-03-01154,West,2026-03-24,5,C00277,SO-03-00577,D089,192.74,0,,2026-03-31
P0319,SL-03-01155,North,2026-03-01,3,C01066,SO-03-00578,D083,262.49,0,,2026-03-02
P0289,SL-03-01156,East,2026-03-19,5,C01012,SO-03-00578,D023,258.49,0.15,,2026-03-23
P0182,SL-03-01157,Central,2026-03-25,3,C00770,SO-03-00579,D079,55.24,0,,2026-03-29
P0197,SL-03-01158,South,2026-03-01,2,C00054,SO-03-00579,D088,223.99,0.05,,2026-03-07
P0235,SL-03-01159,North,2026-03-08,5,C00294,SO-03-00580,D088,317.99,0,,2026-03-14
P0232,SL-03-01160,East,2026-03-29,2,C00985,SO-03-00580,D010,284.24,0.10,,2026-03-30
P0300,SL-03-01161,North,2026-03-01,1,C00692,SO-03-00581,D061,382.24,0.10,SPRING26,2026-03-05
P0224,SL-03-01162,Central,2026-03-14,1,C00391,SO-03-00581,D001,194.24,0.10,,2026-03-20
P0241,SL-03-01163,East,2026-03-09,4,C00875,SO-03-00582,D056,51.99,0.15,,2026-03-13
P0102,SL-03-01164,West,2026-03-25,4,C01081,SO-03-00582,D097,155.74,0.15,,2026-03-29
P0155,SL-03-01165,South,2026-03-13,1,C00315,SO-03-00583,D011,84.99,0.05,,2026-03-20
P0254,SL-03-01166,West,2026-03-29,1,C01015,SO-03-00583,D092,198.24,0.10,,2026-04-05
P0009,SL-03-01167,East,2026-03-04,2,C01062,SO-03-00584,D054,109.99,0,,
P0313,SL-03-01168,West,2026-03-13,3,C01011,SO-03-00584,D023,194.99,0.10,,2026-03-16
P0360,SL-03-01169,Central,2026-03-04,4,C01017,SO-03-00585,D055,390.24,0.15,SPRING26,2026-03-12
P0276,SL-03-01170,Central,2026-03-05,3,C00021,SO-03-00585,D069,112.24,0.05,,2026-03-08
P0134,SL-03-01171,South,2026-03-13,4,C00755,SO-03-00586,D035,182.24,0.15,,2026-03-21
P0097,SL-03-01172,North,2026-03-12,4,C00324,SO-03-00586,D031,99.49,0,,2026-03-16
P0216,SL-03-01173,Central,2026-03-16,5,C00844,SO-03-00587,D042,104.24,0,,2026-03-17
P0234,SL-03-01174,East,2026-03-24,4,C00096,SO-03-00587,D018,306.74,0.05,,2026-03-30
P0199,SL-03-01175,North,2026-03-24,2,C00069,SO-03-00588,D032,246.49,0.15,,2026-03-26
P0117,SL-03-01176,South,2026-03-11,2,C00427,SO-03-00588,D110,324.49,0,,2026-03-16
P0203,SL-03-01177,East,2026-03-15,2,C00553,SO-03-00589,D045,291.49,0,SPRING26,2026-03-21
P0073,SL-03-01178,West,2026-03-06,5,C00295,SO-03-00589,D028,162.99,0,,2026-03-08
P0290,SL-03-01179,North,2026-03-29,5,C01369,SO-03-00590,D030,269.74,0.15,,2026-03-30
P0217,SL-03-01180,East,2026-03-24,3,C00162,SO-03-00590,D006,115.49,0.10,,2026-04-01
P0197,SL-03-01181,Central,2026-03-26,2,C00746,SO-03-00591,D075,223.99,0,,2026-04-01
P0096,SL-03-01182,North,2026-03-29,3,C00787,SO-03-00591,D052,88.24,0.05,,2026-03-31
P0343,SL-03-01183,South,2026-03-22,4,C00140,SO-03-00592,D027,198.99,0.10,,2026-03-30
P0223,SL-03-01184,South,2026-03-19,2,C00818,SO-03-00592,D093,182.99,0,,2026-03-20
P0095,SL-03-01185,South,2026-03-24,5,C00444,SO-03-00593,D034,76.99,0.10,SPRING26,2026-03-25
P0045,SL-03-01186,South,2026-03-11,5,C00190,SO-03-00593,D076,181.49,0.10,,2026-03-17
P0079,SL-03-01187,North,2026-03-01,2,C00018,SO-03-00594,D083,230.49,0.15,,2026-03-05
P0138,SL-03-01188,South,2026-03-01,3,C00743,SO-03-00594,D009,227.24,0.15,,2026-03-09
P0032,SL-03-01189,North,2026-03-19,4,C00536,SO-03-00595,D102,35.24,0.05,,
P0020,SL-03-01190,Central,2026-03-21,4,C00774,SO-03-00595,D089,233.74,0.15,,2026-03-24
P0120,SL-03-01191,North,2026-03-02,1,C00946,SO-03-00596,D083,358.24,0,,2026-03-10
P0326,SL-03-01192,Central,2026-03-11,5,C00971,SO-03-00596,D024,341.24,0.15,,2026-03-17
P0192,SL-03-01193,Central,2026-03-07,1,C00733,SO-03-00597,D074,167.74,0.10,SPRING26,2026-03-11
P0239,SL-03-01194,East,2026-03-16,4,C00629,SO-03-00597,D093,362.99,0,,2026-03-24
P0220,SL-03-01195,Central,2026-03-01,5,C00010,SO-03-00598,D015,149.24,0.05,,2026-03-06
P0123,SL-03-01196,South,2026-03-27,2,C00282,SO-03-00598,D023,58.49,0,,2026-04-02
P0008,SL-03-01197,East,2026-03-24,5,C00063,SO-03-00599,D102,98.74,0.05,,2026-03-26
P0082,SL-03-01198,South,2026-03-15,3,C00757,SO-03-00599,D070,264.24,0,,2026-03-20
P0350,SL-03-01199,Central,2026-03-05,2,C00056,SO-03-00600,D059,277.74,0.10,,2026-03-11
P0250,SL-03-01200,North,2026-03-27,3,C00466,SO-03-00600,D022,153.24,0.05,,2026-03-28
P0136,SL-03-01201,West,2026-03-07,5,C00393,SO-03-00601,D037,204.74,0.05,SPRING26,2026-03-10
P0303,SL-03-01202,Central,2026-03-31,3,C00182,SO-03-00601,D091,82.49,0,,2026-04-04
P0252,SL-03-01203,North,2026-03-23,3,C00567,SO-03-00602,D024,175.74,0.05,,2026-03-28
P0159,SL-03-01204,East,2026-03-23,4,C00738,SO-03-00602,D111,129.99,0.15,,2026-03-27
P0092,SL-03-01205,Central,2026-03-09,1,C00928,SO-03-00603,D085,43.24,0,,2026-03-15
P0067,SL-03-01206,West,2026-03-05,3,C00003,SO-03-00603,D048,95.49,0.05,,2026-03-10
P0199,SL-03-01207,Central,2026-03-21,2,C00313,SO-03-00604,D069,246.49,0,,2026-03-23
P0007,SL-03-01208,North,2026-03-18,4,C00003,SO-03-00604,D096,87.49,0,,2026-03-26
P0202,SL-03-01209,North,2026-03-18,2,C00528,SO-03-00605,D075,280.24,0,SPRING26,2026-03-24
P0312,SL-03-01210,East,2026-03-01,1,C01360,SO-03-00605,D098,183.74,0,,2026-03-03
P0307,SL-03-01211,West,2026-03-26,4,C01049,SO-03-00606,D100,127.49,0,,
P0015,SL-03-01212,West,2026-03-26,3,C00356,SO-03-00606,D060,177.49,0,,2026-03-30
P0266,SL-03-01213,West,2026-03-14,3,C00711,SO-03-00607,D111,333.24,0.05,,2026-03-19
P0157,SL-03-01214,Central,2026-03-21,3,C00413,SO-03-00607,D013,107.49,0.10,,2026-03-25
P0331,SL-03-01215,South,2026-03-15,3,C00265,SO-03-00608,D003,63.99,0.15,,2026-03-19
P0028,SL-03-01216,South,2026-03-27,1,C01074,SO-03-00608,D065,323.74,0.10,,2026-03-28
P0080,SL-03-01217,Central,2026-03-12,5,C00567,SO-03-00609,D006,241.74,0.05,SPRING26,2026-03-16
P0206,SL-03-01218,East,2026-03-17,3,C00031,SO-03-00609,D092,325.24,0.10,,2026-03-22
P0320,SL-03-01219,East,2026-03-19,1,C01084,SO-03-00610,D051,273.74,0.15,,2026-03-27
P0296,SL-03-01220,West,2026-03-28,3,C00234,SO-03-00610,D005,337.24,0.15,,2026-03-29
P0249,SL-03-01221,East,2026-03-22,2,C00836,SO-03-00611,D100,141.99,0.15,,2026-03-27
P0187,SL-03-01222,East,2026-03-26,5,C00932,SO-03-00611,D111,111.49,0.05,,2026-04-01
P0288,SL-03-01223,East,2026-03-26,5,C00891,SO-03-00612,D097,247.24,0.05,,2026-04-03
P0117,SL-03-01224,West,2026-03-08,1,C00277,SO-03-00612,D100,324.49,0.05,,2026-03-14
P0238,SL-03-01225,South,2026-03-20,4,C00453,SO-03-00613,D048,351.74,0.10,SPRING26,2026-03-23
P0119,SL-03-01226,Central,2026-03-21,4,C00730,SO-03-00613,D082,346.99,0,,2026-03-29
P0044,SL-03-01227,South,2026-03-02,2,C00062,SO-03-00614,D111,170.24,0.10,,2026-03-10
P0122,SL-03-01228,West,2026-03-12,1,C00376,SO-03-00614,D032,47.24,0,,2026-03-17
P0211,SL-03-01229,West,2026-03-14,2,C00092,SO-03-00615,D061,47.99,0.05,,2026-03-16
P0241,SL-03-01230,South,2026-03-17,1,C01004,SO-03-00615,D101,51.99,0,,2026-03-24
P0335,SL-03-01231,Central,2026-03-15,5,C00581,SO-03-00616,D087,108.99,0.10,,2026-03-22
P0240,SL-03-01232,South,2026-03-07,5,C00937,SO-03-00616,D077,374.24,0.05,,2026-03-15
P0302,SL-03-01233,South,2026-03-22,4,C00623,SO-03-00617,D091,71.24,0.10,SPRING26,
P0121,SL-03-01234,West,2026-03-11,2,C00181,SO-03-00617,D105,35.99,0.10,,2026-03-17
P0103,SL-03-01235,East,2026-03-23,2,C00468,SO-03-00618,D053,166.99,0.15,,2026-03-24
P0015,SL-03-01236,West,2026-03-24,5,C00453,SO-03-00618,D050,177.49,0.05,,2026-03-31
P0208,SL-03-01237,West,2026-03-24,1,C00649,SO-03-00619,D049,347.74,0.15,,2026-03-26
P0339,SL-03-01238,South,2026-03-21,4,C01077,SO-03-00619,D078,153.99,0.10,,2026-03-22
P0232,SL-03-01239,Central,2026-03-22,2,C00707,SO-03-00620,D066,284.24,0,,2026-03-30
P0096,SL-03-01240,East,2026-03-08,1,C00519,SO-03-00620,D004,88.24,0.15,,2026-03-13
P0318,SL-03-01241,North,2026-03-01,1,C01351,SO-03-00621,D053,251.24,0.15,SPRING26,2026-03-02
P0353,SL-03-01242,North,2026-03-13,2,C00492,SO-03-00621,D017,311.49,0.10,,2026-03-19
P0021,SL-03-01243,West,2026-03-27,3,C00360,SO-03-00622,D084,244.99,0.05,,2026-03-28
P0243,SL-03-01244,Central,2026-03-17,3,C00516,SO-03-00622,D079,74.49,0,,2026-03-23
P0255,SL-03-01245,Central,2026-03-27,2,C00059,SO-03-00623,D032,209.49,0.15,,2026-03-28
P0229,SL-03-01246,North,2026-03-28,5,C00857,SO-03-00623,D030,250.49,0,,2026-03-30
P0356,SL-03-01247,North,2026-03-20,1,C01018,SO-03-00624,D100,345.24,0,,2026-03-23
P0241,SL-03-01248,South,2026-03-30,4,C00161,SO-03-00624,D043,51.99,0,,2026-04-03
P0065,SL-03-01249,West,2026-03-29,5,C00219,SO-03-00625,D105,72.99,0.15,SPRING26,2026-04-02
P0178,SL-03-01250,Central,2026-03-08,4,C00585,SO-03-00625,D084,343.74,0.10,,2026-03-12
P0243,SL-03-01251,South,2026-03-17,1,C00764,SO-03-00626,D106,74.49,0.05,,2026-03-18
P0159,SL-03-01252,South,2026-03-03,5,C00804,SO-03-00626,D031,129.99,0.15,,2026-03-09
P0282,SL-03-01253,Central,2026-03-14,4,C00253,SO-03-00627,D050,179.74,0.10,,2026-03-15
P0061,SL-03-01254,East,2026-03-28,2,C00675,SO-03-00627,D027,27.99,0,,2026-04-02
P0346,SL-03-01255,East,2026-03-05,2,C00220,SO-03-00628,D085,232.74,0.05,,
P0327,SL-03-01256,East,2026-03-12,5,C00525,SO-03-00628,D094,352.49,0.15,,2026-03-16
P0307,SL-03-01257,West,2026-03-21,1,C00283,SO-03-00629,D083,127.49,0,SPRING26,2026-03-27
P0071,SL-03-01258,North,2026-03-02,1,C00156,SO-03-00629,D055,140.49,0.15,,2026-03-08
P0170,SL-03-01259,South,2026-03-06,1,C00049,SO-03-00630,D057,253.74,0.05,,2026-03-14
P0113,SL-03-01260,South,2026-03-06,4,C00192,SO-03-00630,D025,279.49,0.10,,2026-03-08
P0028,SL-03-01261,West,2026-03-27,5,C01058,SO-03-00631,D072,323.74,0.15,,2026-03-28
P0016,SL-03-01262,West,2026-03-15,3,C00641,SO-03-00631,D032,188.74,0.10,,2026-03-16
P0197,SL-03-01263,East,2026-03-30,4,C00691,SO-03-00632,D033,223.99,0,,2026-03-31
P0076,SL-03-01264,West,2026-03-11,4,C00821,SO-03-00632,D025,196.74,0,,2026-03-12
P0131,SL-03-01265,West,2026-03-13,5,C01073,SO-03-00633,D106,148.49,0.10,SPRING26,2026-03-18
P0068,SL-03-01266,Central,2026-03-07,1,C00860,SO-03-00633,D022,106.74,0.15,,2026-03-14
P0147,SL-03-01267,North,2026-03-28,2,C00250,SO-03-00634,D088,328.49,0.15,,2026-04-04
P0352,SL-03-01268,East,2026-03-19,5,C00209,SO-03-00634,D095,300.24,0.15,,2026-03-25
P0211,SL-03-01269,South,2026-03-10,3,C00799,SO-03-00635,D021,47.99,0.05,,2026-03-16
P0162,SL-03-01270,Central,2026-03-28,5,C00303,SO-03-00635,D082,163.74,0.15,,2026-03-31
P0184,SL-03-01271,Central,2026-03-27,1,C00701,SO-03-00636,D102,77.74,0.15,,2026-03-30
P0103,SL-03-01272,Central,2026-03-10,2,C01362,SO-03-00636,D105,166.99,0.05,,2026-03-15
P0199,SL-03-01273,West,2026-03-23,5,C00670,SO-03-00637,D092,246.49,0.05,SPRING26,2026-03-25
P0337,SL-03-01274,West,2026-03-22,2,C00426,SO-03-00637,D030,131.49,0.15,,2026-03-27
P0113,SL-03-01275,Central,2026-03-12,5,C00118,SO-03-00638,D007,279.49,0,,2026-03-15
P0147,SL-03-01276,South,2026-03-22,2,C00982,SO-03-00638,D070,328.49,0.15,,2026-03-25
P0085,SL-03-01277,North,2026-03-18,4,C00391,SO-03-00639,D106,297.99,0.15,,
P0226,SL-03-01278,East,2026-03-09,3,C00424,SO-03-00639,D020,216.74,0.15,,2026-03-15
P0103,SL-03-01279,North,2026-03-23,2,C01069,SO-03-00640,D086,166.99,0,,2026-03-29
P0263,SL-03-01280,Central,2026-03-19,1,C00177,SO-03-00640,D062,299.49,0.15,,2026-03-20
P0337,SL-03-01281,North,2026-03-09,4,C00230,SO-03-00641,D069,131.49,0.05,SPRING26,2026-03-12
P0353,SL-03-01282,North,2026-03-23,3,C00044,SO-03-00641,D017,311.49,0.15,,2026-03-25
P0064,SL-03-01283,East,2026-03-22,3,C00072,SO-03-00642,D112,61.74,0,,2026-03-28
P0052,SL-03-01284,West,2026-03-08,1,C00094,SO-03-00642,D087,260.24,0.15,,2026-03-10
P0028,SL-03-01285,East,2026-03-05,2,C00911,SO-03-00643,D093,323.74,0.05,,2026-03-10
P0047,SL-03-01286,North,2026-03-30,5,C00328,SO-03-00643,D010,203.99,0.10,,2026-04-01
P0202,SL-03-01287,Central,2026-03-10,5,C00099,SO-03-00644,D063,280.24,0.05,,2026-03-15
P0307,SL-03-01288,South,2026-03-27,3,C00871,SO-03-00644,D090,127.49,0.10,,2026-04-04
P0179,SL-03-01289,West,2026-03-09,1,C00847,SO-03-00645,D026,354.99,0.15,SPRING26,2026-03-13
P0173,SL-03-01290,Central,2026-03-07,5,C00690,SO-03-00645,D052,287.49,0,,2026-03-08
P0095,SL-03-01291,Central,2026-03-09,2,C00826,SO-03-00646,D063,76.99,0,,2026-03-16
P0239,SL-03-01292,East,2026-03-15,5,C00642,SO-03-00646,D022,362.99,0.15,,2026-03-21
P0262,SL-03-01293,South,2026-03-05,1,C00543,SO-03-00647,D007,288.24,0.10,,2026-03-10
P0207,SL-03-01294,North,2026-03-31,2,C00690,SO-03-00647,D020,336.49,0.10,,2026-04-01
P0040,SL-03-01295,North,2026-03-01,5,C00462,SO-03-00648,D001,125.24,0.10,,2026-03-03
P0155,SL-03-01296,East,2026-03-12,4,C00907,SO-03-00648,D040,84.99,0,,2026-03-19
P0293,SL-03-01297,East,2026-03-16,4,C00395,SO-03-00649,D021,303.49,0,SPRING26,2026-03-19
P0040,SL-03-01298,West,2026-03-25,4,C00154,SO-03-00649,D060,125.24,0.15,,2026-04-02
P0199,SL-03-01299,North,2026-03-04,5,C01019,SO-03-00650,D023,246.49,0,,
P0311,SL-03-01300,West,2026-03-19,1,C00213,SO-03-00650,D102,172.49,0.05,,2026-03-24
P0347,SL-03-01301,East,2026-03-13,5,C00813,SO-03-00651,D008,243.99,0.10,,2026-03-20
P0207,SL-03-01302,South,2026-03-16,5,C00324,SO-03-00651,D023,336.49,0.15,,2026-03-20
P0041,SL-03-01303,Central,2026-03-01,3,C01353,SO-03-00652,D009,136.49,0.10,,2026-03-03
P0032,SL-03-01304,West,2026-03-11,5,C00349,SO-03-00652,D059,35.24,0.10,,2026-03-15
P0247,SL-03-01305,West,2026-03-06,2,C00821,SO-03-00653,D055,119.49,0.15,SPRING26,2026-03-07
P0243,SL-03-01306,West,2026-03-02,4,C00713,SO-03-00653,D105,74.49,0,,2026-03-04
P0133,SL-03-01307,South,2026-03-08,4,C00866,SO-03-00654,D078,170.99,0,,2026-03-16
P0069,SL-03-01308,North,2026-03-13,5,C00986,SO-03-00654,D031,117.99,0.05,,2026-03-14
P0178,SL-03-01309,North,2026-03-12,3,C00571,SO-03-00655,D007,343.74,0.10,,2026-03-15
P0339,SL-03-01310,East,2026-03-28,2,C00956,SO-03-00655,D096,153.99,0,,2026-03-30
P0060,SL-03-01311,North,2026-03-18,5,C00984,SO-03-00656,D017,350.24,0.15,,2026-03-24
P0213,SL-03-01312,South,2026-03-13,5,C00538,SO-03-00656,D040,70.49,0.15,,2026-03-16
P0254,SL-03-01313,East,2026-03-23,2,C00150,SO-03-00657,D081,198.24,0,SPRING26,2026-03-28
P0001,SL-03-01314,North,2026-03-08,2,C00301,SO-03-00657,D064,19.99,0.10,,2026-03-09
P0277,SL-03-01315,Central,2026-03-21,3,C00450,SO-03-00658,D066,123.49,0.10,,2026-03-29
P0210,SL-03-01316,West,2026-03-28,5,C01074,SO-03-00658,D030,370.24,0.10,,2026-03-30
P0027,SL-03-01317,East,2026-03-06,2,C00233,SO-03-00659,D093,312.49,0,,2026-03-12
P0345,SL-03-01318,East,2026-03-20,4,C00211,SO-03-00659,D103,221.49,0.15,,2026-03-22
P0161,SL-03-01319,East,2026-03-13,4,C00154,SO-03-00660,D089,152.49,0.10,,2026-03-20
P0022,SL-03-01320,East,2026-03-12,3,C00056,SO-03-00660,D029,256.24,0,,2026-03-20
P0106,SL-03-01321,West,2026-03-22,4,C00281,SO-03-00661,D066,200.74,0,SPRING26,
P0031,SL-03-01322,South,2026-03-22,1,C00441,SO-03-00661,D041,23.99,0.10,,2026-03-23
P0072,SL-03-01323,East,2026-03-18,5,C00285,SO-03-00662,D087,151.74,0.05,,2026-03-24
P0133,SL-03-01324,West,2026-03-19,4,C00744,SO-03-00662,D024,170.99,0,,2026-03-21
P0150,SL-03-01325,Central,2026-03-26,4,C00196,SO-03-00663,D040,362.24,0,,2026-04-03
P0305,SL-03-01326,East,2026-03-31,2,C00166,SO-03-00663,D027,104.99,0.15,,2026-04-02
P0019,SL-03-01327,West,2026-03-30,2,C00131,SO-03-00664,D057,222.49,0,,2026-04-07
P0255,SL-03-01328,West,2026-03-18,2,C00691,SO-03-00664,D091,209.49,0.10,,2026-03-24
P0057,SL-03-01329,East,2026-03-28,2,C00982,SO-03-00665,D054,316.49,0.05,SPRING26,2026-03-30
P0203,SL-03-01330,South,2026-03-20,5,C00366,SO-03-00665,D072,291.49,0.10,,2026-03-23
P0203,SL-03-01331,South,2026-03-12,4,C00541,SO-03-00666,D039,291.49,0.15,,2026-03-19
P0124,SL-03-01332,North,2026-03-13,3,C00458,SO-03-00666,D041,69.74,0.15,,2026-03-17
P0015,SL-03-01333,South,2026-03-13,4,C00897,SO-03-00667,D003,177.49,0,,2026-03-16
P0261,SL-03-01334,West,2026-03-21,3,C01364,SO-03-00667,D106,276.99,0.05,,2026-03-22
P0175,SL-03-01335,North,2026-03-11,2,C00233,SO-03-00668,D041,309.99,0.05,,2026-03-18
P0228,SL-03-01336,Central,2026-03-08,5,C00121,SO-03-00668,D050,239.24,0.15,,2026-03-09
P0088,SL-03-01337,West,2026-03-27,5,C00327,SO-03-00669,D071,331.74,0.05,SPRING26,2026-04-04
P0240,SL-03-01338,South,2026-03-28,2,C00594,SO-03-00669,D089,374.24,0.05,,2026-04-04
P0308,SL-03-01339,West,2026-03-13,4,C00768,SO-03-00670,D098,138.74,0.15,,2026-03-18
P0235,SL-03-01340,South,2026-03-31,2,C00431,SO-03-00670,D101,317.99,0.05,,2026-04-07
P0218,SL-03-01341,East,2026-03-05,5,C00556,SO-03-00671,D075,126.74,0.05,,2026-03-10
P0070,SL-03-01342,North,2026-03-20,4,C00089,SO-03-00671,D050,129.24,0.05,,2026-03-21
P0146,SL-03-01343,West,2026-03-22,2,C00365,SO-03-00672,D099,317.24,0,,
P0257,SL-03-01344,North,2026-03-02,1,C00498,SO-03-00672,D097,231.99,0,,2026-03-03
P0113,SL-03-01345,Central,2026-03-10,1,C00261,SO-03-00673,D059,279.49,0.15,SPRING26,2026-03-18
P0251,SL-03-01346,Central,2026-03-24,4,C00202,SO-03-00673,D003,164.49,0.15,,2026-03-28
P0337,SL-03-01347,West,2026-03-19,4,C00099,SO-03-00674,D054,131.49,0,,2026-03-22
P0305,SL-03-01348,East,2026-03-05,2,C00794,SO-03-00674,D095,104.99,0.15,,2026-03-07
P0112,SL-03-01349,North,2026-03-16,5,C00351,SO-03-00675,D018,268.24,0.10,,2026-03-18
P0312,SL-03-01350,South,2026-03-05,5,C00795,SO-03-00675,D036,183.74,0.15,,2026-03-07
P0143,SL-03-01351,North,2026-03-27,3,C00379,SO-03-00676,D092,283.49,0,,2026-03-29
P0134,SL-03-01352,East,2026-03-03,1,C00483,SO-03-00676,D050,182.24,0,,2026-03-11
P0262,SL-03-01353,Central,2026-03-19,1,C00451,SO-03-00677,D053,288.24,0,SPRING26,2026-03-27
P0166,SL-03-01354,Central,2026-03-12,2,C00681,SO-03-00677,D062,208.74,0,,2026-03-16
P0190,SL-03-01355,Central,2026-03-25,4,C00115,SO-03-00678,D014,145.24,0,,2026-04-02
P0234,SL-03-01356,East,2026-03-30,1,C00913,SO-03-00678,D062,306.74,0.05,,2026-04-03
P0052,SL-03-01357,West,2026-03-03,1,C00771,SO-03-00679,D041,260.24,0,,2026-03-04
P0189,SL-03-01358,North,2026-03-14,4,C00229,SO-03-00679,D094,133.99,0.15,,2026-03-19
P0234,SL-03-01359,West,2026-03-02,1,C00424,SO-03-00680,D075,306.74,0.05,,2026-03-03
P0046,SL-03-01360,South,2026-03-02,5,C00359,SO-03-00680,D091,192.74,0.05,,2026-03-08
P0314,SL-03-01361,East,2026-03-14,2,C00439,SO-03-00681,D002,206.24,0.15,SPRING26,2026-03-18
P0199,SL-03-01362,East,2026-03-05,5,C00297,SO-03-00681,D098,246.49,0.15,,2026-03-13
P0299,SL-03-01363,South,2026-03-10,5,C00955,SO-03-00682,D034,370.99,0.05,,2026-03-18
P0011,SL-03-01364,Central,2026-03-31,5,C00099,SO-03-00682,D004,132.49,0.15,,2026-04-01
P0224,SL-03-01365,East,2026-03-18,3,C01355,SO-03-00683,D058,194.24,0.10,,
P0218,SL-03-01366,East,2026-03-19,5,C00626,SO-03-00683,D042,126.74,0.05,,2026-03-21
P0004,SL-03-01367,North,2026-03-10,1,C00119,SO-03-00684,D098,53.74,0.10,,2026-03-17
P0121,SL-03-01368,West,2026-03-30,1,C00531,SO-03-00684,D087,35.99,0.05,,2026-03-31
P0141,SL-03-01369,North,2026-03-12,2,C01044,SO-03-00685,D050,260.99,0,SPRING26,2026-03-14
P0196,SL-03-01370,West,2026-03-25,3,C00839,SO-03-00685,D018,212.74,0,,2026-03-27
P0066,SL-03-01371,North,2026-03-21,3,C00890,SO-03-00686,D057,84.24,0.05,,2026-03-23
P0082,SL-03-01372,South,2026-03-18,1,C00794,SO-03-00686,D079,264.24,0.10,,2026-03-24
P0170,SL-03-01373,West,2026-03-06,1,C00394,SO-03-00687,D028,253.74,0,,2026-03-08
P0166,SL-03-01374,South,2026-03-05,1,C00522,SO-03-00687,D033,208.74,0,,2026-03-12
P0155,SL-03-01375,East,2026-03-29,4,C00390,SO-03-00688,D038,84.99,0.10,,2026-04-02
P0174,SL-03-01376,East,2026-03-14,1,C00765,SO-03-00688,D102,298.74,0.05,,2026-03-19
P0258,SL-03-01377,West,2026-03-13,2,C00962,SO-03-00689,D044,243.24,0.10,SPRING26,2026-03-17
P0029,SL-03-01378,East,2026-03-07,5,C00587,SO-03-00689,D097,334.99,0.05,,2026-03-15
P0013,SL-03-01379,North,2026-03-20,3,C00038,SO-03-00690,D058,154.99,0.10,,2026-03-26
P0149,SL-03-01380,North,2026-03-02,3,C00317,SO-03-00690,D033,350.99,0.05,,2026-03-04
P0178,SL-03-01381,Central,2026-03-01,4,C00240,SO-03-00691,D071,343.74,0,,2026-03-08
P0134,SL-03-01382,West,2026-03-27,3,C00185,SO-03-00691,D035,182.24,0.05,,2026-04-03
P0343,SL-03-01383,South,2026-03-28,5,C00443,SO-03-00692,D031,198.99,0.10,,2026-03-29
P0121,SL-03-01384,Central,2026-03-28,5,C00506,SO-03-00692,D023,35.99,0.15,,2026-04-05
P0040,SL-03-01385,Central,2026-03-28,5,C00921,SO-03-00693,D099,125.24,0.15,SPRING26,2026-03-29
P0144,SL-03-01386,South,2026-03-07,3,C00903,SO-03-00693,D038,294.74,0.05,,2026-03-14
P0114,SL-03-01387,West,2026-03-02,4,C00818,SO-03-00694,D065,290.74,0,,
P0247,SL-03-01388,North,2026-03-28,1,C00933,SO-03-00694,D018,119.49,0.05,,2026-03-31
P0105,SL-03-01389,West,2026-03-30,2,C00057,SO-03-00695,D017,189.49,0,,2026-03-31
P0008,SL-03-01390,North,2026-03-16,4,C00305,SO-03-00695,D040,98.74,0.05,,2026-03-22
P0225,SL-03-01391,Central,2026-03-25,3,C00733,SO-03-00696,D105,205.49,0.15,,2026-03-30
P0180,SL-03-01392,North,2026-03-29,3,C00284,SO-03-00696,D011,366.24,0.10,,2026-03-30
P0175,SL-03-01393,South,2026-03-29,4,C00948,SO-03-00697,D099,309.99,0.10,SPRING26,2026-04-05
P0176,SL-03-01394,Central,2026-03-03,1,C00799,SO-03-00697,D001,321.24,0.10,,2026-03-07
P0306,SL-03-01395,East,2026-03-20,2,C00665,SO-03-00698,D061,116.24,0.10,,2026-03-24
P0245,SL-03-01396,East,2026-03-14,3,C01366,SO-03-00698,D019,96.99,0.10,,2026-03-22
P0307,SL-03-01397,West,2026-03-27,5,C00282,SO-03-00699,D081,127.49,0,,2026-03-29
P0003,SL-03-01398,South,2026-03-19,2,C00981,SO-03-00699,D017,42.49,0.15,,2026-03-26
P0356,SL-03-01399,South,2026-03-03,2,C00710,SO-03-00700,D003,345.24,0.10,,2026-03-07
P0065,SL-03-01400,Central,2026-03-04,5,C00285,SO-03-00700,D006,72.99,0.10,,2026-03-11
P0060,SL-03-01401,South,2026-03-07,4,C01063,SO-03-00701,D055,350.24,0.05,SPRING26,2026-03-12
P0209,SL-03-01402,West,2026-03-12,5,C00460,SO-03-00701,D026,358.99,0.10,,2026-03-16
P0047,SL-03-01403,West,2026-03-05,4,C00881,SO-03-00702,D082,203.99,0,,2026-03-08
P0237,SL-03-01404,Central,2026-03-19,4,C01058,SO-03-00702,D018,340.49,0.15,,2026-03-21
P0043,SL-03-01405,East,2026-03-03,5,C00682,SO-03-00703,D075,158.99,0,,2026-03-08
P0153,SL-03-01406,South,2026-03-13,2,C01077,SO-03-00703,D048,62.49,0.05,,2026-03-18
P0325,SL-03-01407,Central,2026-03-16,2,C00720,SO-03-00704,D037,329.99,0.05,,2026-03-24
P0252,SL-03-01408,Central,2026-03-14,3,C01063,SO-03-00704,D042,175.74,0.10,,2026-03-19
P0350,SL-03-01409,South,2026-03-27,1,C00832,SO-03-00705,D089,277.74,0,SPRING26,
P0061,SL-03-01410,East,2026-03-27,5,C00172,SO-03-00705,D093,27.99,0.05,,2026-04-02
P0272,SL-03-01411,South,2026-03-02,3,C00486,SO-03-00706,D075,67.24,0.10,,2026-03-04
P0246,SL-03-01412,West,2026-03-12,4,C00591,SO-03-00706,D050,108.24,0.05,,2026-03-19
P0282,SL-03-01413,South,2026-03-28,1,C00321,SO-03-00707,D042,179.74,0.15,,2026-03-30
P0299,SL-03-01414,Central,2026-03-08,3,C00074,SO-03-00707,D110,370.99,0.05,,2026-03-09
P0150,SL-03-01415,South,2026-03-26,3,C00618,SO-03-00708,D061,362.24,0.05,,2026-03-28
P0282,SL-03-01416,East,2026-03-04,3,C00391,SO-03-00708,D046,179.74,0,,2026-03-06
P0360,SL-03-01417,North,2026-03-22,3,C00196,SO-03-00709,D088,390.24,0.15,SPRING26,2026-03-27
P0187,SL-03-01418,Central,2026-03-25,4,C00185,SO-03-00709,D039,111.49,0,,2026-04-02
P0224,SL-03-01419,East,2026-03-23,2,C00604,SO-03-00710,D048,194.24,0,,2026-03-31
P0135,SL-03-01420,Central,2026-03-03,4,C00694,SO-03-00710,D085,193.49,0,,2026-03-11
P0199,SL-03-01421,North,2026-03-10,5,C00917,SO-03-00711,D059,246.49,0.05,,2026-03-13
P0284,SL-03-01422,East,2026-03-10,1,C00943,SO-03-00711,D039,202.24,0.15,,2026-03-16
P0359,SL-03-01423,North,2026-03-27,5,C00886,SO-03-00712,D069,378.99,0,,2026-03-31
P0333,SL-03-01424,North,2026-03-15,2,C00752,SO-03-00712,D069,86.49,0.15,,2026-03-19
P0155,SL-03-01425,East,2026-03-11,2,C00620,SO-03-00713,D048,84.99,0.05,SPRING26,2026-03-18
P0260,SL-03-01426,Central,2026-03-10,3,C00363,SO-03-00713,D039,265.74,0.10,,2026-03-16
P0317,SL-03-01427,North,2026-03-28,2,C01357,SO-03-00714,D002,239.99,0.05,,2026-03-29
P0319,SL-03-01428,Central,2026-03-11,3,C00510,SO-03-00714,D085,262.49,0,,2026-03-12
P0291,SL-03-01429,Central,2026-03-22,3,C00403,SO-03-00715,D052,280.99,0.10,,2026-03-29
P0184,SL-03-01430,North,2026-03-13,4,C00140,SO-03-00715,D097,77.74,0.10,,2026-03-18
P0359,SL-03-01431,East,2026-03-28,1,C00823,SO-03-00716,D032,378.99,0.05,,
P0340,SL-03-01432,East,2026-03-28,4,C00790,SO-03-00716,D084,165.24,0,,2026-03-31
P0358,SL-03-01433,West,2026-03-12,3,C00196,SO-03-00717,D021,367.74,0,SPRING26,2026-03-19
P0307,SL-03-01434,East,2026-03-10,3,C01018,SO-03-00717,D052,127.49,0,,2026-03-15
P0278,SL-03-01435,North,2026-03-28,4,C00345,SO-03-00718,D040,134.74,0.15,,2026-03-30
P0330,SL-03-01436,South,2026-03-05,2,C00683,SO-03-00718,D026,386.24,0.15,,2026-03-09
P0013,SL-03-01437,West,2026-03-04,5,C00566,SO-03-00719,D072,154.99,0.05,,2026-03-07
P0240,SL-03-01438,Central,2026-03-01,1,C00803,SO-03-00719,D046,374.24,0.15,,2026-03-04
P0309,SL-03-01439,West,2026-03-06,2,C00846,SO-03-00720,D016,149.99,0,,2026-03-13
P0244,SL-03-01440,South,2026-03-26,1,C00143,SO-03-00720,D109,85.74,0,,2026-03-30
P0024,SL-03-01441,Central,2026-03-27,5,C00649,SO-03-00721,D051,278.74,0.15,SPRING26,2026-04-02
P0229,SL-03-01442,West,2026-03-08,4,C00469,SO-03-00721,D031,250.49,0,,2026-03-11
P0276,SL-03-01443,South,2026-03-24,2,C00615,SO-03-00722,D005,112.24,0,,2026-03-29
P0267,SL-03-01444,Central,2026-03-08,4,C00041,SO-03-00722,D053,344.49,0.10,,2026-03-15
P0108,SL-03-01445,West,2026-03-27,1,C00241,SO-03-00723,D024,223.24,0,,2026-03-31
P0007,SL-03-01446,East,2026-03-02,4,C01022,SO-03-00723,D029,87.49,0.10,,2026-03-08
P0324,SL-03-01447,Central,2026-03-05,4,C00363,SO-03-00724,D046,318.74,0.15,,2026-03-12
P0189,SL-03-01448,Central,2026-03-14,3,C00525,SO-03-00724,D049,133.99,0.10,,2026-03-18
P0121,SL-03-01449,Central,2026-03-02,5,C01045,SO-03-00725,D060,35.99,0.05,SPRING26,2026-03-05
P0167,SL-03-01450,West,2026-03-27,2,C00077,SO-03-00725,D008,219.99,0.05,,2026-03-29
