OrderLineID,OrderID,OrderDateText,ShippedDateText,CustomerID,ProductID,DepartmentID,Region,SalesChannel,Quantity,UnitPriceGBP,DiscountPct
SL-02-00001,SO-02-00001,2026-02-18,,C01351,P0329,D059,South,Online,2,374.99,0.05
SL-02-00002,SO-02-00001,2026-02-13,2026-02-21,C00862,P0245,D103,North,Partner,4,96.99,0.05
SL-02-00003,SO-02-00002,2026-02-15,2026-02-16,C00899,P0122,D041,South,Partner,5,47.24,0.10
SL-02-00004,SO-02-00002,2026-02-15,2026-02-16,C00378,P0339,D070,North,Partner,2,153.99,0.10
SL-02-00005,SO-02-00003,2026-02-06,2026-02-08,C00686,P0004,D112,Central,Partner,1,53.74,0
SL-02-00006,SO-02-00003,2026-02-17,2026-02-20,C00652,P0192,D030,North,Online,1,167.74,0.10
SL-02-00007,SO-02-00004,2026-02-15,2026-02-17,C00583,P0217,D061,North,Partner,4,115.49,0.05
SL-02-00008,SO-02-00004,2026-02-25,2026-03-02,C00881,P0313,D018,West,Online,5,194.99,0.15
SL-02-00009,SO-02-00005,2026-02-14,2026-02-15,C00558,P0225,D025,North,Store,2,205.49,0.15
SL-02-00010,SO-02-00005,2026-02-15,2026-02-18,C00446,P0136,D107,East,Partner,1,204.74,0
SL-02-00011,SO-02-00006,2026-02-09,2026-02-10,C00727,P0194,D003,Central,Store,1,190.24,0.05
SL-02-00012,SO-02-00006,2026-02-27,2026-03-01,C00946,P0157,D083,North,Store,5,107.49,0.10
SL-02-00013,SO-02-00007,2026-02-01,2026-02-04,C00928,P0065,D009,Central,Store,5,72.99,0.10
SL-02-00014,SO-02-00007,2026-02-05,2026-02-10,C00187,P0357,D098,South,Online,1,356.49,0
SL-02-00015,SO-02-00008,2026-02-19,2026-02-23,C00148,P0342,D073,South,Store,4,187.74,0.10
SL-02-00016,SO-02-00008,2026-02-23,2026-02-24,C00433,P0186,D047,Central,Online,3,100.24,0.05
SL-02-00017,SO-02-00009,2026-02-17,2026-02-20,C00774,P0334,D024,East,Online,1,97.74,0.15
SL-02-00018,SO-02-00009,2026-02-17,2026-02-25,C00277,P0234,D036,West,Online,3,306.74,0.10
SL-02-00019,SO-02-00010,2026-02-06,2026-02-11,C00212,P0036,D066,Central,Online,1,80.24,0.05
SL-02-00020,SO-02-00010,2026-02-08,2026-02-16,C01062,P0316,D086,West,Store,5,228.74,0
SL-02-00021,SO-02-00011,2026-02-03,2026-02-05,C00981,P0236,D081,North,Partner,4,329.24,0.15
SL-02-00022,SO-02-00011,2026-02-09,2026-02-17,C00051,P0068,D021,East,Online,3,106.74,0.05
SL-02-00023,SO-02-00012,2026-02-25,,C00037,P0079,D034,West,Online,4,230.49,0
SL-02-00024,SO-02-00012,2026-02-06,2026-02-13,C01058,P0045,D073,East,Online,5,181.49,0
SL-02-00025,SO-02-00013,2026-02-06,2026-02-08,C00108,P0105,D080,North,Partner,1,189.49,0
SL-02-00026,SO-02-00013,2026-02-04,2026-02-12,C00665,P0198,D079,West,Partner,4,235.24,0.10
SL-02-00027,SO-02-00014,2026-02-20,2026-02-21,C00825,P0093,D014,Central,Partner,3,54.49,0.05
SL-02-00028,SO-02-00014,2026-02-26,2026-03-05,C01078,P0177,D061,South,Partner,4,332.49,0.10
SL-02-00029,SO-02-00015,2026-02-23,2026-03-01,C00007,P0121,D109,South,Online,3,35.99,0
SL-02-00030,SO-02-00015,2026-02-14,2026-02-17,C00359,P0052,D045,Central,Online,4,260.24,0.15
SL-02-00031,SO-02-00016,2026-02-04,2026-02-09,C00893,P0026,D017,South,Partner,4,301.24,0
SL-02-00032,SO-02-00016,2026-02-21,2026-02-26,C01362,P0286,D080,Central,Online,4,224.74,0.15
SL-02-00033,SO-02-00017,2026-02-12,2026-02-18,C00748,P0139,D033,South,Partner,1,238.49,0.05
SL-02-00034,SO-02-00017,2026-02-21,2026-02-23,C00960,P0079,D091,East,Online,3,230.49,0.15
SL-02-00035,SO-02-00018,2026-02-16,2026-02-20,C00989,P0157,D058,South,Store,2,107.49,0
SL-02-00036,SO-02-00018,2026-02-16,2026-02-19,C00748,P0010,D015,North,Store,5,121.24,0.05
SL-02-00037,SO-02-00019,2026-02-06,2026-02-10,C00642,P0272,D042,Central,Store,5,67.24,0.10
SL-02-00038,SO-02-00019,2026-02-09,2026-02-15,C00241,P0075,D072,East,Online,2,185.49,0.15
SL-02-00039,SO-02-00020,2026-02-12,2026-02-19,C00077,P0039,D068,East,Store,2,113.99,0.15
SL-02-00040,SO-02-00020,2026-02-06,2026-02-09,C00212,P0010,D076,East,Online,2,121.24,0.15
SL-02-00041,SO-02-00021,2026-02-13,2026-02-18,C00783,P0338,D065,East,Partner,2,142.74,0
SL-02-00042,SO-02-00021,2026-02-23,2026-03-01,C00722,P0127,D050,North,Partner,1,103.49,0
SL-02-00043,SO-02-00022,2026-02-03,2026-02-08,C00221,P0107,D011,Central,Partner,4,211.99,0
SL-02-00044,SO-02-00022,2026-02-10,2026-02-16,C00489,P0178,D071,West,Partner,4,343.74,0.10
SL-02-00045,SO-02-00023,2026-02-14,,C01058,P0020,D006,East,Partner,3,233.74,0.10
SL-02-00046,SO-02-00023,2026-02-12,2026-02-20,C00161,P0159,D045,East,Partner,4,129.99,0
SL-02-00047,SO-02-00024,2026-02-11,2026-02-13,C00843,P0215,D017,North,Store,4,92.99,0.15
SL-02-00048,SO-02-00024,2026-02-09,2026-02-14,C00486,P0125,D088,North,Store,5,80.99,0
SL-02-00049,SO-02-00025,2026-02-04,2026-02-09,C00879,P0058,D012,North,Online,1,327.74,0.10
SL-02-00050,SO-02-00025,2026-02-03,2026-02-04,C00246,P0028,D103,North,Store,1,323.74,0.05
SL-02-00051,SO-02-00026,2026-02-21,2026-02-28,C00110,P0287,D087,North,Partner,3,235.99,0.15
SL-02-00052,SO-02-00026,2026-02-04,2026-02-06,C01052,P0004,D050,East,Store,2,53.74,0.10
SL-02-00053,SO-02-00027,2026-02-17,2026-02-25,C00657,P0134,D011,North,Online,3,182.24,0
SL-02-00054,SO-02-00027,2026-02-22,2026-02-24,C00020,P0333,D025,South,Online,5,86.49,0.05
SL-02-00055,SO-02-00028,2026-02-05,2026-02-10,C00258,P0262,D060,West,Online,3,288.24,0.05
SL-02-00056,SO-02-00028,2026-02-07,2026-02-09,C00550,P0107,D041,West,Online,5,211.99,0
SL-02-00057,SO-02-00029,2026-02-09,2026-02-10,C00381,P0271,D102,South,Store,2,55.99,0.10
SL-02-00058,SO-02-00029,2026-02-13,2026-02-19,C00802,P0237,D025,West,Store,4,340.49,0.10
SL-02-00059,SO-02-00030,2026-02-24,2026-02-25,C00030,P0042,D054,East,Store,1,147.74,0.15
SL-02-00060,SO-02-00030,2026-02-27,2026-03-05,C00267,P0194,D049,South,Partner,2,190.24,0
SL-02-00061,SO-02-00031,2026-02-17,2026-02-18,C00073,P0233,D036,West,Online,4,295.49,0.15
SL-02-00062,SO-02-00031,2026-02-11,2026-02-17,C00013,P0082,D090,North,Online,3,264.24,0.10
SL-02-00063,SO-02-00032,2026-02-05,2026-02-13,C01353,P0186,D004,South,Store,2,100.24,0
SL-02-00064,SO-02-00032,2026-02-16,2026-02-22,C00841,P0143,D110,South,Partner,2,283.49,0.15
SL-02-00065,SO-02-00033,2026-02-12,2026-02-20,C00407,P0012,D072,North,Store,4,143.74,0.10
SL-02-00066,SO-02-00033,2026-02-19,2026-02-21,C00626,P0301,D045,West,Partner,5,59.99,0.05
SL-02-00067,SO-02-00034,2026-02-13,,C00230,P0019,D014,South,Store,3,222.49,0.10
SL-02-00068,SO-02-00034,2026-02-20,2026-02-25,C00150,P0328,D014,Central,Online,4,363.74,0
SL-02-00069,SO-02-00035,2026-02-15,2026-02-23,C00274,P0249,D054,East,Store,1,141.99,0.15
SL-02-00070,SO-02-00035,2026-02-08,2026-02-14,C00135,P0008,D064,East,Store,1,98.74,0.05
SL-02-00071,SO-02-00036,2026-02-21,2026-02-28,C00078,P0357,D051,North,Store,5,356.49,0
SL-02-00072,SO-02-00036,2026-02-06,2026-02-11,C00485,P0303,D093,West,Online,4,82.49,0.15
SL-02-00073,SO-02-00037,2026-02-21,2026-02-28,C00463,P0257,D023,East,Store,2,231.99,0.10
SL-02-00074,SO-02-00037,2026-02-04,2026-02-11,C00749,P0325,D071,Central,Online,1,329.99,0.05
SL-02-00075,SO-02-00038,2026-02-06,2026-02-07,C00854,P0237,D103,South,Online,5,340.49,0.15
SL-02-00076,SO-02-00038,2026-02-01,2026-02-03,C00384,P0127,D043,Central,Partner,1,103.49,0.15
SL-02-00077,SO-02-00039,2026-02-27,2026-03-07,C00828,P0080,D077,South,Online,4,241.74,0.05
SL-02-00078,SO-02-00039,2026-02-23,2026-02-27,C00542,P0140,D027,South,Partner,5,249.74,0.10
SL-02-00079,SO-02-00040,2026-02-04,2026-02-05,C00541,P0341,D068,West,Store,4,176.49,0.15
SL-02-00080,SO-02-00040,2026-02-01,2026-02-09,C00679,P0271,D062,East,Online,5,55.99,0.05
SL-02-00081,SO-02-00041,2026-02-01,2026-02-05,C00223,P0103,D006,West,Partner,5,166.99,0.10
SL-02-00082,SO-02-00041,2026-02-05,2026-02-08,C00447,P0204,D068,Central,Online,5,302.74,0
SL-02-00083,SO-02-00042,2026-02-14,2026-02-18,C00612,P0360,D080,South,Online,4,390.24,0.10
SL-02-00084,SO-02-00042,2026-02-10,2026-02-13,C00545,P0019,D018,South,Store,3,222.49,0.05
SL-02-00085,SO-02-00043,2026-02-07,2026-02-14,C00100,P0075,D031,East,Online,5,185.49,0.05
SL-02-00086,SO-02-00043,2026-02-09,2026-02-11,C00944,P0321,D073,South,Partner,5,284.99,0.15
SL-02-00087,SO-02-00044,2026-02-26,2026-03-03,C00614,P0251,D092,East,Store,4,164.49,0
SL-02-00088,SO-02-00044,2026-02-14,2026-02-16,C00850,P0108,D021,West,Online,5,223.24,0
SL-02-00089,SO-02-00045,2026-02-28,,C00295,P0012,D086,West,Store,5,143.74,0.10
SL-02-00090,SO-02-00045,2026-02-09,2026-02-17,C00005,P0184,D004,South,Partner,4,77.74,0.10
SL-02-00091,SO-02-00046,2026-02-10,2026-02-18,C00764,P0182,D080,North,Store,5,55.24,0.15
SL-02-00092,SO-02-00046,2026-02-01,2026-02-05,C00036,P0078,D085,South,Online,2,219.24,0
SL-02-00093,SO-02-00047,2026-02-16,2026-02-19,C00136,P0038,D040,South,Store,4,102.74,0.05
SL-02-00094,SO-02-00047,2026-02-11,2026-02-17,C01364,P0199,D058,East,Partner,5,246.49,0.10
SL-02-00095,SO-02-00048,2026-02-19,2026-02-26,C00852,P0157,D089,Central,Partner,4,107.49,0.15
SL-02-00096,SO-02-00048,2026-02-01,2026-02-06,C00737,P0278,D053,North,Online,4,134.74,0.10
SL-02-00097,SO-02-00049,2026-02-16,2026-02-20,C00702,P0285,D074,West,Online,1,213.49,0.05
SL-02-00098,SO-02-00049,2026-02-16,2026-02-18,C00085,P0352,D035,North,Store,3,300.24,0
SL-02-00099,SO-02-00050,2026-02-26,2026-02-28,C00624,P0301,D095,East,Online,5,59.99,0.05
SL-02-00100,SO-02-00050,2026-02-14,2026-02-20,C00931,P0089,D044,West,Online,4,342.99,0.15
SL-02-00101,SO-02-00051,2026-02-04,2026-02-12,C00082,P0281,D096,North,Partner,1,168.49,0
SL-02-00102,SO-02-00051,2026-02-27,2026-03-02,C00960,P0067,D083,South,Store,3,95.49,0.05
SL-02-00103,SO-02-00052,2026-02-21,2026-02-25,C00628,P0350,D110,West,Store,3,277.74,0.10
SL-02-00104,SO-02-00052,2026-02-23,2026-02-27,C00908,P0249,D079,Central,Store,4,141.99,0.15
SL-02-00105,SO-02-00053,2026-02-16,2026-02-18,C00354,P0170,D085,North,Partner,3,253.74,0.10
SL-02-00106,SO-02-00053,2026-02-20,2026-02-21,C00193,P0270,D064,Central,Online,1,378.24,0
SL-02-00107,SO-02-00054,2026-02-21,2026-02-23,C00001,P0100,D109,West,Store,4,133.24,0.15
SL-02-00108,SO-02-00054,2026-02-27,2026-03-05,C00948,P0298,D036,Central,Partner,3,359.74,0
SL-02-00109,SO-02-00055,2026-02-21,2026-02-23,C01031,P0330,D070,West,Store,3,386.24,0
SL-02-00110,SO-02-00055,2026-02-13,2026-02-20,C00822,P0322,D060,Central,Store,1,296.24,0.10
SL-02-00111,SO-02-00056,2026-02-20,,C00861,P0297,D037,South,Online,1,348.49,0
SL-02-00112,SO-02-00056,2026-02-23,2026-02-28,C00387,P0169,D063,West,Online,1,242.49,0.05
SL-02-00113,SO-02-00057,2026-02-04,2026-02-10,C00375,P0188,D042,North,Online,5,122.74,0
SL-02-00114,SO-02-00057,2026-02-26,2026-03-01,C00863,P0313,D049,Central,Partner,1,194.99,0.15
SL-02-00115,SO-02-00058,2026-02-17,2026-02-23,C00750,P0171,D079,North,Store,1,264.99,0.10
SL-02-00116,SO-02-00058,2026-02-25,2026-02-27,C00795,P0358,D069,South,Store,2,367.74,0.05
SL-02-00117,SO-02-00059,2026-02-20,2026-02-26,C00784,P0333,D023,South,Partner,4,86.49,0.10
SL-02-00118,SO-02-00059,2026-02-13,2026-02-17,C00571,P0241,D110,South,Online,5,51.99,0.15
SL-02-00119,SO-02-00060,2026-02-07,2026-02-14,C01054,P0062,D032,South,Store,3,39.24,0.05
SL-02-00120,SO-02-00060,2026-02-07,2026-02-13,C00870,P0021,D095,West,Partner,4,244.99,0.10
SL-02-00121,SO-02-00061,2026-02-08,2026-02-12,C00650,P0251,D104,West,Store,4,164.49,0.05
SL-02-00122,SO-02-00061,2026-02-09,2026-02-12,C00016,P0114,D081,North,Partner,2,290.74,0.05
SL-02-00123,SO-02-00062,2026-02-10,2026-02-15,C00614,P0013,D069,North,Partner,2,154.99,0.15
SL-02-00124,SO-02-00062,2026-02-20,2026-02-23,C00727,P0249,D062,Central,Online,4,141.99,0.05
SL-02-00125,SO-02-00063,2026-02-17,2026-02-18,C01355,P0168,D047,North,Partner,5,231.24,0.05
SL-02-00126,SO-02-00063,2026-02-23,2026-02-24,C00655,P0013,D046,South,Store,4,154.99,0
SL-02-00127,SO-02-00064,2026-02-22,2026-02-25,C00049,P0040,D093,South,Online,3,125.24,0.10
SL-02-00128,SO-02-00064,2026-02-05,2026-02-07,C00100,P0318,D009,South,Partner,3,251.24,0.10
SL-02-00129,SO-02-00065,2026-02-25,2026-02-26,C00342,P0160,D011,West,Online,3,141.24,0.15
SL-02-00130,SO-02-00065,2026-02-21,2026-02-24,C00134,P0059,D057,South,Store,3,338.99,0.05
SL-02-00131,SO-02-00066,2026-02-17,2026-02-18,C00786,P0219,D060,North,Store,5,137.99,0.15
SL-02-00132,SO-02-00066,2026-02-01,2026-02-04,C00659,P0347,D062,North,Online,4,243.99,0.05
SL-02-00133,SO-02-00067,2026-02-09,,C01054,P0130,D038,North,Online,1,137.24,0.10
SL-02-00134,SO-02-00067,2026-02-05,2026-02-06,C01047,P0292,D108,Central,Partner,4,292.24,0.05
SL-02-00135,SO-02-00068,2026-02-10,2026-02-11,C00397,P0226,D095,South,Store,5,216.74,0.15
SL-02-00136,SO-02-00068,2026-02-23,2026-02-25,C01087,P0125,D083,South,Store,4,80.99,0.05
SL-02-00137,SO-02-00069,2026-02-26,2026-02-28,C00798,P0155,D076,Central,Partner,3,84.99,0.15
SL-02-00138,SO-02-00069,2026-02-23,2026-02-24,C00516,P0090,D062,Central,Online,3,354.24,0.05
SL-02-00139,SO-02-00070,2026-02-26,2026-03-01,C00903,P0230,D006,West,Store,1,261.74,0.10
SL-02-00140,SO-02-00070,2026-02-07,2026-02-15,C00397,P0349,D022,North,Store,3,266.49,0.05
SL-02-00141,SO-02-00071,2026-02-06,2026-02-09,C00455,P0265,D009,Central,Store,4,321.99,0.15
SL-02-00142,SO-02-00071,2026-02-12,2026-02-13,C00468,P0010,D077,South,Online,2,121.24,0.10
SL-02-00143,SO-02-00072,2026-02-24,2026-02-25,C00765,P0343,D003,Central,Store,4,198.99,0.05
SL-02-00144,SO-02-00072,2026-02-02,2026-02-10,C00413,P0055,D058,West,Online,5,293.99,0.10
SL-02-00145,SO-02-00073,2026-02-16,2026-02-19,C00605,P0320,D106,North,Store,2,273.74,0.05
SL-02-00146,SO-02-00073,2026-02-12,2026-02-15,C00287,P0340,D050,South,Partner,1,165.24,0
SL-02-00147,SO-02-00074,2026-02-07,2026-02-14,C00134,P0212,D073,East,Store,4,59.24,0.10
SL-02-00148,SO-02-00074,2026-02-28,2026-03-05,C00238,P0112,D016,Central,Partner,1,268.24,0.15
SL-02-00149,SO-02-00075,2026-02-06,2026-02-10,C00869,P0023,D103,South,Store,1,267.49,0.10
SL-02-00150,SO-02-00075,2026-02-24,2026-02-28,C01058,P0167,D037,Central,Online,2,219.99,0.10
SL-02-00151,SO-02-00076,2026-02-10,2026-02-14,C00491,P0096,D020,South,Partner,5,88.24,0.15
SL-02-00152,SO-02-00076,2026-02-26,2026-02-28,C00637,P0323,D032,South,Store,5,307.49,0.10
SL-02-00153,SO-02-00077,2026-02-14,2026-02-21,C01040,P0151,D001,East,Store,2,39.99,0
SL-02-00154,SO-02-00077,2026-02-01,2026-02-03,C00262,P0350,D086,Central,Partner,2,277.74,0.10
SL-02-00155,SO-02-00078,2026-02-20,,C00540,P0274,D111,West,Partner,2,89.74,0.15
SL-02-00156,SO-02-00078,2026-02-06,2026-02-08,C01366,P0233,D110,Central,Store,3,295.49,0.10
SL-02-00157,SO-02-00079,2026-02-28,2026-03-07,C01095,P0280,D025,West,Store,4,157.24,0
SL-02-00158,SO-02-00079,2026-02-19,2026-02-26,C00276,P0193,D073,North,Online,2,178.99,0.15
SL-02-00159,SO-02-00080,2026-02-02,2026-02-07,C00217,P0007,D110,North,Store,3,87.49,0.05
SL-02-00160,SO-02-00080,2026-02-15,2026-02-17,C00075,P0139,D016,North,Online,1,238.49,0.15
SL-02-00161,SO-02-00081,2026-02-18,2026-02-26,C00990,P0023,D021,West,Store,4,267.49,0
SL-02-00162,SO-02-00081,2026-02-28,2026-03-01,C01016,P0136,D005,South,Partner,4,204.74,0.10
SL-02-00163,SO-02-00082,2026-02-28,2026-03-01,C00216,P0005,D027,West,Store,2,64.99,0.15
SL-02-00164,SO-02-00082,2026-02-10,2026-02-11,C00829,P0089,D086,West,Online,2,342.99,0.15
SL-02-00165,SO-02-00083,2026-02-14,2026-02-16,C01005,P0255,D014,North,Online,3,209.49,0.10
SL-02-00166,SO-02-00083,2026-02-26,2026-03-01,C00328,P0054,D084,North,Online,4,282.74,0
SL-02-00167,SO-02-00084,2026-02-21,2026-02-26,C00885,P0358,D068,East,Online,2,367.74,0.05
SL-02-00168,SO-02-00084,2026-02-10,2026-02-17,C00936,P0063,D038,Central,Store,2,50.49,0.10
SL-02-00169,SO-02-00085,2026-02-22,2026-02-23,C00221,P0168,D039,Central,Online,3,231.24,0.05
SL-02-00170,SO-02-00085,2026-02-11,2026-02-18,C00154,P0062,D063,Central,Online,2,39.24,0.05
SL-02-00171,SO-02-00086,2026-02-26,2026-03-03,C00781,P0291,D024,North,Partner,1,280.99,0.15
SL-02-00172,SO-02-00086,2026-02-24,2026-02-28,C00746,P0275,D030,Central,Partner,5,100.99,0
SL-02-00173,SO-02-00087,2026-02-26,2026-03-06,C00573,P0171,D044,West,Partner,2,264.99,0.05
SL-02-00174,SO-02-00087,2026-02-03,2026-02-10,C00193,P0345,D027,Central,Partner,1,221.49,0
SL-02-00175,SO-02-00088,2026-02-05,2026-02-12,C00229,P0245,D092,Central,Online,4,96.99,0
SL-02-00176,SO-02-00088,2026-02-12,2026-02-14,C00576,P0297,D041,North,Partner,3,348.49,0.15
SL-02-00177,SO-02-00089,2026-02-23,,C00240,P0222,D019,North,Partner,1,171.74,0.10
SL-02-00178,SO-02-00089,2026-02-08,2026-02-09,C00432,P0332,D055,West,Online,2,75.24,0
SL-02-00179,SO-02-00090,2026-02-24,2026-03-04,C00509,P0004,D026,South,Online,1,53.74,0.05
SL-02-00180,SO-02-00090,2026-02-01,2026-02-08,C00673,P0002,D066,North,Store,2,31.24,0.10
SL-02-00181,SO-02-00091,2026-02-27,2026-03-05,C00254,P0254,D102,Central,Store,2,198.24,0.15
SL-02-00182,SO-02-00091,2026-02-28,2026-03-06,C00103,P0328,D094,Central,Online,2,363.74,0.05
SL-02-00183,SO-02-00092,2026-02-27,2026-03-03,C00446,P0197,D051,East,Online,3,223.99,0.05
SL-02-00184,SO-02-00092,2026-02-14,2026-02-17,C01009,P0057,D049,Central,Partner,1,316.49,0
SL-02-00185,SO-02-00093,2026-02-11,2026-02-15,C00217,P0094,D010,South,Partner,1,65.74,0.10
SL-02-00186,SO-02-00093,2026-02-10,2026-02-17,C00871,P0200,D058,West,Store,4,257.74,0.15
SL-02-00187,SO-02-00094,2026-02-05,2026-02-11,C01357,P0067,D008,South,Partner,2,95.49,0.05
SL-02-00188,SO-02-00094,2026-02-04,2026-02-06,C01013,P0171,D070,West,Partner,1,264.99,0.05
SL-02-00189,SO-02-00095,2026-02-19,2026-02-21,C00238,P0281,D092,South,Online,3,168.49,0
SL-02-00190,SO-02-00095,2026-02-28,2026-03-02,C00002,P0100,D010,Central,Partner,2,133.24,0
SL-02-00191,SO-02-00096,2026-02-25,2026-02-28,C00862,P0100,D007,South,Partner,2,133.24,0.15
SL-02-00192,SO-02-00096,2026-02-14,2026-02-21,C00209,P0180,D017,East,Store,2,366.24,0.05
SL-02-00193,SO-02-00097,2026-02-10,2026-02-18,C00084,P0286,D041,North,Online,3,224.74,0.15
SL-02-00194,SO-02-00097,2026-02-05,2026-02-07,C00601,P0290,D004,East,Store,5,269.74,0.10
SL-02-00195,SO-02-00098,2026-02-03,2026-02-07,C00635,P0030,D040,West,Store,1,346.24,0.05
SL-02-00196,SO-02-00098,2026-02-01,2026-02-05,C00962,P0061,D045,East,Partner,2,27.99,0
SL-02-00197,SO-02-00099,2026-02-27,2026-03-06,C00200,P0289,D028,South,Online,3,258.49,0.05
SL-02-00198,SO-02-00099,2026-02-06,2026-02-11,C00631,P0113,D055,South,Partner,3,279.49,0.10
SL-02-00199,SO-02-00100,2026-02-14,,C00376,P0021,D104,South,Store,4,244.99,0.10
SL-02-00200,SO-02-00100,2026-02-13,2026-02-15,C00007,P0275,D082,North,Store,5,100.99,0.10
SL-02-00201,SO-02-00101,2026-02-13,2026-02-19,C00698,P0357,D106,North,Store,5,356.49,0.05
SL-02-00202,SO-02-00101,2026-02-09,2026-02-17,C00512,P0345,D081,East,Online,5,221.49,0
SL-02-00203,SO-02-00102,2026-02-14,2026-02-15,C00705,P0317,D058,North,Partner,4,239.99,0.10
SL-02-00204,SO-02-00102,2026-02-10,2026-02-15,C00476,P0179,D084,Central,Store,3,354.99,0
SL-02-00205,SO-02-00103,2026-02-07,2026-02-11,C01032,P0170,D061,South,Store,5,253.74,0.15
SL-02-00206,SO-02-00103,2026-02-25,2026-03-01,C00494,P0158,D069,Central,Partner,5,118.74,0.10
SL-02-00207,SO-02-00104,2026-02-22,2026-02-24,C00003,P0186,D074,West,Online,4,100.24,0.05
SL-02-00208,SO-02-00104,2026-02-03,2026-02-07,C00840,P0013,D038,East,Store,2,154.99,0.05
SL-02-00209,SO-02-00105,2026-02-10,2026-02-11,C00162,P0047,D102,West,Online,3,203.99,0.15
SL-02-00210,SO-02-00105,2026-02-14,2026-02-16,C00918,P0216,D087,South,Online,1,104.24,0.05
SL-02-00211,SO-02-00106,2026-02-26,2026-03-04,C00092,P0168,D018,North,Online,4,231.24,0.10
SL-02-00212,SO-02-00106,2026-02-26,2026-03-06,C01087,P0246,D063,South,Store,2,108.24,0
SL-02-00213,SO-02-00107,2026-02-27,2026-03-03,C00237,P0107,D089,North,Online,1,211.99,0.10
SL-02-00214,SO-02-00107,2026-02-28,2026-03-01,C00513,P0229,D102,East,Partner,1,250.49,0
SL-02-00215,SO-02-00108,2026-02-10,2026-02-12,C01003,P0223,D078,East,Partner,3,182.99,0.15
SL-02-00216,SO-02-00108,2026-02-20,2026-02-24,C00725,P0252,D090,South,Online,2,175.74,0
SL-02-00217,SO-02-00109,2026-02-28,2026-03-07,C00894,P0114,D056,East,Store,3,290.74,0
SL-02-00218,SO-02-00109,2026-02-04,2026-02-09,C01368,P0022,D045,West,Partner,2,256.24,0.10
SL-02-00219,SO-02-00110,2026-02-11,2026-02-16,C00597,P0217,D028,East,Online,4,115.49,0.15
SL-02-00220,SO-02-00110,2026-02-10,2026-02-16,C00544,P0126,D024,East,Store,4,92.24,0.05
SL-02-00221,SO-02-00111,2026-02-27,,C00306,P0091,D072,North,Online,2,31.99,0.10
SL-02-00222,SO-02-00111,2026-02-22,2026-02-24,C00046,P0025,D081,East,Partner,3,289.99,0.10
SL-02-00223,SO-02-00112,2026-02-16,2026-02-21,C00554,P0328,D008,East,Store,5,363.74,0.05
SL-02-00224,SO-02-00112,2026-02-19,2026-02-20,C00768,P0030,D080,South,Store,3,346.24,0.05
SL-02-00225,SO-02-00113,2026-02-04,2026-02-07,C00029,P0197,D003,Central,Partner,5,223.99,0.05
SL-02-00226,SO-02-00113,2026-02-05,2026-02-10,C00594,P0084,D087,North,Store,4,286.74,0.10
SL-02-00227,SO-02-00114,2026-02-24,2026-03-04,C00634,P0119,D102,Central,Store,1,346.99,0.05
SL-02-00228,SO-02-00114,2026-02-08,2026-02-14,C00430,P0102,D070,East,Partner,1,155.74,0.15
SL-02-00229,SO-02-00115,2026-02-25,2026-02-27,C00226,P0024,D026,South,Store,1,278.74,0.15
SL-02-00230,SO-02-00115,2026-02-08,2026-02-11,C00117,P0122,D061,East,Online,3,47.24,0
SL-02-00231,SO-02-00116,2026-02-13,2026-02-14,C00692,P0094,D042,Central,Store,3,65.74,0.10
SL-02-00232,SO-02-00116,2026-02-11,2026-02-18,C00572,P0325,D086,Central,Partner,1,329.99,0.05
SL-02-00233,SO-02-00117,2026-02-09,2026-02-10,C00715,P0036,D003,North,Partner,1,80.24,0.15
SL-02-00234,SO-02-00117,2026-02-03,2026-02-04,C00567,P0258,D035,West,Store,2,243.24,0.10
SL-02-00235,SO-02-00118,2026-02-20,2026-02-25,C00707,P0287,D053,South,Online,3,235.99,0
SL-02-00236,SO-02-00118,2026-02-28,2026-03-04,C00769,P0233,D016,East,Partner,1,295.49,0.10
SL-02-00237,SO-02-00119,2026-02-14,2026-02-18,C00459,P0222,D037,East,Online,4,171.74,0.15
SL-02-00238,SO-02-00119,2026-02-21,2026-02-22,C00212,P0011,D065,North,Store,1,132.49,0.05
SL-02-00239,SO-02-00120,2026-02-17,2026-02-22,C01097,P0284,D053,East,Partner,5,202.24,0.05
SL-02-00240,SO-02-00120,2026-02-15,2026-02-16,C00372,P0358,D100,West,Partner,4,367.74,0.15
SL-02-00241,SO-02-00121,2026-02-02,2026-02-06,C00263,P0176,D091,North,Partner,5,321.24,0.15
SL-02-00242,SO-02-00121,2026-02-27,2026-02-28,C00809,P0004,D030,East,Online,3,53.74,0.05
SL-02-00243,SO-02-00122,2026-02-01,,C00497,P0047,D107,Central,Online,5,203.99,0.15
SL-02-00244,SO-02-00122,2026-02-01,2026-02-03,C00223,P0017,D036,South,Online,4,199.99,0.05
SL-02-00245,SO-02-00123,2026-02-16,2026-02-20,C00451,P0068,D001,South,Store,5,106.74,0.15
SL-02-00246,SO-02-00123,2026-02-23,2026-03-03,C00900,P0135,D020,Central,Online,1,193.49,0.15
SL-02-00247,SO-02-00124,2026-02-27,2026-03-06,C01087,P0326,D078,South,Online,5,341.24,0.15
SL-02-00248,SO-02-00124,2026-02-07,2026-02-11,C00114,P0039,D092,Central,Partner,4,113.99,0
SL-02-00249,SO-02-00125,2026-02-20,2026-02-21,C01359,P0222,D069,West,Partner,2,171.74,0.15
SL-02-00250,SO-02-00125,2026-02-14,2026-02-18,C00358,P0289,D096,South,Online,1,258.49,0.10
SL-02-00251,SO-02-00126,2026-02-24,2026-02-28,C00907,P0236,D008,Central,Partner,1,329.24,0
SL-02-00252,SO-02-00126,2026-02-12,2026-02-14,C00141,P0031,D011,East,Partner,4,23.99,0.05
SL-02-00253,SO-02-00127,2026-02-21,2026-02-28,C00218,P0102,D073,North,Online,4,155.74,0
SL-02-00254,SO-02-00127,2026-02-24,2026-02-27,C00274,P0159,D102,Central,Store,1,129.99,0.05
SL-02-00255,SO-02-00128,2026-02-09,2026-02-14,C00166,P0229,D048,South,Partner,1,250.49,0.15
SL-02-00256,SO-02-00128,2026-02-24,2026-02-25,C01042,P0308,D041,Central,Store,3,138.74,0.10
SL-02-00257,SO-02-00129,2026-02-09,2026-02-11,C00745,P0262,D109,Central,Partner,4,288.24,0
SL-02-00258,SO-02-00129,2026-02-24,2026-03-03,C00532,P0193,D009,South,Online,3,178.99,0.10
SL-02-00259,SO-02-00130,2026-02-10,2026-02-11,C00349,P0033,D064,South,Store,3,46.49,0
SL-02-00260,SO-02-00130,2026-02-10,2026-02-12,C00617,P0212,D076,East,Store,3,59.24,0
SL-02-00261,SO-02-00131,2026-02-06,2026-02-13,C00673,P0144,D106,South,Store,2,294.74,0.10
SL-02-00262,SO-02-00131,2026-02-10,2026-02-13,C00808,P0032,D048,East,Store,1,35.24,0.10
SL-02-00263,SO-02-00132,2026-02-18,2026-02-19,C00793,P0229,D080,South,Online,2,250.49,0.15
SL-02-00264,SO-02-00132,2026-02-21,2026-02-22,C00217,P0342,D074,East,Store,2,187.74,0.05
SL-02-00265,SO-02-00133,2026-02-11,,C00984,P0047,D021,East,Online,1,203.99,0.15
SL-02-00266,SO-02-00133,2026-02-20,2026-02-23,C00212,P0176,D061,East,Partner,2,321.24,0.05
SL-02-00267,SO-02-00134,2026-02-16,2026-02-23,C00713,P0018,D109,South,Store,1,211.24,0
SL-02-00268,SO-02-00134,2026-02-10,2026-02-15,C00906,P0083,D064,West,Partner,4,275.49,0.10
SL-02-00269,SO-02-00135,2026-02-18,2026-02-25,C00873,P0110,D090,Central,Online,2,245.74,0
SL-02-00270,SO-02-00135,2026-02-10,2026-02-15,C00814,P0142,D041,South,Online,4,272.24,0.05
SL-02-00271,SO-02-00136,2026-02-05,2026-02-10,C00976,P0029,D095,North,Partner,5,334.99,0.10
SL-02-00272,SO-02-00136,2026-02-16,2026-02-23,C00590,P0161,D033,North,Online,3,152.49,0.10
SL-02-00273,SO-02-00137,2026-02-12,2026-02-19,C00620,P0242,D071,Central,Store,5,63.24,0.15
SL-02-00274,SO-02-00137,2026-02-26,2026-03-03,C00299,P0190,D104,West,Online,3,145.24,0
SL-02-00275,SO-02-00138,2026-02-25,2026-03-04,C00760,P0144,D093,South,Online,3,294.74,0.15
SL-02-00276,SO-02-00138,2026-02-06,2026-02-11,C00768,P0141,D076,East,Online,5,260.99,0.10
SL-02-00277,SO-02-00139,2026-02-14,2026-02-19,C00803,P0267,D108,West,Partner,2,344.49,0.15
SL-02-00278,SO-02-00139,2026-02-25,2026-03-01,C00559,P0063,D063,North,Store,4,50.49,0.15
SL-02-00279,SO-02-00140,2026-02-06,2026-02-08,C01047,P0241,D094,West,Partner,1,51.99,0
SL-02-00280,SO-02-00140,2026-02-16,2026-02-21,C01370,P0312,D091,North,Store,5,183.74,0.15
SL-02-00281,SO-02-00141,2026-02-25,2026-02-26,C00447,P0066,D045,Central,Partner,1,84.24,0.10
SL-02-00282,SO-02-00141,2026-02-08,2026-02-10,C00560,P0062,D094,North,Online,3,39.24,0
SL-02-00283,SO-02-00142,2026-02-05,2026-02-08,C00863,P0214,D067,East,Store,5,81.74,0.05
SL-02-00284,SO-02-00142,2026-02-03,2026-02-08,C00190,P0351,D033,West,Store,2,288.99,0
SL-02-00285,SO-02-00143,2026-02-17,2026-02-18,C00769,P0047,D090,North,Store,5,203.99,0.05
SL-02-00286,SO-02-00143,2026-02-10,2026-02-18,C00065,P0199,D003,East,Store,3,246.49,0.10
SL-02-00287,SO-02-00144,2026-02-03,,C00456,P0248,D108,East,Partner,2,130.74,0.15
SL-02-00288,SO-02-00144,2026-02-15,2026-02-18,C00133,P0279,D071,East,Online,4,145.99,0.15
SL-02-00289,SO-02-00145,2026-02-05,2026-02-06,C01024,P0359,D005,East,Store,2,378.99,0
SL-02-00290,SO-02-00145,2026-02-04,2026-02-07,C00736,P0179,D063,East,Partner,2,354.99,0.05
SL-02-00291,SO-02-00146,2026-02-14,2026-02-16,C00707,P0092,D051,East,Online,4,43.24,0.10
SL-02-00292,SO-02-00146,2026-02-06,2026-02-14,C00101,P0112,D093,West,Online,1,268.24,0.05
SL-02-00293,SO-02-00147,2026-02-15,2026-02-16,C00393,P0333,D078,North,Online,1,86.49,0
SL-02-00294,SO-02-00147,2026-02-26,2026-03-02,C00251,P0141,D019,East,Online,4,260.99,0.10
SL-02-00295,SO-02-00148,2026-02-08,2026-02-10,C00924,P0118,D002,Central,Store,4,335.74,0.05
SL-02-00296,SO-02-00148,2026-02-02,2026-02-04,C00950,P0231,D017,Central,Partner,2,272.99,0.15
SL-02-00297,SO-02-00149,2026-02-06,2026-02-11,C00670,P0025,D061,Central,Store,4,289.99,0.15
SL-02-00298,SO-02-00149,2026-02-19,2026-02-26,C00427,P0297,D056,Central,Online,4,348.49,0.15
SL-02-00299,SO-02-00150,2026-02-09,2026-02-11,C00862,P0233,D059,Central,Store,3,295.49,0
SL-02-00300,SO-02-00150,2026-02-28,2026-03-01,C00409,P0310,D030,Central,Store,1,161.24,0
SL-02-00301,SO-02-00151,2026-02-01,2026-02-03,C00449,P0026,D044,South,Partner,1,301.24,0.10
SL-02-00302,SO-02-00151,2026-02-09,2026-02-15,C00105,P0134,D002,West,Partner,1,182.24,0.10
SL-02-00303,SO-02-00152,2026-02-07,2026-02-08,C00166,P0166,D069,South,Store,5,208.74,0.10
SL-02-00304,SO-02-00152,2026-02-12,2026-02-16,C00395,P0169,D048,East,Online,5,242.49,0.05
SL-02-00305,SO-02-00153,2026-02-18,2026-02-24,C01067,P0318,D060,South,Partner,4,251.24,0
SL-02-00306,SO-02-00153,2026-02-09,2026-02-10,C00126,P0180,D031,South,Partner,5,366.24,0.15
SL-02-00307,SO-02-00154,2026-02-04,2026-02-11,C00364,P0128,D082,Central,Store,2,114.74,0.10
SL-02-00308,SO-02-00154,2026-02-21,2026-02-28,C00026,P0296,D107,West,Partner,1,337.24,0.05
SL-02-00309,SO-02-00155,2026-02-26,,C00231,P0238,D090,Central,Online,2,351.74,0.15
SL-02-00310,SO-02-00155,2026-02-26,2026-03-06,C00469,P0055,D056,East,Online,3,293.99,0.10
SL-02-00311,SO-02-00156,2026-02-25,2026-02-27,C01361,P0051,D029,East,Partner,4,248.99,0.10
SL-02-00312,SO-02-00156,2026-02-02,2026-02-03,C00285,P0187,D067,East,Store,2,111.49,0.15
SL-02-00313,SO-02-00157,2026-02-07,2026-02-14,C00478,P0061,D100,North,Partner,4,27.99,0.10
SL-02-00314,SO-02-00157,2026-02-17,2026-02-25,C00834,P0135,D110,East,Online,5,193.49,0.10
SL-02-00315,SO-02-00158,2026-02-02,2026-02-09,C00988,P0178,D066,North,Online,3,343.74,0
SL-02-00316,SO-02-00158,2026-02-13,2026-02-14,C00230,P0079,D023,West,Online,3,230.49,0.15
SL-02-00317,SO-02-00159,2026-02-17,2026-02-25,C01019,P0157,D073,East,Partner,4,107.49,0.15
SL-02-00318,SO-02-00159,2026-02-16,2026-02-17,C00646,P0034,D042,West,Partner,1,57.74,0.15
SL-02-00319,SO-02-00160,2026-02-24,2026-03-04,C00854,P0241,D013,North,Partner,2,51.99,0.10
SL-02-00320,SO-02-00160,2026-02-16,2026-02-21,C00368,P0354,D038,West,Partner,5,322.74,0.15
SL-02-00321,SO-02-00161,2026-02-07,2026-02-08,C00330,P0270,D014,East,Online,4,378.24,0.15
SL-02-00322,SO-02-00161,2026-02-11,2026-02-12,C00880,P0027,D097,East,Partner,4,312.49,0.15
SL-02-00323,SO-02-00162,2026-02-24,2026-02-27,C00411,P0283,D022,East,Partner,2,190.99,0.05
SL-02-00324,SO-02-00162,2026-02-18,2026-02-23,C00786,P0350,D017,East,Store,2,277.74,0.10
SL-02-00325,SO-02-00163,2026-02-15,2026-02-21,C01008,P0264,D093,East,Partner,5,310.74,0.10
SL-02-00326,SO-02-00163,2026-02-10,2026-02-13,C00940,P0023,D025,Central,Online,1,267.49,0.15
SL-02-00327,SO-02-00164,2026-02-17,2026-02-18,C00475,P0018,D058,Central,Partner,3,211.24,0
SL-02-00328,SO-02-00164,2026-02-23,2026-02-24,C00780,P0300,D082,North,Online,4,382.24,0.15
SL-02-00329,SO-02-00165,2026-02-11,2026-02-17,C00231,P0281,D013,South,Partner,1,168.49,0.05
SL-02-00330,SO-02-00165,2026-02-16,2026-02-17,C00805,P0328,D109,North,Store,4,363.74,0
SL-02-00331,SO-02-00166,2026-02-05,,C00329,P0041,D093,East,Store,2,136.49,0.15
SL-02-00332,SO-02-00166,2026-02-09,2026-02-10,C00419,P0208,D085,Central,Online,1,347.74,0.15
SL-02-00333,SO-02-00167,2026-02-02,2026-02-10,C00672,P0319,D009,Central,Online,3,262.49,0.10
SL-02-00334,SO-02-00167,2026-02-15,2026-02-19,C00194,P0083,D072,Central,Store,5,275.49,0.10
SL-02-00335,SO-02-00168,2026-02-26,2026-02-28,C00685,P0055,D045,South,Partner,4,293.99,0.10
SL-02-00336,SO-02-00168,2026-02-04,2026-02-09,C00257,P0051,D050,North,Partner,1,248.99,0
SL-02-00337,SO-02-00169,2026-02-24,2026-02-28,C00896,P0281,D076,East,Partner,3,168.49,0.15
SL-02-00338,SO-02-00169,2026-02-06,2026-02-13,C00032,P0029,D052,West,Partner,4,334.99,0.10
SL-02-00339,SO-02-00170,2026-02-05,2026-02-06,C00471,P0144,D098,East,Online,1,294.74,0.10
SL-02-00340,SO-02-00170,2026-02-08,2026-02-09,C00256,P0043,D076,South,Partner,1,158.99,0.15
SL-02-00341,SO-02-00171,2026-02-22,2026-02-26,C00566,P0085,D112,West,Partner,5,297.99,0
SL-02-00342,SO-02-00171,2026-02-05,2026-02-07,C01352,P0322,D027,Central,Store,4,296.24,0.15
SL-02-00343,SO-02-00172,2026-02-01,2026-02-03,C00718,P0139,D033,North,Store,4,238.49,0.10
SL-02-00344,SO-02-00172,2026-02-07,2026-02-08,C00825,P0080,D052,West,Store,3,241.74,0
SL-02-00345,SO-02-00173,2026-02-14,2026-02-15,C00729,P0103,D109,East,Store,4,166.99,0.10
SL-02-00346,SO-02-00173,2026-02-10,2026-02-14,C00883,P0018,D040,North,Online,2,211.24,0
SL-02-00347,SO-02-00174,2026-02-24,2026-03-01,C00892,P0025,D078,West,Store,1,289.99,0.05
SL-02-00348,SO-02-00174,2026-02-10,2026-02-18,C00737,P0087,D048,East,Store,4,320.49,0
SL-02-00349,SO-02-00175,2026-02-19,2026-02-23,C00209,P0118,D051,East,Store,4,335.74,0.10
SL-02-00350,SO-02-00175,2026-02-25,2026-03-04,C00452,P0309,D018,North,Store,5,149.99,0.15
SL-02-00351,SO-02-00176,2026-02-07,2026-02-11,C00101,P0196,D015,West,Online,3,212.74,0
SL-02-00352,SO-02-00176,2026-02-13,2026-02-20,C00591,P0341,D043,Central,Partner,5,176.49,0.15
SL-02-00353,SO-02-00177,2026-02-07,,C00716,P0149,D003,South,Online,1,350.99,0.15
SL-02-00354,SO-02-00177,2026-02-16,2026-02-21,C00110,P0272,D028,North,Online,4,67.24,0.15
SL-02-00355,SO-02-00178,2026-02-21,2026-02-22,C00638,P0189,D078,West,Store,4,133.99,0.15
SL-02-00356,SO-02-00178,2026-02-04,2026-02-08,C00784,P0026,D051,West,Store,4,301.24,0.15
SL-02-00357,SO-02-00179,2026-02-10,2026-02-14,C00048,P0123,D018,Central,Store,2,58.49,0
SL-02-00358,SO-02-00179,2026-02-19,2026-02-21,C00171,P0081,D070,Central,Store,3,252.99,0.10
SL-02-00359,SO-02-00180,2026-02-05,2026-02-07,C00615,P0272,D022,West,Store,5,67.24,0.10
SL-02-00360,SO-02-00180,2026-02-16,2026-02-24,C01031,P0253,D050,West,Online,5,186.99,0
SL-02-00361,SO-02-00181,2026-02-21,2026-02-26,C00863,P0036,D043,North,Partner,1,80.24,0.05
SL-02-00362,SO-02-00181,2026-02-11,2026-02-16,C00202,P0032,D031,North,Online,5,35.24,0.15
SL-02-00363,SO-02-00182,2026-02-06,2026-02-10,C01025,P0299,D025,North,Online,3,370.99,0.15
SL-02-00364,SO-02-00182,2026-02-27,2026-03-01,C00309,P0116,D093,West,Store,3,313.24,0.10
SL-02-00365,SO-02-00183,2026-02-07,2026-02-14,C00480,P0113,D059,South,Store,3,279.49,0.15
SL-02-00366,SO-02-00183,2026-02-06,2026-02-11,C01028,P0029,D044,North,Partner,5,334.99,0.10
SL-02-00367,SO-02-00184,2026-02-24,2026-02-28,C00350,P0359,D099,North,Partner,5,378.99,0.05
SL-02-00368,SO-02-00184,2026-02-16,2026-02-22,C01099,P0007,D043,East,Online,2,87.49,0.05
SL-02-00369,SO-02-00185,2026-02-23,2026-02-28,C00890,P0313,D080,North,Partner,3,194.99,0
SL-02-00370,SO-02-00185,2026-02-09,2026-02-15,C00760,P0267,D033,North,Partner,5,344.49,0
SL-02-00371,SO-02-00186,2026-02-01,2026-02-03,C00016,P0052,D034,West,Partner,4,260.24,0.15
SL-02-00372,SO-02-00186,2026-02-04,2026-02-12,C00570,P0303,D040,North,Online,3,82.49,0.05
SL-02-00373,SO-02-00187,2026-02-05,2026-02-11,C01363,P0222,D040,West,Online,3,171.74,0.05
SL-02-00374,SO-02-00187,2026-02-23,2026-02-24,C00950,P0262,D055,Central,Online,4,288.24,0.10
SL-02-00375,SO-02-00188,2026-02-05,,C00707,P0345,D074,East,Store,2,221.49,0.15
SL-02-00376,SO-02-00188,2026-02-12,2026-02-13,C00835,P0335,D094,East,Online,2,108.99,0
SL-02-00377,SO-02-00189,2026-02-26,2026-03-05,C00053,P0179,D106,South,Partner,4,354.99,0
SL-02-00378,SO-02-00189,2026-02-06,2026-02-13,C00663,P0317,D075,West,Store,1,239.99,0.10
SL-02-00379,SO-02-00190,2026-02-18,2026-02-20,C00738,P0116,D092,Central,Partner,3,313.24,0
SL-02-00380,SO-02-00190,2026-02-03,2026-02-08,C00868,P0039,D100,East,Online,5,113.99,0.15
SL-02-00381,SO-02-00191,2026-02-23,2026-02-28,C00482,P0091,D092,North,Online,2,31.99,0
SL-02-00382,SO-02-00191,2026-02-02,2026-02-03,C00309,P0307,D079,Central,Store,4,127.49,0.10
SL-02-00383,SO-02-00192,2026-02-09,2026-02-15,C00778,P0131,D005,South,Partner,4,148.49,0.15
SL-02-00384,SO-02-00192,2026-02-18,2026-02-23,C00590,P0155,D017,West,Partner,1,84.99,0.05
SL-02-00385,SO-02-00193,2026-02-08,2026-02-09,C00023,P0255,D089,West,Partner,2,209.49,0
SL-02-00386,SO-02-00193,2026-02-19,2026-02-21,C00602,P0020,D053,South,Store,3,233.74,0.15
SL-02-00387,SO-02-00194,2026-02-07,2026-02-15,C00116,P0016,D058,South,Partner,5,188.74,0.10
SL-02-00388,SO-02-00194,2026-02-05,2026-02-11,C00264,P0060,D108,Central,Store,3,350.24,0.10
SL-02-00389,SO-02-00195,2026-02-22,2026-02-25,C00055,P0202,D075,East,Store,4,280.24,0.10
SL-02-00390,SO-02-00195,2026-02-13,2026-02-20,C00464,P0163,D082,Central,Partner,1,174.99,0
SL-02-00391,SO-02-00196,2026-02-20,2026-02-28,C01015,P0195,D018,Central,Online,1,201.49,0.10
SL-02-00392,SO-02-00196,2026-02-09,2026-02-15,C01091,P0001,D084,North,Online,4,19.99,0.05
SL-02-00393,SO-02-00197,2026-02-06,2026-02-12,C00059,P0345,D058,West,Online,3,221.49,0.10
SL-02-00394,SO-02-00197,2026-02-28,2026-03-01,C00385,P0195,D075,South,Online,3,201.49,0.15
SL-02-00395,SO-02-00198,2026-02-12,2026-02-20,C00951,P0204,D095,East,Partner,3,302.74,0
SL-02-00396,SO-02-00198,2026-02-05,2026-02-07,C01031,P0310,D019,Central,Online,1,161.24,0
SL-02-00397,SO-02-00199,2026-02-12,,C00476,P0079,D023,West,Online,1,230.49,0
SL-02-00398,SO-02-00199,2026-02-24,2026-03-01,C00128,P0220,D017,South,Store,1,149.24,0.10
SL-02-00399,SO-02-00200,2026-02-05,2026-02-13,C00783,P0238,D104,South,Store,5,351.74,0.05
SL-02-00400,SO-02-00200,2026-02-25,2026-03-03,C01061,P0102,D031,East,Store,5,155.74,0.05
SL-02-00401,SO-02-00201,2026-02-07,2026-02-12,C00616,P0316,D111,Central,Online,5,228.74,0.05
SL-02-00402,SO-02-00201,2026-02-23,2026-02-24,C00400,P0306,D080,East,Store,1,116.24,0
SL-02-00403,SO-02-00202,2026-02-15,2026-02-19,C00410,P0239,D103,East,Online,3,362.99,0
SL-02-00404,SO-02-00202,2026-02-25,2026-02-26,C01354,P0295,D099,Central,Partner,3,325.99,0.05
SL-02-00405,SO-02-00203,2026-02-09,2026-02-13,C00572,P0188,D014,East,Partner,5,122.74,0.15
SL-02-00406,SO-02-00203,2026-02-28,2026-03-07,C00640,P0194,D052,Central,Partner,4,190.24,0
SL-02-00407,SO-02-00204,2026-02-14,2026-02-16,C01075,P0046,D079,North,Online,4,192.74,0
SL-02-00408,SO-02-00204,2026-02-20,2026-02-28,C00716,P0301,D027,North,Online,4,59.99,0
SL-02-00409,SO-02-00205,2026-02-09,2026-02-15,C00750,P0083,D110,South,Partner,3,275.49,0.05
SL-02-00410,SO-02-00205,2026-02-20,2026-02-26,C00267,P0312,D112,South,Partner,3,183.74,0
SL-02-00411,SO-02-00206,2026-02-04,2026-02-07,C00754,P0338,D060,South,Online,2,142.74,0
SL-02-00412,SO-02-00206,2026-02-09,2026-02-10,C00613,P0264,D060,Central,Partner,2,310.74,0
SL-02-00413,SO-02-00207,2026-02-22,2026-02-25,C00030,P0294,D094,Central,Online,5,314.74,0.15
SL-02-00414,SO-02-00207,2026-02-22,2026-02-25,C00897,P0230,D020,North,Store,3,261.74,0
SL-02-00415,SO-02-00208,2026-02-10,2026-02-14,C00460,P0013,D073,Central,Store,3,154.99,0
SL-02-00416,SO-02-00208,2026-02-15,2026-02-16,C00781,P0190,D082,North,Partner,3,145.24,0.05
SL-02-00417,SO-02-00209,2026-02-06,2026-02-14,C00525,P0289,D005,South,Partner,4,258.49,0.15
SL-02-00418,SO-02-00209,2026-02-19,2026-02-27,C00230,P0193,D041,North,Online,3,178.99,0.15
SL-02-00419,SO-02-00210,2026-02-15,,C00855,P0011,D112,West,Partner,5,132.49,0.10
SL-02-00420,SO-02-00210,2026-02-19,2026-02-27,C01041,P0102,D048,West,Partner,1,155.74,0
SL-02-00421,SO-02-00211,2026-02-28,2026-03-06,C00746,P0161,D053,Central,Online,5,152.49,0.15
SL-02-00422,SO-02-00211,2026-02-18,2026-02-26,C00539,P0356,D110,East,Partner,1,345.24,0.15
SL-02-00423,SO-02-00212,2026-02-26,2026-03-04,C00914,P0227,D033,Central,Partner,3,227.99,0.15
SL-02-00424,SO-02-00212,2026-02-05,2026-02-13,C00276,P0022,D100,East,Store,5,256.24,0.10
SL-02-00425,SO-02-00213,2026-02-18,2026-02-19,C00863,P0036,D073,West,Partner,1,80.24,0.15
SL-02-00426,SO-02-00213,2026-02-06,2026-02-07,C00275,P0087,D021,West,Partner,5,320.49,0
SL-02-00427,SO-02-00214,2026-02-19,2026-02-23,C00006,P0012,D094,West,Store,1,143.74,0.15
SL-02-00428,SO-02-00214,2026-02-06,2026-02-13,C00621,P0236,D057,West,Partner,2,329.24,0.10
SL-02-00429,SO-02-00215,2026-02-14,2026-02-16,C00914,P0258,D048,North,Partner,2,243.24,0.15
SL-02-00430,SO-02-00215,2026-02-02,2026-02-06,C00192,P0357,D015,West,Store,1,356.49,0
SL-02-00431,SO-02-00216,2026-02-12,2026-02-19,C01013,P0002,D103,West,Store,4,31.24,0.10
SL-02-00432,SO-02-00216,2026-02-19,2026-02-22,C00002,P0356,D050,South,Online,4,345.24,0.05
SL-02-00433,SO-02-00217,2026-02-08,2026-02-12,C00339,P0079,D076,West,Partner,1,230.49,0
SL-02-00434,SO-02-00217,2026-02-05,2026-02-06,C00938,P0310,D066,Central,Online,5,161.24,0
SL-02-00435,SO-02-00218,2026-02-08,2026-02-15,C01365,P0165,D100,East,Store,1,197.49,0.10
SL-02-00436,SO-02-00218,2026-02-27,2026-03-06,C00456,P0157,D019,South,Online,2,107.49,0.15
SL-02-00437,SO-02-00219,2026-02-15,2026-02-16,C00137,P0161,D092,Central,Partner,4,152.49,0.05
SL-02-00438,SO-02-00219,2026-02-25,2026-03-05,C01086,P0267,D051,West,Store,5,344.49,0.15
SL-02-00439,SO-02-00220,2026-02-04,2026-02-09,C00298,P0326,D106,South,Online,4,341.24,0.15
SL-02-00440,SO-02-00220,2026-02-15,2026-02-19,C00182,P0343,D093,East,Online,4,198.99,0.15
SL-02-00441,SO-02-00221,2026-02-13,,C00432,P0211,D028,Central,Online,2,47.99,0.05
SL-02-00442,SO-02-00221,2026-02-24,2026-02-26,C00640,P0356,D002,Central,Store,4,345.24,0.10
SL-02-00443,SO-02-00222,2026-02-08,2026-02-14,C00608,P0174,D040,East,Store,5,298.74,0.10
SL-02-00444,SO-02-00222,2026-02-20,2026-02-25,C00530,P0129,D070,West,Partner,4,125.99,0.05
SL-02-00445,SO-02-00223,2026-02-17,2026-02-19,C00337,P0188,D059,West,Partner,1,122.74,0.05
SL-02-00446,SO-02-00223,2026-02-07,2026-02-15,C00121,P0238,D084,North,Online,2,351.74,0.05
SL-02-00447,SO-02-00224,2026-02-21,2026-02-25,C00200,P0010,D069,North,Store,5,121.24,0.15
SL-02-00448,SO-02-00224,2026-02-01,2026-02-04,C00427,P0327,D038,North,Online,3,352.49,0.10
SL-02-00449,SO-02-00225,2026-02-10,2026-02-15,C00606,P0155,D107,South,Store,3,84.99,0.10
SL-02-00450,SO-02-00225,2026-02-18,2026-02-21,C00377,P0051,D037,North,Online,1,248.99,0.15
SL-02-00451,SO-02-00226,2026-02-28,2026-03-01,C00716,P0254,D047,East,Store,5,198.24,0
SL-02-00452,SO-02-00226,2026-02-07,2026-02-11,C00820,P0090,D029,West,Store,2,354.24,0.15
SL-02-00453,SO-02-00227,2026-02-25,2026-03-01,C00632,P0002,D109,West,Partner,4,31.24,0.15
SL-02-00454,SO-02-00227,2026-02-20,2026-02-21,C00393,P0330,D071,South,Partner,3,386.24,0.10
SL-02-00455,SO-02-00228,2026-02-21,2026-03-01,C00529,P0258,D082,East,Online,1,243.24,0.10
SL-02-00456,SO-02-00228,2026-02-12,2026-02-13,C00668,P0244,D012,South,Partner,3,85.74,0
SL-02-00457,SO-02-00229,2026-02-23,2026-03-02,C00941,P0218,D012,South,Store,5,126.74,0.10
SL-02-00458,SO-02-00229,2026-02-07,2026-02-10,C01084,P0296,D021,Central,Partner,5,337.24,0.15
SL-02-00459,SO-02-00230,2026-02-03,2026-02-11,C00038,P0334,D011,Central,Online,1,97.74,0.10
SL-02-00460,SO-02-00230,2026-02-22,2026-02-26,C00221,P0095,D105,North,Partner,3,76.99,0.10
SL-02-00461,SO-02-00231,2026-02-22,2026-02-24,C00629,P0256,D104,West,Partner,2,220.74,0.15
SL-02-00462,SO-02-00231,2026-02-16,2026-02-21,C00328,P0232,D025,East,Partner,2,284.24,0.15
SL-02-00463,SO-02-00232,2026-02-04,,C00238,P0160,D088,South,Online,1,141.24,0.05
SL-02-00464,SO-02-00232,2026-02-19,2026-02-25,C00635,P0329,D070,South,Partner,1,374.99,0.05
SL-02-00465,SO-02-00233,2026-02-25,2026-02-26,C01005,P0217,D009,South,Online,4,115.49,0.05
SL-02-00466,SO-02-00233,2026-02-19,2026-02-27,C01356,P0035,D101,North,Store,3,68.99,0
SL-02-00467,SO-02-00234,2026-02-12,2026-02-13,C00916,P0331,D058,Central,Store,4,63.99,0
SL-02-00468,SO-02-00234,2026-02-27,2026-03-01,C00491,P0346,D002,South,Online,5,232.74,0.05
SL-02-00469,SO-02-00235,2026-02-11,2026-02-12,C00283,P0217,D032,East,Partner,4,115.49,0.15
SL-02-00470,SO-02-00235,2026-02-11,2026-02-13,C00436,P0056,D066,South,Partner,1,305.24,0.15
SL-02-00471,SO-02-00236,2026-02-15,2026-02-17,C00603,P0155,D005,Central,Online,3,84.99,0.05
SL-02-00472,SO-02-00236,2026-02-01,2026-02-07,C00962,P0246,D052,Central,Store,4,108.24,0.05
SL-02-00473,SO-02-00237,2026-02-18,2026-02-20,C00741,P0016,D092,North,Store,3,188.74,0.15
SL-02-00474,SO-02-00237,2026-02-11,2026-02-12,C00088,P0206,D009,North,Partner,3,325.24,0.10
SL-02-00475,SO-02-00238,2026-02-13,2026-02-19,C00593,P0245,D018,North,Partner,3,96.99,0.10
SL-02-00476,SO-02-00238,2026-02-10,2026-02-11,C00090,P0189,D098,West,Online,5,133.99,0.05
SL-02-00477,SO-02-00239,2026-02-14,2026-02-16,C00542,P0332,D013,South,Online,3,75.24,0.10
SL-02-00478,SO-02-00239,2026-02-04,2026-02-07,C00926,P0118,D043,East,Store,2,335.74,0.15
SL-02-00479,SO-02-00240,2026-02-13,2026-02-18,C00005,P0344,D085,West,Online,4,210.24,0
SL-02-00480,SO-02-00240,2026-02-23,2026-02-26,C00865,P0111,D095,East,Online,3,256.99,0
SL-02-00481,SO-02-00241,2026-02-13,2026-02-21,C00956,P0003,D065,West,Online,4,42.49,0.05
SL-02-00482,SO-02-00241,2026-02-03,2026-02-07,C00161,P0061,D046,East,Store,5,27.99,0
SL-02-00483,SO-02-00242,2026-02-08,2026-02-09,C00798,P0031,D093,West,Partner,2,23.99,0
SL-02-00484,SO-02-00242,2026-02-21,2026-02-25,C01025,P0090,D013,South,Partner,3,354.24,0.05
SL-02-00485,SO-02-00243,2026-02-20,,C00104,P0266,D052,North,Online,4,333.24,0.10
SL-02-00486,SO-02-00243,2026-02-14,2026-02-15,C00714,P0201,D077,North,Online,3,268.99,0
SL-02-00487,SO-02-00244,2026-02-26,2026-03-03,C00149,P0283,D055,North,Online,4,190.99,0.15
SL-02-00488,SO-02-00244,2026-02-01,2026-02-05,C00772,P0335,D033,West,Online,4,108.99,0
SL-02-00489,SO-02-00245,2026-02-14,2026-02-15,C00017,P0084,D076,North,Store,4,286.74,0.10
SL-02-00490,SO-02-00245,2026-02-06,2026-02-10,C00937,P0268,D067,North,Store,3,355.74,0.15
SL-02-00491,SO-02-00246,2026-02-11,2026-02-14,C00056,P0166,D005,Central,Store,3,208.74,0.15
SL-02-00492,SO-02-00246,2026-02-26,2026-03-02,C01075,P0315,D010,Central,Partner,1,217.49,0.05
SL-02-00493,SO-02-00247,2026-02-24,2026-03-02,C00077,P0227,D054,South,Store,1,227.99,0
SL-02-00494,SO-02-00247,2026-02-05,2026-02-06,C00325,P0273,D057,East,Online,2,78.49,0.10
SL-02-00495,SO-02-00248,2026-02-13,2026-02-15,C00933,P0355,D006,South,Store,3,333.99,0.05
SL-02-00496,SO-02-00248,2026-02-09,2026-02-16,C00637,P0138,D101,North,Online,5,227.24,0.15
SL-02-00497,SO-02-00249,2026-02-14,2026-02-15,C01367,P0345,D065,South,Online,1,221.49,0.10
SL-02-00498,SO-02-00249,2026-02-23,2026-03-02,C00918,P0186,D051,West,Store,1,100.24,0.15
SL-02-00499,SO-02-00250,2026-02-24,2026-02-26,C00869,P0317,D027,North,Partner,4,239.99,0
SL-02-00500,SO-02-00250,2026-02-22,2026-03-02,C00770,P0267,D089,Central,Partner,4,344.49,0.05
SL-02-00501,SO-02-00251,2026-02-06,2026-02-14,C00092,P0221,D017,West,Store,1,160.49,0.05
SL-02-00502,SO-02-00251,2026-02-26,2026-03-01,C00782,P0334,D051,South,Partner,4,97.74,0
SL-02-00503,SO-02-00252,2026-02-25,2026-03-04,C00126,P0089,D111,East,Partner,5,342.99,0
SL-02-00504,SO-02-00252,2026-02-14,2026-02-22,C00530,P0081,D047,East,Partner,2,252.99,0.15
SL-02-00505,SO-02-00253,2026-02-01,2026-02-08,C00112,P0232,D070,Central,Partner,4,284.24,0.15
SL-02-00506,SO-02-00253,2026-02-07,2026-02-08,C00492,P0352,D100,North,Partner,5,300.24,0
SL-02-00507,SO-02-00254,2026-02-24,,C00804,P0310,D038,North,Store,4,161.24,0.15
SL-02-00508,SO-02-00254,2026-02-06,2026-02-11,C00536,P0101,D051,North,Partner,5,144.49,0.10
SL-02-00509,SO-02-00255,2026-02-24,2026-02-28,C00507,P0252,D105,West,Partner,4,175.74,0.10
SL-02-00510,SO-02-00255,2026-02-05,2026-02-11,C00776,P0258,D048,South,Store,5,243.24,0.10
SL-02-00511,SO-02-00256,2026-02-18,2026-02-26,C00548,P0040,D034,Central,Store,2,125.24,0
SL-02-00512,SO-02-00256,2026-02-01,2026-02-03,C00564,P0172,D056,Central,Partner,1,276.24,0
SL-02-00513,SO-02-00257,2026-02-14,2026-02-22,C00368,P0352,D075,East,Store,5,300.24,0.05
SL-02-00514,SO-02-00257,2026-02-09,2026-02-15,C00111,P0095,D043,Central,Partner,5,76.99,0.10
SL-02-00515,SO-02-00258,2026-02-18,2026-02-21,C00252,P0103,D052,West,Store,2,166.99,0.15
SL-02-00516,SO-02-00258,2026-02-10,2026-02-16,C01096,P0289,D087,South,Online,3,258.49,0
SL-02-00517,SO-02-00259,2026-02-27,2026-03-05,C01100,P0022,D103,East,Online,5,256.24,0.15
SL-02-00518,SO-02-00259,2026-02-13,2026-02-20,C00086,P0039,D106,South,Online,4,113.99,0
SL-02-00519,SO-02-00260,2026-02-14,2026-02-20,C00717,P0046,D024,Central,Online,2,192.74,0.10
SL-02-00520,SO-02-00260,2026-02-26,2026-03-03,C00583,P0212,D104,South,Online,4,59.24,0.05
SL-02-00521,SO-02-00261,2026-02-28,2026-03-03,C00205,P0124,D068,North,Partner,1,69.74,0.15
SL-02-00522,SO-02-00261,2026-02-23,2026-02-27,C00510,P0004,D082,South,Partner,2,53.74,0.10
SL-02-00523,SO-02-00262,2026-02-21,2026-02-23,C00137,P0313,D029,West,Partner,1,194.99,0
SL-02-00524,SO-02-00262,2026-02-10,2026-02-13,C00809,P0178,D066,North,Partner,1,343.74,0
SL-02-00525,SO-02-00263,2026-02-16,2026-02-21,C00412,P0125,D107,West,Store,2,80.99,0.15
SL-02-00526,SO-02-00263,2026-02-18,2026-02-21,C00506,P0219,D103,East,Store,1,137.99,0.15
SL-02-00527,SO-02-00264,2026-02-21,2026-02-27,C00283,P0149,D067,East,Online,1,350.99,0
SL-02-00528,SO-02-00264,2026-02-22,2026-02-28,C01358,P0212,D003,South,Partner,4,59.24,0.10
SL-02-00529,SO-02-00265,2026-02-03,,C00522,P0055,D099,North,Online,5,293.99,0.10
SL-02-00530,SO-02-00265,2026-02-10,2026-02-11,C00151,P0323,D097,North,Partner,5,307.49,0.15
SL-02-00531,SO-02-00266,2026-02-07,2026-02-11,C00029,P0351,D031,South,Online,4,288.99,0.10
SL-02-00532,SO-02-00266,2026-02-04,2026-02-09,C00744,P0313,D063,West,Partner,1,194.99,0.05
SL-02-00533,SO-02-00267,2026-02-12,2026-02-15,C01017,P0020,D052,East,Partner,2,233.74,0.05
SL-02-00534,SO-02-00267,2026-02-11,2026-02-14,C00331,P0214,D078,North,Partner,1,81.74,0
SL-02-00535,SO-02-00268,2026-02-20,2026-02-22,C00624,P0262,D026,North,Store,4,288.24,0.15
SL-02-00536,SO-02-00268,2026-02-28,2026-03-08,C00838,P0066,D021,West,Store,1,84.24,0.15
SL-02-00537,SO-02-00269,2026-02-04,2026-02-10,C00056,P0230,D027,West,Online,1,261.74,0
SL-02-00538,SO-02-00269,2026-02-17,2026-02-21,C00814,P0162,D107,North,Online,5,163.74,0.05
SL-02-00539,SO-02-00270,2026-02-07,2026-02-13,C00247,P0360,D002,South,Online,5,390.24,0
SL-02-00540,SO-02-00270,2026-02-11,2026-02-17,C01037,P0318,D014,Central,Store,3,251.24,0.05
SL-02-00541,SO-02-00271,2026-02-03,2026-02-05,C00770,P0215,D086,Central,Store,5,92.99,0.05
SL-02-00542,SO-02-00271,2026-02-25,2026-02-26,C00602,P0246,D014,South,Online,3,108.24,0.05
SL-02-00543,SO-02-00272,2026-02-12,2026-02-18,C00090,P0033,D067,East,Partner,5,46.49,0
SL-02-00544,SO-02-00272,2026-02-11,2026-02-15,C00225,P0028,D074,West,Partner,4,323.74,0
SL-02-00545,SO-02-00273,2026-02-12,2026-02-13,C00953,P0070,D052,South,Partner,2,129.24,0.10
SL-02-00546,SO-02-00273,2026-02-02,2026-02-05,C00871,P0296,D047,East,Store,5,337.24,0.05
SL-02-00547,SO-02-00274,2026-02-06,2026-02-10,C00804,P0236,D107,South,Partner,4,329.24,0.10
SL-02-00548,SO-02-00274,2026-02-06,2026-02-11,C00471,P0345,D029,Central,Online,3,221.49,0.10
SL-02-00549,SO-02-00275,2026-02-28,2026-03-06,C00933,P0087,D068,East,Online,3,320.49,0.15
SL-02-00550,SO-02-00275,2026-02-07,2026-02-09,C00625,P0316,D006,South,Online,5,228.74,0.15
SL-02-00551,SO-02-00276,2026-02-19,,C01011,P0049,D085,South,Partner,5,226.49,0
SL-02-00552,SO-02-00276,2026-02-23,2026-03-02,C00421,P0273,D073,West,Online,4,78.49,0.10
SL-02-00553,SO-02-00277,2026-02-02,2026-02-07,C00702,P0330,D102,North,Online,3,386.24,0.10
SL-02-00554,SO-02-00277,2026-02-10,2026-02-13,C00901,P0196,D051,North,Online,1,212.74,0.10
SL-02-00555,SO-02-00278,2026-02-16,2026-02-23,C00035,P0210,D099,South,Partner,2,370.24,0
SL-02-00556,SO-02-00278,2026-02-09,2026-02-17,C01016,P0167,D042,North,Online,1,219.99,0.15
SL-02-00557,SO-02-00279,2026-02-16,2026-02-21,C00645,P0257,D043,West,Online,5,231.99,0
SL-02-00558,SO-02-00279,2026-02-01,2026-02-02,C01046,P0293,D060,West,Store,1,303.49,0
SL-02-00559,SO-02-00280,2026-02-06,2026-02-11,C01369,P0345,D084,West,Store,5,221.49,0.15
SL-02-00560,SO-02-00280,2026-02-25,2026-02-28,C00638,P0003,D003,Central,Partner,2,42.49,0.15
SL-02-00561,SO-02-00281,2026-02-24,2026-02-27,C00307,P0317,D093,East,Store,2,239.99,0.15
SL-02-00562,SO-02-00281,2026-02-11,2026-02-13,C00263,P0271,D105,West,Store,5,55.99,0.15
SL-02-00563,SO-02-00282,2026-02-14,2026-02-17,C00976,P0025,D097,East,Partner,3,289.99,0.15
SL-02-00564,SO-02-00282,2026-02-15,2026-02-18,C00417,P0189,D036,Central,Partner,4,133.99,0
SL-02-00565,SO-02-00283,2026-02-23,2026-03-03,C01059,P0102,D076,East,Online,4,155.74,0.05
SL-02-00566,SO-02-00283,2026-02-02,2026-02-03,C00660,P0104,D001,North,Store,5,178.24,0.10
SL-02-00567,SO-02-00284,2026-02-08,2026-02-09,C00540,P0096,D021,West,Store,4,88.24,0.10
SL-02-00568,SO-02-00284,2026-02-14,2026-02-15,C00985,P0195,D107,Central,Partner,2,201.49,0.05
SL-02-00569,SO-02-00285,2026-02-20,2026-02-23,C01050,P0266,D013,Central,Online,5,333.24,0.10
SL-02-00570,SO-02-00285,2026-02-03,2026-02-11,C00723,P0322,D040,East,Partner,4,296.24,0
SL-02-00571,SO-02-00286,2026-02-21,2026-02-22,C00049,P0007,D049,Central,Store,5,87.49,0.05
SL-02-00572,SO-02-00286,2026-02-02,2026-02-08,C00365,P0081,D006,West,Online,3,252.99,0.15
SL-02-00573,SO-02-00287,2026-02-13,,C00527,P0184,D078,North,Store,1,77.74,0.10
SL-02-00574,SO-02-00287,2026-02-03,2026-02-04,C00101,P0043,D045,South,Store,4,158.99,0.10
SL-02-00575,SO-02-00288,2026-02-24,2026-03-04,C00636,P0114,D017,West,Online,5,290.74,0
SL-02-00576,SO-02-00288,2026-02-09,2026-02-10,C00333,P0349,D110,South,Online,1,266.49,0.15
SL-02-00577,SO-02-00289,2026-02-19,2026-02-24,C00764,P0038,D022,North,Partner,4,102.74,0.15
SL-02-00578,SO-02-00289,2026-02-10,2026-02-15,C00112,P0241,D041,North,Online,2,51.99,0
SL-02-00579,SO-02-00290,2026-02-01,2026-02-03,C01081,P0253,D096,South,Store,3,186.99,0.10
SL-02-00580,SO-02-00290,2026-02-14,2026-02-17,C00467,P0265,D076,North,Partner,3,321.99,0.10
SL-02-00581,SO-02-00291,2026-02-09,2026-02-14,C00995,P0005,D066,Central,Online,5,64.99,0.15
SL-02-00582,SO-02-00291,2026-02-01,2026-02-05,C00950,P0208,D073,Central,Partner,4,347.74,0.15
SL-02-00583,SO-02-00292,2026-02-06,2026-02-13,C00671,P0193,D007,Central,Store,4,178.99,0.10
SL-02-00584,SO-02-00292,2026-02-19,2026-02-26,C00544,P0233,D111,North,Store,1,295.49,0
SL-02-00585,SO-02-00293,2026-02-17,2026-02-20,C00416,P0307,D111,South,Partner,1,127.49,0.15
SL-02-00586,SO-02-00293,2026-02-12,2026-02-19,C00572,P0188,D060,North,Online,4,122.74,0
SL-02-00587,SO-02-00294,2026-02-13,2026-02-16,C01076,P0053,D063,North,Online,1,271.49,0.05
SL-02-00588,SO-02-00294,2026-02-14,2026-02-20,C00100,P0230,D112,North,Online,5,261.74,0.05
SL-02-00589,SO-02-00295,2026-02-15,2026-02-19,C00385,P0051,D036,Central,Online,1,248.99,0.05
SL-02-00590,SO-02-00295,2026-02-26,2026-03-01,C01360,P0175,D089,Central,Partner,5,309.99,0.05
SL-02-00591,SO-02-00296,2026-02-18,2026-02-22,C00006,P0276,D091,East,Online,5,112.24,0
SL-02-00592,SO-02-00296,2026-02-02,2026-02-08,C00109,P0077,D018,Central,Partner,4,207.99,0.05
SL-02-00593,SO-02-00297,2026-02-05,2026-02-10,C00456,P0187,D096,South,Store,1,111.49,0.05
SL-02-00594,SO-02-00297,2026-02-19,2026-02-26,C00656,P0062,D089,East,Partner,5,39.24,0
SL-02-00595,SO-02-00298,2026-02-11,,C00567,P0141,D055,Central,Store,5,260.99,0.15
SL-02-00596,SO-02-00298,2026-02-18,2026-02-25,C00962,P0180,D029,North,Online,3,366.24,0.15
SL-02-00597,SO-02-00299,2026-02-05,2026-02-10,C00687,P0156,D058,Central,Online,5,96.24,0.15
SL-02-00598,SO-02-00299,2026-02-10,2026-02-16,C00847,P0313,D009,East,Store,4,194.99,0.10
SL-02-00599,SO-02-00300,2026-02-16,2026-02-21,C00716,P0225,D032,South,Partner,2,205.49,0
SL-02-00600,SO-02-00300,2026-02-01,2026-02-05,C00498,P0269,D041,West,Online,4,366.99,0.05
SL-02-00601,SO-02-00301,2026-02-22,2026-02-26,C00759,P0158,D111,North,Store,1,118.74,0.15
SL-02-00602,SO-02-00301,2026-02-13,2026-02-16,C00394,P0175,D041,South,Online,2,309.99,0.05
SL-02-00603,SO-02-00302,2026-02-26,2026-02-27,C01026,P0337,D049,West,Partner,5,131.49,0
SL-02-00604,SO-02-00302,2026-02-24,2026-02-27,C00605,P0202,D109,North,Online,3,280.24,0
SL-02-00605,SO-02-00303,2026-02-18,2026-02-24,C00028,P0058,D039,West,Store,5,327.74,0.15
SL-02-00606,SO-02-00303,2026-02-20,2026-02-25,C01039,P0328,D021,East,Partner,4,363.74,0.10
SL-02-00607,SO-02-00304,2026-02-07,2026-02-14,C00922,P0025,D006,Central,Store,5,289.99,0.10
SL-02-00608,SO-02-00304,2026-02-02,2026-02-05,C01011,P0344,D038,North,Online,3,210.24,0.15
SL-02-00609,SO-02-00305,2026-02-08,2026-02-15,C00670,P0154,D076,West,Partner,1,73.74,0.15
SL-02-00610,SO-02-00305,2026-02-09,2026-02-13,C00830,P0050,D025,South,Partner,4,237.74,0
SL-02-00611,SO-02-00306,2026-02-04,2026-02-12,C00634,P0084,D076,East,Online,4,286.74,0.05
SL-02-00612,SO-02-00306,2026-02-14,2026-02-22,C00633,P0332,D070,South,Partner,5,75.24,0.05
SL-02-00613,SO-02-00307,2026-02-04,2026-02-08,C00620,P0131,D110,East,Online,4,148.49,0.05
SL-02-00614,SO-02-00307,2026-02-11,2026-02-14,C00913,P0341,D048,East,Store,2,176.49,0.15
SL-02-00615,SO-02-00308,2026-02-14,2026-02-21,C00580,P0266,D099,North,Online,4,333.24,0.05
SL-02-00616,SO-02-00308,2026-02-26,2026-02-28,C00651,P0105,D100,West,Partner,2,189.49,0.05
SL-02-00617,SO-02-00309,2026-02-19,,C00135,P0234,D054,North,Store,4,306.74,0
SL-02-00618,SO-02-00309,2026-02-12,2026-02-20,C01015,P0003,D040,North,Store,4,42.49,0
SL-02-00619,SO-02-00310,2026-02-22,2026-02-25,C00812,P0279,D033,West,Store,3,145.99,0.05
SL-02-00620,SO-02-00310,2026-02-23,2026-02-26,C00551,P0240,D032,North,Online,4,374.24,0.15
SL-02-00621,SO-02-00311,2026-02-18,2026-02-24,C01351,P0132,D032,East,Store,1,159.74,0.05
SL-02-00622,SO-02-00311,2026-02-21,2026-02-27,C00144,P0048,D111,West,Online,5,215.24,0
SL-02-00623,SO-02-00312,2026-02-04,2026-02-10,C00545,P0019,D014,West,Partner,3,222.49,0.10
SL-02-00624,SO-02-00312,2026-02-20,2026-02-28,C00426,P0271,D048,Central,Store,4,55.99,0.10
SL-02-00625,SO-02-00313,2026-02-26,2026-02-27,C00395,P0152,D050,North,Online,3,51.24,0.15
SL-02-00626,SO-02-00313,2026-02-15,2026-02-18,C00332,P0346,D087,West,Store,3,232.74,0
SL-02-00627,SO-02-00314,2026-02-27,2026-03-04,C00882,P0132,D103,South,Store,2,159.74,0.15
SL-02-00628,SO-02-00314,2026-02-25,2026-02-27,C00903,P0346,D090,North,Store,2,232.74,0
SL-02-00629,SO-02-00315,2026-02-19,2026-02-25,C00230,P0217,D040,Central,Online,5,115.49,0.10
SL-02-00630,SO-02-00315,2026-02-20,2026-02-25,C00786,P0279,D080,East,Online,3,145.99,0
SL-02-00631,SO-02-00316,2026-02-03,2026-02-04,C00255,P0327,D070,North,Store,4,352.49,0.05
SL-02-00632,SO-02-00316,2026-02-12,2026-02-16,C00628,P0123,D094,South,Store,4,58.49,0
SL-02-00633,SO-02-00317,2026-02-07,2026-02-14,C01093,P0254,D038,East,Online,4,198.24,0.10
SL-02-00634,SO-02-00317,2026-02-21,2026-02-22,C00206,P0128,D046,East,Online,5,114.74,0
SL-02-00635,SO-02-00318,2026-02-20,2026-02-21,C00572,P0159,D033,South,Online,5,129.99,0.05
SL-02-00636,SO-02-00318,2026-02-28,2026-03-04,C00092,P0005,D112,North,Online,3,64.99,0.05
SL-02-00637,SO-02-00319,2026-02-03,2026-02-10,C00492,P0135,D038,Central,Partner,4,193.49,0.15
SL-02-00638,SO-02-00319,2026-02-13,2026-02-14,C01039,P0258,D035,East,Online,4,243.24,0.05
SL-02-00639,SO-02-00320,2026-02-14,,C00169,P0221,D036,East,Partner,5,160.49,0.10
SL-02-00640,SO-02-00320,2026-02-15,2026-02-19,C00163,P0132,D032,South,Online,2,159.74,0.10
SL-02-00641,SO-02-00321,2026-02-13,2026-02-16,C00483,P0029,D037,West,Partner,4,334.99,0.15
SL-02-00642,SO-02-00321,2026-02-21,2026-02-25,C00323,P0323,D090,South,Online,1,307.49,0
SL-02-00643,SO-02-00322,2026-02-11,2026-02-12,C00270,P0117,D048,West,Partner,5,324.49,0.05
SL-02-00644,SO-02-00322,2026-02-12,2026-02-16,C00128,P0033,D073,South,Partner,3,46.49,0
SL-02-00645,SO-02-00323,2026-02-23,2026-02-25,C01027,P0184,D077,North,Partner,5,77.74,0
SL-02-00646,SO-02-00323,2026-02-05,2026-02-07,C00764,P0224,D021,West,Store,4,194.24,0.05
SL-02-00647,SO-02-00324,2026-02-10,2026-02-12,C00916,P0265,D062,South,Store,4,321.99,0.10
SL-02-00648,SO-02-00324,2026-02-09,2026-02-16,C00213,P0233,D079,South,Online,2,295.49,0.05
SL-02-00649,SO-02-00325,2026-02-15,2026-02-22,C00665,P0311,D054,North,Partner,2,172.49,0
SL-02-00650,SO-02-00325,2026-02-24,2026-03-02,C01014,P0011,D015,Central,Store,2,132.49,0.05
SL-02-00651,SO-02-00326,2026-02-25,2026-02-28,C00678,P0351,D073,South,Online,5,288.99,0.15
SL-02-00652,SO-02-00326,2026-02-28,2026-03-06,C01362,P0005,D003,South,Partner,4,64.99,0.15
SL-02-00653,SO-02-00327,2026-02-07,2026-02-08,C00429,P0018,D073,South,Partner,2,211.24,0.10
SL-02-00654,SO-02-00327,2026-02-13,2026-02-14,C00771,P0008,D061,West,Online,2,98.74,0
SL-02-00655,SO-02-00328,2026-02-24,2026-02-28,C00474,P0298,D026,Central,Partner,1,359.74,0.15
SL-02-00656,SO-02-00328,2026-02-26,2026-02-28,C01052,P0211,D104,Central,Online,1,47.99,0.10
SL-02-00657,SO-02-00329,2026-02-26,2026-03-06,C00885,P0139,D046,West,Online,2,238.49,0.15
SL-02-00658,SO-02-00329,2026-02-14,2026-02-20,C00396,P0131,D108,North,Partner,3,148.49,0.05
SL-02-00659,SO-02-00330,2026-02-24,2026-03-02,C00589,P0341,D056,North,Partner,3,176.49,0.10
SL-02-00660,SO-02-00330,2026-02-22,2026-02-23,C00241,P0354,D022,West,Store,4,322.74,0.15
SL-02-00661,SO-02-00331,2026-02-04,,C00497,P0213,D107,West,Store,3,70.49,0
SL-02-00662,SO-02-00331,2026-02-03,2026-02-09,C00406,P0227,D047,West,Store,3,227.99,0.10
SL-02-00663,SO-02-00332,2026-02-23,2026-02-26,C01088,P0234,D075,East,Partner,2,306.74,0.05
SL-02-00664,SO-02-00332,2026-02-04,2026-02-09,C00238,P0070,D078,Central,Online,2,129.24,0.15
SL-02-00665,SO-02-00333,2026-02-21,2026-02-22,C00950,P0297,D047,East,Store,2,348.49,0
SL-02-00666,SO-02-00333,2026-02-11,2026-02-15,C00539,P0254,D002,East,Partner,5,198.24,0.05
SL-02-00667,SO-02-00334,2026-02-16,2026-02-23,C00353,P0031,D107,North,Online,1,23.99,0.10
SL-02-00668,SO-02-00334,2026-02-09,2026-02-11,C00823,P0039,D031,West,Partner,3,113.99,0.05
SL-02-00669,SO-02-00335,2026-02-06,2026-02-11,C00754,P0175,D070,East,Store,4,309.99,0.05
SL-02-00670,SO-02-00335,2026-02-02,2026-02-06,C00788,P0167,D053,West,Partner,3,219.99,0.15
SL-02-00671,SO-02-00336,2026-02-15,2026-02-21,C00560,P0350,D039,West,Partner,4,277.74,0.10
SL-02-00672,SO-02-00336,2026-02-02,2026-02-03,C00273,P0329,D043,North,Online,4,374.99,0.15
SL-02-00673,SO-02-00337,2026-02-01,2026-02-03,C00617,P0344,D072,South,Store,5,210.24,0.05
SL-02-00674,SO-02-00337,2026-02-08,2026-02-11,C00839,P0304,D043,West,Online,1,93.74,0.05
SL-02-00675,SO-02-00338,2026-02-12,2026-02-19,C00510,P0117,D041,North,Store,4,324.49,0.15
SL-02-00676,SO-02-00338,2026-02-27,2026-03-04,C00779,P0127,D053,Central,Partner,3,103.49,0.10
SL-02-00677,SO-02-00339,2026-02-04,2026-02-06,C00494,P0157,D036,East,Partner,3,107.49,0.05
SL-02-00678,SO-02-00339,2026-02-27,2026-03-06,C00275,P0155,D105,North,Partner,3,84.99,0
SL-02-00679,SO-02-00340,2026-02-28,2026-03-02,C00962,P0173,D027,South,Store,1,287.49,0.15
SL-02-00680,SO-02-00340,2026-02-15,2026-02-21,C00443,P0310,D020,East,Store,4,161.24,0.10
SL-02-00681,SO-02-00341,2026-02-27,2026-03-07,C00831,P0305,D098,South,Partner,4,104.99,0.10
SL-02-00682,SO-02-00341,2026-02-21,2026-02-24,C00518,P0237,D095,North,Partner,5,340.49,0.05
SL-02-00683,SO-02-00342,2026-02-15,,C01353,P0229,D064,West,Online,1,250.49,0.05
SL-02-00684,SO-02-00342,2026-02-04,2026-02-10,C00464,P0120,D045,West,Store,5,358.24,0.15
SL-02-00685,SO-02-00343,2026-02-10,2026-02-12,C00349,P0018,D094,South,Online,1,211.24,0
SL-02-00686,SO-02-00343,2026-02-16,2026-02-17,C00504,P0048,D029,North,Online,3,215.24,0.05
SL-02-00687,SO-02-00344,2026-02-01,2026-02-04,C00158,P0288,D087,South,Partner,4,247.24,0.15
SL-02-00688,SO-02-00344,2026-02-28,2026-03-08,C00677,P0033,D046,Central,Store,4,46.49,0
SL-02-00689,SO-02-00345,2026-02-27,2026-03-07,C00550,P0197,D083,East,Store,5,223.99,0.05
SL-02-00690,SO-02-00345,2026-02-12,2026-02-13,C00886,P0258,D089,Central,Online,3,243.24,0.15
SL-02-00691,SO-02-00346,2026-02-23,2026-03-03,C00809,P0040,D053,West,Partner,4,125.24,0.15
SL-02-00692,SO-02-00346,2026-02-07,2026-02-13,C00080,P0141,D054,West,Online,4,260.99,0.05
SL-02-00693,SO-02-00347,2026-02-06,2026-02-11,C00654,P0067,D083,South,Store,5,95.49,0.05
SL-02-00694,SO-02-00347,2026-02-25,2026-03-04,C00674,P0006,D062,West,Online,5,76.24,0
SL-02-00695,SO-02-00348,2026-02-14,2026-02-16,C00926,P0020,D075,North,Online,2,233.74,0.10
SL-02-00696,SO-02-00348,2026-02-02,2026-02-08,C00531,P0097,D044,South,Partner,3,99.49,0.15
SL-02-00697,SO-02-00349,2026-02-06,2026-02-11,C00974,P0237,D062,North,Partner,3,340.49,0.15
SL-02-00698,SO-02-00349,2026-02-01,2026-02-05,C00859,P0016,D004,Central,Store,5,188.74,0.10
SL-02-00699,SO-02-00350,2026-02-07,2026-02-15,C00723,P0302,D014,Central,Partner,4,71.24,0.10
SL-02-00700,SO-02-00350,2026-02-07,2026-02-12,C00960,P0356,D080,North,Online,2,345.24,0.15
SL-02-00701,SO-02-00351,2026-02-11,2026-02-19,C00777,P0054,D057,Central,Store,1,282.74,0
SL-02-00702,SO-02-00351,2026-02-28,2026-03-08,C00455,P0091,D086,West,Partner,5,31.99,0
SL-02-00703,SO-02-00352,2026-02-05,2026-02-07,C00222,P0248,D026,Central,Partner,1,130.74,0.05
SL-02-00704,SO-02-00352,2026-02-04,2026-02-08,C00999,P0259,D111,East,Store,3,254.49,0
SL-02-00705,SO-02-00353,2026-02-16,,C00411,P0280,D081,Central,Online,4,157.24,0.15
SL-02-00706,SO-02-00353,2026-02-16,2026-02-19,C00396,P0026,D090,South,Online,4,301.24,0.15
SL-02-00707,SO-02-00354,2026-02-10,2026-02-13,C00898,P0153,D003,East,Partner,4,62.49,0.05
SL-02-00708,SO-02-00354,2026-02-18,2026-02-26,C00894,P0246,D096,South,Store,5,108.24,0.10
SL-02-00709,SO-02-00355,2026-02-22,2026-02-23,C00930,P0057,D073,South,Partner,4,316.49,0.15
SL-02-00710,SO-02-00355,2026-02-09,2026-02-10,C00705,P0256,D018,West,Partner,5,220.74,0.15
SL-02-00711,SO-02-00356,2026-02-12,2026-02-18,C00831,P0048,D065,North,Store,2,215.24,0
SL-02-00712,SO-02-00356,2026-02-08,2026-02-15,C00327,P0245,D066,West,Store,3,96.99,0.15
SL-02-00713,SO-02-00357,2026-02-18,2026-02-26,C00726,P0337,D067,South,Store,5,131.49,0.10
SL-02-00714,SO-02-00357,2026-02-05,2026-02-06,C01364,P0195,D102,Central,Online,3,201.49,0.05
SL-02-00715,SO-02-00358,2026-02-28,2026-03-01,C00817,P0343,D052,Central,Online,4,198.99,0
SL-02-00716,SO-02-00358,2026-02-01,2026-02-09,C00283,P0110,D084,North,Partner,5,245.74,0.15
SL-02-00717,SO-02-00359,2026-02-01,2026-02-05,C00090,P0072,D010,South,Partner,2,151.74,0
SL-02-00718,SO-02-00359,2026-02-03,2026-02-10,C00297,P0171,D074,West,Store,2,264.99,0.10
SL-02-00719,SO-02-00360,2026-02-25,2026-03-01,C00581,P0134,D005,East,Online,1,182.24,0.05
SL-02-00720,SO-02-00360,2026-02-27,2026-03-02,C00863,P0181,D102,East,Online,1,43.99,0
SL-02-00721,SO-02-00361,2026-02-26,2026-02-27,C00302,P0101,D107,Central,Partner,2,144.49,0.15
SL-02-00722,SO-02-00361,2026-02-17,2026-02-20,C01047,P0157,D040,North,Online,5,107.49,0
SL-02-00723,SO-02-00362,2026-02-16,2026-02-24,C00385,P0231,D080,North,Store,2,272.99,0
SL-02-00724,SO-02-00362,2026-02-06,2026-02-14,C00926,P0013,D078,South,Online,3,154.99,0.15
SL-02-00725,SO-02-00363,2026-02-05,2026-02-07,C00453,P0114,D084,West,Store,2,290.74,0.05
SL-02-00726,SO-02-00363,2026-02-10,2026-02-12,C00378,P0098,D060,East,Online,1,110.74,0.05
SL-02-00727,SO-02-00364,2026-02-17,,C00243,P0302,D061,West,Online,4,71.24,0.05
SL-02-00728,SO-02-00364,2026-02-05,2026-02-06,C00869,P0261,D101,Central,Partner,5,276.99,0.10
SL-02-00729,SO-02-00365,2026-02-13,2026-02-19,C00949,P0116,D074,North,Partner,3,313.24,0.05
SL-02-00730,SO-02-00365,2026-02-27,2026-03-03,C00948,P0082,D091,South,Partner,4,264.24,0
SL-02-00731,SO-02-00366,2026-02-25,2026-03-04,C00103,P0350,D100,Central,Partner,4,277.74,0.05
SL-02-00732,SO-02-00366,2026-02-28,2026-03-05,C00946,P0061,D048,West,Partner,3,27.99,0
SL-02-00733,SO-02-00367,2026-02-20,2026-02-21,C00721,P0281,D036,South,Online,2,168.49,0
SL-02-00734,SO-02-00367,2026-02-18,2026-02-26,C00261,P0052,D092,North,Store,2,260.24,0.15
SL-02-00735,SO-02-00368,2026-02-23,2026-02-26,C00486,P0298,D006,Central,Store,1,359.74,0.15
SL-02-00736,SO-02-00368,2026-02-17,2026-02-18,C00883,P0065,D070,Central,Partner,3,72.99,0.05
SL-02-00737,SO-02-00369,2026-02-21,2026-02-22,C00598,P0029,D030,Central,Online,3,334.99,0.10
SL-02-00738,SO-02-00369,2026-02-20,2026-02-22,C00640,P0351,D073,Central,Online,3,288.99,0.15
SL-02-00739,SO-02-00370,2026-02-24,2026-03-01,C00640,P0114,D060,South,Store,5,290.74,0.10
SL-02-00740,SO-02-00370,2026-02-04,2026-02-07,C00350,P0331,D063,Central,Store,2,63.99,0.15
SL-02-00741,SO-02-00371,2026-02-12,2026-02-17,C00768,P0204,D011,West,Store,3,302.74,0.10
SL-02-00742,SO-02-00371,2026-02-07,2026-02-08,C00353,P0159,D094,North,Partner,1,129.99,0.05
SL-02-00743,SO-02-00372,2026-02-10,2026-02-12,C00501,P0327,D043,South,Online,5,352.49,0
SL-02-00744,SO-02-00372,2026-02-08,2026-02-13,C00607,P0066,D107,West,Store,3,84.24,0.05
SL-02-00745,SO-02-00373,2026-02-16,2026-02-18,C01355,P0212,D024,North,Store,5,59.24,0.05
SL-02-00746,SO-02-00373,2026-02-12,2026-02-14,C00401,P0029,D110,South,Online,5,334.99,0
SL-02-00747,SO-02-00374,2026-02-26,2026-02-27,C00689,P0012,D076,East,Partner,2,143.74,0.15
SL-02-00748,SO-02-00374,2026-02-12,2026-02-15,C00872,P0134,D061,West,Partner,5,182.24,0
SL-02-00749,SO-02-00375,2026-02-26,,C00068,P0251,D059,Central,Online,4,164.49,0.15
SL-02-00750,SO-02-00375,2026-02-24,2026-03-04,C00528,P0034,D078,East,Store,1,57.74,0.15
SL-02-00751,SO-02-00376,2026-02-05,2026-02-08,C00986,P0204,D038,East,Online,2,302.74,0.05
SL-02-00752,SO-02-00376,2026-02-01,2026-02-03,C00779,P0334,D085,West,Store,3,97.74,0.15
SL-02-00753,SO-02-00377,2026-02-11,2026-02-15,C00035,P0314,D011,North,Partner,1,206.24,0
SL-02-00754,SO-02-00377,2026-02-06,2026-02-12,C00608,P0337,D034,North,Store,3,131.49,0.10
SL-02-00755,SO-02-00378,2026-02-11,2026-02-12,C00042,P0035,D041,Central,Store,3,68.99,0.10
SL-02-00756,SO-02-00378,2026-02-17,2026-02-25,C00492,P0315,D018,South,Store,5,217.49,0.10
SL-02-00757,SO-02-00379,2026-02-11,2026-02-12,C00836,P0293,D101,North,Partner,1,303.49,0.10
SL-02-00758,SO-02-00379,2026-02-03,2026-02-08,C00468,P0270,D044,Central,Partner,1,378.24,0.10
SL-02-00759,SO-02-00380,2026-02-12,2026-02-20,C00667,P0102,D110,South,Online,5,155.74,0
SL-02-00760,SO-02-00380,2026-02-01,2026-02-03,C00655,P0237,D033,North,Store,4,340.49,0.05
SL-02-00761,SO-02-00381,2026-02-28,2026-03-04,C00975,P0315,D007,West,Partner,3,217.49,0
SL-02-00762,SO-02-00381,2026-02-17,2026-02-24,C01082,P0105,D085,North,Partner,2,189.49,0.05
SL-02-00763,SO-02-00382,2026-02-13,2026-02-14,C00903,P0020,D035,Central,Online,3,233.74,0.10
SL-02-00764,SO-02-00382,2026-02-09,2026-02-12,C00174,P0218,D105,North,Partner,4,126.74,0.15
SL-02-00765,SO-02-00383,2026-02-01,2026-02-02,C00662,P0149,D057,East,Online,4,350.99,0.10
SL-02-00766,SO-02-00383,2026-02-26,2026-02-27,C01062,P0124,D026,West,Partner,2,69.74,0.05
SL-02-00767,SO-02-00384,2026-02-03,2026-02-04,C00021,P0313,D101,East,Store,4,194.99,0.05
SL-02-00768,SO-02-00384,2026-02-13,2026-02-18,C00436,P0202,D025,North,Online,4,280.24,0.10
SL-02-00769,SO-02-00385,2026-02-28,2026-03-05,C00276,P0106,D106,South,Store,5,200.74,0.15
SL-02-00770,SO-02-00385,2026-02-11,2026-02-15,C00968,P0179,D029,East,Online,1,354.99,0.05
SL-02-00771,SO-02-00386,2026-02-20,,C00134,P0273,D067,South,Partner,3,78.49,0.15
SL-02-00772,SO-02-00386,2026-02-06,2026-02-14,C00142,P0009,D104,East,Partner,4,109.99,0.15
SL-02-00773,SO-02-00387,2026-02-09,2026-02-10,C00599,P0323,D076,North,Partner,4,307.49,0.10
SL-02-00774,SO-02-00387,2026-02-16,2026-02-23,C00536,P0264,D086,North,Partner,4,310.74,0.05
SL-02-00775,SO-02-00388,2026-02-06,2026-02-11,C00140,P0086,D017,North,Online,5,309.24,0
SL-02-00776,SO-02-00388,2026-02-27,2026-03-04,C01366,P0115,D047,West,Online,2,301.99,0.10
SL-02-00777,SO-02-00389,2026-02-22,2026-02-28,C00390,P0056,D035,Central,Store,3,305.24,0.15
SL-02-00778,SO-02-00389,2026-02-25,2026-03-01,C00078,P0273,D048,Central,Online,5,78.49,0.10
SL-02-00779,SO-02-00390,2026-02-10,2026-02-14,C00241,P0261,D059,North,Partner,2,276.99,0.10
SL-02-00780,SO-02-00390,2026-02-15,2026-02-22,C00163,P0353,D003,Central,Online,3,311.49,0.05
SL-02-00781,SO-02-00391,2026-02-01,2026-02-02,C00651,P0329,D077,Central,Online,2,374.99,0.05
SL-02-00782,SO-02-00391,2026-02-08,2026-02-09,C00109,P0245,D074,Central,Partner,3,96.99,0.05
SL-02-00783,SO-02-00392,2026-02-27,2026-03-01,C00036,P0234,D107,North,Online,5,306.74,0
SL-02-00784,SO-02-00392,2026-02-08,2026-02-14,C00429,P0131,D012,North,Store,2,148.49,0.05
SL-02-00785,SO-02-00393,2026-02-02,2026-02-07,C00976,P0012,D005,Central,Partner,1,143.74,0.15
SL-02-00786,SO-02-00393,2026-02-04,2026-02-08,C00058,P0152,D079,West,Online,5,51.24,0.10
SL-02-00787,SO-02-00394,2026-02-10,2026-02-17,C00850,P0331,D047,Central,Online,1,63.99,0
SL-02-00788,SO-02-00394,2026-02-03,2026-02-08,C00392,P0041,D096,West,Partner,5,136.49,0.15
SL-02-00789,SO-02-00395,2026-02-22,2026-02-27,C00186,P0113,D034,Central,Partner,1,279.49,0
SL-02-00790,SO-02-00395,2026-02-10,2026-02-12,C00952,P0205,D030,North,Partner,1,313.99,0.15
SL-02-00791,SO-02-00396,2026-02-16,2026-02-21,C00675,P0007,D026,Central,Online,1,87.49,0.15
SL-02-00792,SO-02-00396,2026-02-02,2026-02-04,C00268,P0164,D090,Central,Store,1,186.24,0.05
SL-02-00793,SO-02-00397,2026-02-13,,C00801,P0154,D067,East,Partner,4,73.74,0.05
SL-02-00794,SO-02-00397,2026-02-07,2026-02-10,C01042,P0255,D029,Central,Partner,1,209.49,0.10
SL-02-00795,SO-02-00398,2026-02-08,2026-02-13,C00532,P0038,D050,Central,Online,1,102.74,0
SL-02-00796,SO-02-00398,2026-02-21,2026-02-22,C00981,P0192,D042,East,Online,4,167.74,0.10
SL-02-00797,SO-02-00399,2026-02-15,2026-02-16,C01070,P0304,D090,South,Store,3,93.74,0
SL-02-00798,SO-02-00399,2026-02-01,2026-02-02,C00898,P0017,D069,East,Store,4,199.99,0.05
SL-02-00799,SO-02-00400,2026-02-15,2026-02-20,C00202,P0218,D002,Central,Online,1,126.74,0
SL-02-00800,SO-02-00400,2026-02-22,2026-02-26,C00341,P0082,D049,North,Store,3,264.24,0.05
SL-02-00801,SO-02-00401,2026-02-19,2026-02-20,C00807,P0025,D054,East,Partner,5,289.99,0.15
SL-02-00802,SO-02-00401,2026-02-12,2026-02-16,C00259,P0298,D078,South,Partner,3,359.74,0
SL-02-00803,SO-02-00402,2026-02-08,2026-02-13,C00992,P0093,D079,North,Store,2,54.49,0.05
SL-02-00804,SO-02-00402,2026-02-02,2026-02-08,C00133,P0338,D029,Central,Partner,3,142.74,0.15
SL-02-00805,SO-02-00403,2026-02-22,2026-02-26,C00381,P0276,D024,South,Store,5,112.24,0
SL-02-00806,SO-02-00403,2026-02-24,2026-02-25,C00301,P0296,D064,South,Partner,5,337.24,0
SL-02-00807,SO-02-00404,2026-02-12,2026-02-14,C01357,P0017,D106,East,Online,2,199.99,0.05
SL-02-00808,SO-02-00404,2026-02-22,2026-02-26,C00700,P0246,D002,South,Store,1,108.24,0.05
SL-02-00809,SO-02-00405,2026-02-07,2026-02-13,C00431,P0279,D043,West,Online,2,145.99,0
SL-02-00810,SO-02-00405,2026-02-13,2026-02-16,C00307,P0153,D030,North,Online,1,62.49,0.05
SL-02-00811,SO-02-00406,2026-02-17,2026-02-18,C00270,P0184,D097,South,Store,4,77.74,0.10
SL-02-00812,SO-02-00406,2026-02-22,2026-02-28,C00945,P0308,D011,Central,Online,4,138.74,0.15
SL-02-00813,SO-02-00407,2026-02-24,2026-03-02,C00114,P0030,D101,West,Partner,2,346.24,0.05
SL-02-00814,SO-02-00407,2026-02-05,2026-02-13,C00566,P0018,D101,West,Partner,3,211.24,0.05
SL-02-00815,SO-02-00408,2026-02-01,,C00894,P0163,D073,West,Online,2,174.99,0.05
SL-02-00816,SO-02-00408,2026-02-27,2026-03-02,C00487,P0055,D036,East,Partner,1,293.99,0.05
SL-02-00817,SO-02-00409,2026-02-24,2026-03-01,C00853,P0013,D021,North,Store,2,154.99,0.10
SL-02-00818,SO-02-00409,2026-02-03,2026-02-07,C00615,P0073,D075,West,Partner,5,162.99,0.15
SL-02-00819,SO-02-00410,2026-02-15,2026-02-22,C00882,P0083,D084,North,Store,3,275.49,0.10
SL-02-00820,SO-02-00410,2026-02-12,2026-02-13,C00153,P0296,D095,West,Partner,2,337.24,0.10
SL-02-00821,SO-02-00411,2026-02-28,2026-03-06,C00138,P0050,D098,West,Store,3,237.74,0.15
SL-02-00822,SO-02-00411,2026-02-23,2026-02-28,C01053,P0228,D029,Central,Partner,4,239.24,0
SL-02-00823,SO-02-00412,2026-02-02,2026-02-03,C00102,P0081,D039,Central,Partner,3,252.99,0.15
SL-02-00824,SO-02-00412,2026-02-11,2026-02-15,C00238,P0196,D103,South,Store,3,212.74,0.15
SL-02-00825,SO-02-00413,2026-02-23,2026-02-27,C00284,P0277,D051,South,Partner,3,123.49,0
SL-02-00826,SO-02-00413,2026-02-07,2026-02-08,C00695,P0188,D006,North,Store,3,122.74,0.15
SL-02-00827,SO-02-00414,2026-02-19,2026-02-26,C00378,P0344,D038,North,Online,5,210.24,0.05
SL-02-00828,SO-02-00414,2026-02-23,2026-02-25,C00128,P0317,D059,North,Online,4,239.99,0
SL-02-00829,SO-02-00415,2026-02-25,2026-03-04,C00211,P0230,D048,West,Online,1,261.74,0.15
SL-02-00830,SO-02-00415,2026-02-24,2026-02-26,C00593,P0299,D061,East,Store,3,370.99,0
SL-02-00831,SO-02-00416,2026-02-27,2026-03-07,C00165,P0017,D007,Central,Online,2,199.99,0.10
SL-02-00832,SO-02-00416,2026-02-24,2026-03-03,C00416,P0131,D008,North,Partner,3,148.49,0
SL-02-00833,SO-02-00417,2026-02-05,2026-02-12,C00047,P0094,D065,South,Store,4,65.74,0.10
SL-02-00834,SO-02-00417,2026-02-18,2026-02-22,C00546,P0259,D013,West,Partner,2,254.49,0
SL-02-00835,SO-02-00418,2026-02-07,2026-02-10,C00058,P0098,D100,Central,Partner,5,110.74,0.10
SL-02-00836,SO-02-00418,2026-02-04,2026-02-12,C00440,P0314,D033,Central,Store,2,206.24,0
SL-02-00837,SO-02-00419,2026-02-06,,C00908,P0143,D081,North,Store,2,283.49,0.05
SL-02-00838,SO-02-00419,2026-02-17,2026-02-23,C01368,P0160,D006,South,Online,4,141.24,0.15
SL-02-00839,SO-02-00420,2026-02-19,2026-02-21,C00132,P0356,D043,South,Partner,5,345.24,0
SL-02-00840,SO-02-00420,2026-02-03,2026-02-04,C00749,P0343,D041,Central,Partner,3,198.99,0.05
SL-02-00841,SO-02-00421,2026-02-13,2026-02-14,C00073,P0326,D021,Central,Partner,1,341.24,0.05
SL-02-00842,SO-02-00421,2026-02-01,2026-02-02,C00837,P0201,D009,East,Online,2,268.99,0.15
SL-02-00843,SO-02-00422,2026-02-11,2026-02-17,C00291,P0290,D105,South,Store,1,269.74,0.15
SL-02-00844,SO-02-00422,2026-02-04,2026-02-07,C00483,P0113,D019,South,Store,1,279.49,0.05
SL-02-00845,SO-02-00423,2026-02-28,2026-03-03,C00471,P0117,D101,West,Partner,5,324.49,0
SL-02-00846,SO-02-00423,2026-02-25,2026-02-26,C00764,P0031,D024,North,Store,1,23.99,0.15
SL-02-00847,SO-02-00424,2026-02-02,2026-02-10,C00106,P0304,D027,East,Online,1,93.74,0.10
SL-02-00848,SO-02-00424,2026-02-07,2026-02-08,C01071,P0230,D048,Central,Partner,5,261.74,0
SL-02-00849,SO-02-00425,2026-02-09,2026-02-14,C00993,P0071,D062,Central,Partner,1,140.49,0.05
SL-02-00850,SO-02-00425,2026-02-11,2026-02-12,C00094,P0145,D109,South,Store,4,305.99,0.10
SL-02-00851,SO-02-00426,2026-02-07,2026-02-09,C00729,P0336,D076,North,Store,3,120.24,0
SL-02-00852,SO-02-00426,2026-02-03,2026-02-10,C00582,P0062,D041,South,Partner,2,39.24,0
SL-02-00853,SO-02-00427,2026-02-23,2026-02-28,C01056,P0356,D090,West,Online,2,345.24,0
SL-02-00854,SO-02-00427,2026-02-23,2026-03-01,C00261,P0212,D060,East,Partner,3,59.24,0
SL-02-00855,SO-02-00428,2026-02-10,2026-02-15,C00646,P0277,D003,North,Online,2,123.49,0.05
SL-02-00856,SO-02-00428,2026-02-20,2026-02-26,C00169,P0218,D060,East,Store,4,126.74,0
SL-02-00857,SO-02-00429,2026-02-17,2026-02-25,C00896,P0110,D092,East,Partner,5,245.74,0.05
SL-02-00858,SO-02-00429,2026-02-07,2026-02-11,C00515,P0294,D070,Central,Online,4,314.74,0.10
SL-02-00859,SO-02-00430,2026-02-18,,C00708,P0333,D087,West,Partner,1,86.49,0.10
SL-02-00860,SO-02-00430,2026-02-09,2026-02-13,C00234,P0354,D072,North,Online,2,322.74,0
SL-02-00861,SO-02-00431,2026-02-12,2026-02-16,C00086,P0353,D076,North,Store,4,311.49,0
SL-02-00862,SO-02-00431,2026-02-24,2026-03-04,C00993,P0292,D075,South,Partner,1,292.24,0.05
SL-02-00863,SO-02-00432,2026-02-11,2026-02-16,C00184,P0208,D037,South,Store,5,347.74,0.15
SL-02-00864,SO-02-00432,2026-02-05,2026-02-08,C00057,P0251,D050,Central,Store,1,164.49,0.05
SL-02-00865,SO-02-00433,2026-02-04,2026-02-05,C00735,P0288,D052,Central,Store,2,247.24,0.05
SL-02-00866,SO-02-00433,2026-02-20,2026-02-27,C00662,P0211,D053,East,Online,4,47.99,0.05
SL-02-00867,SO-02-00434,2026-02-11,2026-02-15,C00689,P0066,D002,Central,Store,2,84.24,0.05
SL-02-00868,SO-02-00434,2026-02-09,2026-02-13,C00863,P0302,D074,West,Store,3,71.24,0.15
SL-02-00869,SO-02-00435,2026-02-19,2026-02-24,C01359,P0241,D083,North,Partner,4,51.99,0.10
SL-02-00870,SO-02-00435,2026-02-03,2026-02-09,C00548,P0244,D033,West,Store,5,85.74,0.05
SL-02-00871,SO-02-00436,2026-02-03,2026-02-11,C00140,P0306,D058,Central,Online,1,116.24,0.10
SL-02-00872,SO-02-00436,2026-02-17,2026-02-25,C00249,P0217,D035,Central,Partner,2,115.49,0.05
SL-02-00873,SO-02-00437,2026-02-23,2026-02-26,C00346,P0060,D095,Central,Partner,1,350.24,0.10
SL-02-00874,SO-02-00437,2026-02-24,2026-02-28,C00245,P0255,D025,North,Store,3,209.49,0.15
SL-02-00875,SO-02-00438,2026-02-21,2026-02-27,C00147,P0287,D092,North,Online,2,235.99,0
SL-02-00876,SO-02-00438,2026-02-21,2026-02-28,C00948,P0133,D068,North,Store,2,170.99,0.05
SL-02-00877,SO-02-00439,2026-02-10,2026-02-17,C00717,P0336,D044,East,Store,5,120.24,0.15
SL-02-00878,SO-02-00439,2026-02-11,2026-02-12,C00779,P0230,D107,South,Store,2,261.74,0
SL-02-00879,SO-02-00440,2026-02-16,2026-02-17,C00489,P0284,D052,North,Online,1,202.24,0
SL-02-00880,SO-02-00440,2026-02-14,2026-02-15,C00136,P0182,D085,West,Online,3,55.24,0
SL-02-00881,SO-02-00441,2026-02-05,,C01011,P0076,D049,North,Partner,1,196.74,0.15
SL-02-00882,SO-02-00441,2026-02-09,2026-02-11,C00693,P0159,D025,East,Store,4,129.99,0.05
SL-02-00883,SO-02-00442,2026-02-11,2026-02-12,C00608,P0275,D097,South,Store,5,100.99,0
SL-02-00884,SO-02-00442,2026-02-04,2026-02-06,C00625,P0221,D109,Central,Online,1,160.49,0.15
SL-02-00885,SO-02-00443,2026-02-15,2026-02-20,C00374,P0102,D060,South,Store,1,155.74,0.05
SL-02-00886,SO-02-00443,2026-02-06,2026-02-07,C00290,P0086,D034,East,Store,3,309.24,0.15
SL-02-00887,SO-02-00444,2026-02-26,2026-03-06,C00194,P0294,D047,West,Online,3,314.74,0
SL-02-00888,SO-02-00444,2026-02-20,2026-02-28,C00960,P0019,D060,West,Online,3,222.49,0
SL-02-00889,SO-02-00445,2026-02-17,2026-02-20,C00231,P0085,D065,South,Online,1,297.99,0.10
SL-02-00890,SO-02-00445,2026-02-28,2026-03-02,C01077,P0331,D055,Central,Store,3,63.99,0.10
SL-02-00891,SO-02-00446,2026-02-28,2026-03-05,C00928,P0318,D069,South,Partner,1,251.24,0.05
SL-02-00892,SO-02-00446,2026-02-11,2026-02-18,C00490,P0233,D083,South,Online,2,295.49,0
SL-02-00893,SO-02-00447,2026-02-26,2026-03-01,C00091,P0247,D027,North,Online,3,119.49,0.10
SL-02-00894,SO-02-00447,2026-02-22,2026-02-25,C00331,P0035,D051,Central,Online,2,68.99,0.15
SL-02-00895,SO-02-00448,2026-02-04,2026-02-05,C00881,P0202,D036,East,Partner,5,280.24,0.05
SL-02-00896,SO-02-00448,2026-02-16,2026-02-21,C00298,P0230,D082,South,Online,3,261.74,0.05
SL-02-00897,SO-02-00449,2026-02-22,2026-02-25,C00114,P0168,D089,South,Store,4,231.24,0.05
SL-02-00898,SO-02-00449,2026-02-23,2026-03-03,C00820,P0221,D075,Central,Partner,2,160.49,0.05
SL-02-00899,SO-02-00450,2026-02-22,2026-02-24,C00984,P0078,D010,East,Store,5,219.24,0.05
SL-02-00900,SO-02-00450,2026-02-24,2026-03-02,C01370,P0038,D041,South,Partner,5,102.74,0.05
SL-02-00901,SO-02-00451,2026-02-11,2026-02-14,C00121,P0234,D013,South,Partner,4,306.74,0.10
SL-02-00902,SO-02-00451,2026-02-22,2026-02-25,C00222,P0354,D087,North,Store,5,322.74,0
SL-02-00903,SO-02-00452,2026-02-26,,C00646,P0206,D084,North,Partner,1,325.24,0.10
SL-02-00904,SO-02-00452,2026-02-02,2026-02-05,C00669,P0267,D105,East,Online,5,344.49,0
SL-02-00905,SO-02-00453,2026-02-22,2026-02-26,C00951,P0326,D068,West,Store,2,341.24,0
SL-02-00906,SO-02-00453,2026-02-19,2026-02-26,C00038,P0223,D088,East,Partner,2,182.99,0.10
SL-02-00907,SO-02-00454,2026-02-15,2026-02-20,C00273,P0338,D061,Central,Store,3,142.74,0.05
SL-02-00908,SO-02-00454,2026-02-12,2026-02-16,C00044,P0079,D066,South,Store,2,230.49,0.05
SL-02-00909,SO-02-00455,2026-02-11,2026-02-14,C00011,P0252,D020,Central,Store,2,175.74,0.05
SL-02-00910,SO-02-00455,2026-02-13,2026-02-18,C00869,P0315,D032,North,Store,5,217.49,0.05
SL-02-00911,SO-02-00456,2026-02-09,2026-02-17,C00515,P0050,D082,Central,Partner,2,237.74,0.10
SL-02-00912,SO-02-00456,2026-02-08,2026-02-12,C00437,P0320,D089,Central,Partner,1,273.74,0.10
SL-02-00913,SO-02-00457,2026-02-04,2026-02-10,C00347,P0286,D043,East,Store,3,224.74,0
SL-02-00914,SO-02-00457,2026-02-17,2026-02-20,C00215,P0006,D077,Central,Partner,1,76.24,0.15
SL-02-00915,SO-02-00458,2026-02-10,2026-02-13,C00941,P0044,D027,Central,Online,2,170.24,0.05
SL-02-00916,SO-02-00458,2026-02-05,2026-02-09,C00357,P0098,D105,South,Partner,2,110.74,0
SL-02-00917,SO-02-00459,2026-02-22,2026-02-25,C00345,P0290,D108,North,Partner,1,269.74,0.15
SL-02-00918,SO-02-00459,2026-02-08,2026-02-15,C00188,P0083,D071,East,Partner,4,275.49,0.10
SL-02-00919,SO-02-00460,2026-02-01,2026-02-02,C00041,P0020,D018,North,Store,5,233.74,0.15
SL-02-00920,SO-02-00460,2026-02-13,2026-02-20,C00587,P0150,D052,Central,Partner,5,362.24,0.10
SL-02-00921,SO-02-00461,2026-02-12,2026-02-19,C00794,P0054,D033,Central,Online,2,282.74,0.10
SL-02-00922,SO-02-00461,2026-02-28,2026-03-07,C00301,P0206,D017,North,Online,1,325.24,0.15
SL-02-00923,SO-02-00462,2026-02-01,2026-02-02,C00120,P0119,D044,West,Store,1,346.99,0
SL-02-00924,SO-02-00462,2026-02-07,2026-02-11,C00276,P0315,D025,West,Partner,2,217.49,0.15
SL-02-00925,SO-02-00463,2026-02-10,,C00400,P0127,D042,East,Online,3,103.49,0.15
SL-02-00926,SO-02-00463,2026-02-11,2026-02-15,C00002,P0244,D085,Central,Online,5,85.74,0.15
SL-02-00927,SO-02-00464,2026-02-24,2026-02-28,C00597,P0087,D100,West,Store,3,320.49,0.15
SL-02-00928,SO-02-00464,2026-02-18,2026-02-21,C00356,P0024,D011,East,Partner,5,278.74,0.15
SL-02-00929,SO-02-00465,2026-02-10,2026-02-13,C00265,P0217,D020,West,Store,1,115.49,0
SL-02-00930,SO-02-00465,2026-02-27,2026-03-03,C00674,P0321,D046,Central,Store,3,284.99,0.10
SL-02-00931,SO-02-00466,2026-02-14,2026-02-19,C01361,P0050,D028,West,Store,4,237.74,0
SL-02-00932,SO-02-00466,2026-02-13,2026-02-17,C00421,P0272,D008,South,Online,2,67.24,0.10
SL-02-00933,SO-02-00467,2026-02-04,2026-02-06,C00921,P0189,D095,North,Partner,2,133.99,0.10
SL-02-00934,SO-02-00467,2026-02-12,2026-02-13,C00731,P0357,D066,North,Partner,5,356.49,0
SL-02-00935,SO-02-00468,2026-02-28,2026-03-06,C00629,P0080,D057,Central,Online,3,241.74,0
SL-02-00936,SO-02-00468,2026-02-06,2026-02-09,C00196,P0080,D077,West,Store,2,241.74,0.10
SL-02-00937,SO-02-00469,2026-02-15,2026-02-23,C01052,P0274,D053,West,Partner,5,89.74,0.15
SL-02-00938,SO-02-00469,2026-02-15,2026-02-18,C00367,P0252,D044,East,Partner,3,175.74,0.15
SL-02-00939,SO-02-00470,2026-02-15,2026-02-18,C00018,P0130,D053,North,Store,1,137.24,0
SL-02-00940,SO-02-00470,2026-02-23,2026-03-03,C00496,P0189,D094,Central,Store,3,133.99,0.15
SL-02-00941,SO-02-00471,2026-02-12,2026-02-13,C00590,P0332,D081,South,Partner,5,75.24,0.10
SL-02-00942,SO-02-00471,2026-02-03,2026-02-09,C00379,P0249,D067,South,Online,1,141.99,0
SL-02-00943,SO-02-00472,2026-02-15,2026-02-16,C01030,P0327,D061,East,Partner,4,352.49,0.15
SL-02-00944,SO-02-00472,2026-02-24,2026-02-26,C00998,P0329,D044,East,Partner,1,374.99,0.05
SL-02-00945,SO-02-00473,2026-02-17,2026-02-24,C00483,P0047,D083,North,Online,1,203.99,0.10
SL-02-00946,SO-02-00473,2026-02-22,2026-02-26,C00670,P0016,D080,North,Partner,4,188.74,0
SL-02-00947,SO-02-00474,2026-02-06,,C00592,P0088,D068,Central,Partner,3,331.74,0.10
SL-02-00948,SO-02-00474,2026-02-23,2026-03-01,C00406,P0164,D043,West,Partner,3,186.24,0.15
SL-02-00949,SO-02-00475,2026-02-13,2026-02-19,C00893,P0242,D101,South,Online,1,63.24,0.10
SL-02-00950,SO-02-00475,2026-02-27,2026-03-06,C00243,P0313,D009,South,Store,3,194.99,0.10
SL-02-00951,SO-02-00476,2026-02-05,2026-02-06,C00484,P0172,D065,North,Partner,1,276.24,0.10
SL-02-00952,SO-02-00476,2026-02-27,2026-03-06,C00734,P0147,D109,North,Partner,1,328.49,0.10
SL-02-00953,SO-02-00477,2026-02-07,2026-02-10,C00422,P0007,D027,South,Online,5,87.49,0.15
SL-02-00954,SO-02-00477,2026-02-07,2026-02-15,C00183,P0282,D043,North,Store,2,179.74,0.10
SL-02-00955,SO-02-00478,2026-02-21,2026-03-01,C00736,P0010,D069,Central,Online,1,121.24,0.10
SL-02-00956,SO-02-00478,2026-02-24,2026-02-25,C00647,P0031,D051,North,Online,2,23.99,0.05
SL-02-00957,SO-02-00479,2026-02-05,2026-02-06,C00161,P0196,D089,Central,Store,4,212.74,0.05
SL-02-00958,SO-02-00479,2026-02-05,2026-02-09,C00492,P0210,D095,West,Partner,4,370.24,0.10
SL-02-00959,SO-02-00480,2026-02-09,2026-02-10,C00518,P0171,D089,North,Online,4,264.99,0.10
SL-02-00960,SO-02-00480,2026-02-06,2026-02-13,C00631,P0076,D102,East,Partner,4,196.74,0.05
SL-02-00961,SO-02-00481,2026-02-12,2026-02-13,C00528,P0174,D029,Central,Online,3,298.74,0.15
SL-02-00962,SO-02-00481,2026-02-09,2026-02-12,C01352,P0084,D076,North,Online,4,286.74,0.15
SL-02-00963,SO-02-00482,2026-02-12,2026-02-16,C00268,P0090,D011,Central,Online,5,354.24,0.10
SL-02-00964,SO-02-00482,2026-02-15,2026-02-21,C01001,P0184,D045,South,Partner,5,77.74,0.05
SL-02-00965,SO-02-00483,2026-02-07,2026-02-11,C00021,P0187,D003,Central,Partner,3,111.49,0.05
SL-02-00966,SO-02-00483,2026-02-27,2026-03-07,C00311,P0216,D089,West,Store,4,104.24,0.10
SL-02-00967,SO-02-00484,2026-02-19,2026-02-20,C01002,P0279,D110,East,Partner,1,145.99,0
SL-02-00968,SO-02-00484,2026-02-18,2026-02-26,C00380,P0316,D072,South,Online,3,228.74,0.05
SL-02-00969,SO-02-00485,2026-02-26,,C00982,P0350,D095,South,Online,5,277.74,0.05
SL-02-00970,SO-02-00485,2026-02-05,2026-02-06,C00164,P0005,D062,East,Partner,5,64.99,0
SL-02-00971,SO-02-00486,2026-02-08,2026-02-13,C00099,P0276,D056,Central,Online,1,112.24,0.15
SL-02-00972,SO-02-00486,2026-02-25,2026-03-05,C00704,P0237,D029,South,Partner,5,340.49,0
SL-02-00973,SO-02-00487,2026-02-06,2026-02-08,C00572,P0176,D021,West,Partner,3,321.24,0.05
SL-02-00974,SO-02-00487,2026-02-16,2026-02-18,C00840,P0225,D048,Central,Partner,5,205.49,0.10
SL-02-00975,SO-02-00488,2026-02-15,2026-02-22,C00456,P0092,D045,West,Store,3,43.24,0.10
SL-02-00976,SO-02-00488,2026-02-11,2026-02-16,C00355,P0206,D034,East,Online,2,325.24,0.15
SL-02-00977,SO-02-00489,2026-02-23,2026-02-26,C00926,P0012,D039,East,Online,2,143.74,0
SL-02-00978,SO-02-00489,2026-02-05,2026-02-08,C00340,P0003,D026,North,Online,4,42.49,0
SL-02-00979,SO-02-00490,2026-02-23,2026-03-03,C00812,P0110,D041,North,Online,5,245.74,0.05
SL-02-00980,SO-02-00490,2026-02-24,2026-02-26,C00399,P0092,D030,North,Partner,1,43.24,0.15
SL-02-00981,SO-02-00491,2026-02-01,2026-02-09,C00702,P0258,D012,East,Store,5,243.24,0.10
SL-02-00982,SO-02-00491,2026-02-07,2026-02-15,C00418,P0136,D041,South,Store,5,204.74,0.10
SL-02-00983,SO-02-00492,2026-02-17,2026-02-25,C00772,P0065,D008,North,Store,2,72.99,0.15
SL-02-00984,SO-02-00492,2026-02-17,2026-02-22,C00001,P0251,D003,South,Online,4,164.49,0
SL-02-00985,SO-02-00493,2026-02-21,2026-02-28,C00890,P0330,D085,West,Partner,2,386.24,0.15
SL-02-00986,SO-02-00493,2026-02-11,2026-02-12,C00069,P0269,D111,North,Online,1,366.99,0
SL-02-00987,SO-02-00494,2026-02-21,2026-02-27,C00996,P0292,D003,Central,Store,5,292.24,0
SL-02-00988,SO-02-00494,2026-02-01,2026-02-02,C00719,P0017,D006,West,Store,1,199.99,0
SL-02-00989,SO-02-00495,2026-02-25,2026-03-04,C01089,P0230,D021,North,Partner,5,261.74,0.05
SL-02-00990,SO-02-00495,2026-02-18,2026-02-19,C00509,P0190,D080,West,Partner,5,145.24,0.10
SL-02-00991,SO-02-00496,2026-02-03,,C00224,P0325,D096,North,Online,4,329.99,0.15
SL-02-00992,SO-02-00496,2026-02-03,2026-02-09,C00109,P0182,D039,North,Partner,4,55.24,0.05
SL-02-00993,SO-02-00497,2026-02-06,2026-02-14,C01363,P0359,D072,South,Online,2,378.99,0.05
SL-02-00994,SO-02-00497,2026-02-18,2026-02-21,C00503,P0053,D067,West,Online,3,271.49,0.05
SL-02-00995,SO-02-00498,2026-02-05,2026-02-12,C00727,P0097,D045,North,Store,5,99.49,0
SL-02-00996,SO-02-00498,2026-02-28,2026-03-01,C00154,P0336,D032,East,Partner,5,120.24,0.10
SL-02-00997,SO-02-00499,2026-02-07,2026-02-09,C00813,P0068,D098,South,Store,4,106.74,0.05
SL-02-00998,SO-02-00499,2026-02-12,2026-02-19,C00878,P0248,D049,West,Partner,1,130.74,0.10
SL-02-00999,SO-02-00500,2026-02-06,2026-02-14,C00220,P0292,D020,Central,Online,1,292.24,0.05
SL-02-01000,SO-02-00500,2026-02-09,2026-02-12,C00041,P0046,D037,Central,Store,1,192.74,0.10
SL-02-01001,SO-02-00501,2026-02-27,2026-03-06,C00015,P0246,D039,East,Online,1,108.24,0.05
SL-02-01002,SO-02-00501,2026-02-22,2026-02-26,C00710,P0122,D045,West,Partner,2,47.24,0.10
SL-02-01003,SO-02-00502,2026-02-23,2026-03-01,C00422,P0134,D105,West,Store,1,182.24,0
SL-02-01004,SO-02-00502,2026-02-05,2026-02-08,C00218,P0211,D106,West,Store,3,47.99,0.15
SL-02-01005,SO-02-00503,2026-02-20,2026-02-23,C00934,P0002,D045,South,Store,5,31.24,0.10
SL-02-01006,SO-02-00503,2026-02-28,2026-03-04,C00021,P0273,D109,West,Online,5,78.49,0.15
SL-02-01007,SO-02-00504,2026-02-25,2026-03-02,C00684,P0115,D085,South,Store,5,301.99,0.15
SL-02-01008,SO-02-00504,2026-02-10,2026-02-11,C00702,P0030,D052,South,Online,5,346.24,0.10
SL-02-01009,SO-02-00505,2026-02-09,2026-02-16,C01087,P0008,D008,East,Store,3,98.74,0.10
SL-02-01010,SO-02-00505,2026-02-09,2026-02-12,C00454,P0296,D077,South,Store,1,337.24,0.10
SL-02-01011,SO-02-00506,2026-02-05,2026-02-11,C00794,P0035,D094,Central,Partner,1,68.99,0.05
SL-02-01012,SO-02-00506,2026-02-22,2026-02-28,C00104,P0331,D063,South,Partner,3,63.99,0.05
SL-02-01013,SO-02-00507,2026-02-20,,C00005,P0173,D075,North,Store,4,287.49,0.10
SL-02-01014,SO-02-00507,2026-02-22,2026-02-28,C00796,P0260,D049,North,Online,4,265.74,0.10
SL-02-01015,SO-02-00508,2026-02-26,2026-02-27,C00980,P0351,D095,North,Store,2,288.99,0.15
SL-02-01016,SO-02-00508,2026-02-18,2026-02-21,C00865,P0198,D064,Central,Online,5,235.24,0.05
SL-02-01017,SO-02-00509,2026-02-24,2026-03-03,C00097,P0262,D097,East,Store,1,288.24,0.05
SL-02-01018,SO-02-00509,2026-02-16,2026-02-19,C00913,P0233,D051,South,Partner,2,295.49,0
SL-02-01019,SO-02-00510,2026-02-09,2026-02-17,C00119,P0344,D088,South,Store,2,210.24,0.05
SL-02-01020,SO-02-00510,2026-02-03,2026-02-08,C00121,P0212,D020,North,Partner,3,59.24,0
SL-02-01021,SO-02-00511,2026-02-10,2026-02-16,C01038,P0208,D081,Central,Online,4,347.74,0.15
SL-02-01022,SO-02-00511,2026-02-02,2026-02-08,C00115,P0050,D032,East,Partner,4,237.74,0.15
SL-02-01023,SO-02-00512,2026-02-21,2026-02-25,C00587,P0358,D042,Central,Online,2,367.74,0.10
SL-02-01024,SO-02-00512,2026-02-21,2026-02-24,C01354,P0004,D072,South,Online,4,53.74,0.15
SL-02-01025,SO-02-00513,2026-02-25,2026-03-01,C00226,P0326,D046,South,Online,1,341.24,0
SL-02-01026,SO-02-00513,2026-02-15,2026-02-21,C00694,P0157,D031,Central,Partner,4,107.49,0.15
SL-02-01027,SO-02-00514,2026-02-09,2026-02-15,C00770,P0224,D102,Central,Partner,5,194.24,0.15
SL-02-01028,SO-02-00514,2026-02-20,2026-02-28,C00495,P0174,D037,West,Store,4,298.74,0.05
SL-02-01029,SO-02-00515,2026-02-26,2026-02-28,C00090,P0115,D085,North,Store,4,301.99,0.05
SL-02-01030,SO-02-00515,2026-02-06,2026-02-14,C00998,P0136,D095,West,Partner,3,204.74,0.15
SL-02-01031,SO-02-00516,2026-02-25,2026-03-03,C00146,P0055,D058,North,Online,1,293.99,0.05
SL-02-01032,SO-02-00516,2026-02-01,2026-02-06,C00342,P0159,D112,East,Online,5,129.99,0
SL-02-01033,SO-02-00517,2026-02-08,2026-02-09,C00397,P0183,D017,Central,Partner,4,66.49,0.05
SL-02-01034,SO-02-00517,2026-02-07,2026-02-11,C00820,P0288,D070,East,Online,5,247.24,0.10
SL-02-01035,SO-02-00518,2026-02-04,,C00325,P0109,D021,East,Online,2,234.49,0.05
SL-02-01036,SO-02-00518,2026-02-22,2026-02-24,C00517,P0183,D011,North,Online,1,66.49,0
SL-02-01037,SO-02-00519,2026-02-04,2026-02-09,C01049,P0359,D060,South,Online,2,378.99,0.15
SL-02-01038,SO-02-00519,2026-02-19,2026-02-26,C00085,P0155,D031,West,Partner,3,84.99,0.05
SL-02-01039,SO-02-00520,2026-02-23,2026-02-25,C00623,P0076,D009,South,Online,2,196.74,0
SL-02-01040,SO-02-00520,2026-02-09,2026-02-16,C00326,P0121,D090,South,Online,1,35.99,0
SL-02-01041,SO-02-00521,2026-02-12,2026-02-13,C00092,P0239,D086,South,Partner,3,362.99,0.10
SL-02-01042,SO-02-00521,2026-02-13,2026-02-20,C00161,P0171,D011,Central,Store,4,264.99,0.10
SL-02-01043,SO-02-00522,2026-02-27,2026-03-03,C00522,P0103,D016,South,Online,5,166.99,0.15
SL-02-01044,SO-02-00522,2026-02-25,2026-03-03,C00822,P0086,D092,South,Store,2,309.24,0
SL-02-01045,SO-02-00523,2026-02-19,2026-02-25,C00666,P0185,D044,North,Store,1,88.99,0.05
SL-02-01046,SO-02-00523,2026-02-15,2026-02-16,C00797,P0025,D080,South,Online,2,289.99,0.05
SL-02-01047,SO-02-00524,2026-02-20,2026-02-26,C00885,P0004,D111,Central,Partner,3,53.74,0.05
SL-02-01048,SO-02-00524,2026-02-05,2026-02-09,C01046,P0326,D111,North,Partner,3,341.24,0
SL-02-01049,SO-02-00525,2026-02-17,2026-02-18,C00086,P0008,D100,South,Online,3,98.74,0.05
SL-02-01050,SO-02-00525,2026-02-17,2026-02-23,C00266,P0139,D093,North,Online,4,238.49,0
SL-02-01051,SO-02-00526,2026-02-12,2026-02-13,C00914,P0309,D111,West,Partner,3,149.99,0.05
SL-02-01052,SO-02-00526,2026-02-17,2026-02-22,C00845,P0291,D050,North,Partner,1,280.99,0.10
SL-02-01053,SO-02-00527,2026-02-12,2026-02-18,C01000,P0264,D043,South,Store,1,310.74,0
SL-02-01054,SO-02-00527,2026-02-15,2026-02-23,C00614,P0050,D086,East,Online,3,237.74,0
SL-02-01055,SO-02-00528,2026-02-24,2026-03-03,C01365,P0171,D071,Central,Store,2,264.99,0.10
SL-02-01056,SO-02-00528,2026-02-02,2026-02-08,C00153,P0194,D077,South,Store,5,190.24,0
SL-02-01057,SO-02-00529,2026-02-18,,C00312,P0089,D100,South,Partner,2,342.99,0.05
SL-02-01058,SO-02-00529,2026-02-20,2026-02-26,C00602,P0323,D022,Central,Store,5,307.49,0.05
SL-02-01059,SO-02-00530,2026-02-16,2026-02-21,C01009,P0351,D002,North,Partner,1,288.99,0
SL-02-01060,SO-02-00530,2026-02-24,2026-03-03,C00570,P0337,D107,Central,Store,2,131.49,0.05
SL-02-01061,SO-02-00531,2026-02-16,2026-02-23,C00884,P0280,D022,South,Partner,3,157.24,0.15
SL-02-01062,SO-02-00531,2026-02-27,2026-03-04,C00904,P0315,D011,East,Online,5,217.49,0
SL-02-01063,SO-02-00532,2026-02-08,2026-02-11,C00782,P0020,D098,South,Partner,5,233.74,0.15
SL-02-01064,SO-02-00532,2026-02-25,2026-03-03,C00919,P0304,D088,West,Store,3,93.74,0.05
SL-02-01065,SO-02-00533,2026-02-02,2026-02-07,C00001,P0288,D035,East,Partner,2,247.24,0.10
SL-02-01066,SO-02-00533,2026-02-20,2026-02-22,C00563,P0009,D082,East,Store,4,109.99,0.15
SL-02-01067,SO-02-00534,2026-02-05,2026-02-06,C01096,P0149,D108,South,Store,1,350.99,0
SL-02-01068,SO-02-00534,2026-02-26,2026-03-05,C00206,P0300,D079,East,Partner,5,382.24,0.10
SL-02-01069,SO-02-00535,2026-02-09,2026-02-17,C01060,P0198,D080,North,Online,4,235.24,0.10
SL-02-01070,SO-02-00535,2026-02-28,2026-03-04,C00391,P0297,D072,South,Store,4,348.49,0.10
SL-02-01071,SO-02-00536,2026-02-12,2026-02-13,C00509,P0252,D004,West,Partner,5,175.74,0
SL-02-01072,SO-02-00536,2026-02-03,2026-02-09,C00834,P0297,D084,East,Online,3,348.49,0.10
SL-02-01073,SO-02-00537,2026-02-20,2026-02-26,C00277,P0216,D007,South,Online,1,104.24,0.10
SL-02-01074,SO-02-00537,2026-02-25,2026-02-26,C01001,P0086,D072,South,Partner,1,309.24,0.15
SL-02-01075,SO-02-00538,2026-02-11,2026-02-13,C00147,P0242,D005,West,Store,4,63.24,0.10
SL-02-01076,SO-02-00538,2026-02-24,2026-03-04,C00938,P0239,D044,North,Online,5,362.99,0.15
SL-02-01077,SO-02-00539,2026-02-02,2026-02-09,C00111,P0319,D028,East,Store,4,262.49,0.05
SL-02-01078,SO-02-00539,2026-02-28,2026-03-04,C00878,P0086,D073,Central,Partner,2,309.24,0.05
SL-02-01079,SO-02-00540,2026-02-25,,C00748,P0283,D036,East,Store,3,190.99,0.10
SL-02-01080,SO-02-00540,2026-02-03,2026-02-05,C00373,P0297,D011,North,Partner,4,348.49,0
SL-02-01081,SO-02-00541,2026-02-14,2026-02-18,C00867,P0277,D087,West,Store,4,123.49,0
SL-02-01082,SO-02-00541,2026-02-11,2026-02-14,C00955,P0357,D050,North,Store,3,356.49,0.05
SL-02-01083,SO-02-00542,2026-02-09,2026-02-10,C00488,P0150,D075,South,Partner,3,362.24,0.15
SL-02-01084,SO-02-00542,2026-02-24,2026-02-28,C00141,P0291,D059,North,Partner,4,280.99,0
SL-02-01085,SO-02-00543,2026-02-21,2026-02-22,C00712,P0025,D002,Central,Partner,3,289.99,0
SL-02-01086,SO-02-00543,2026-02-26,2026-03-05,C01356,P0255,D067,East,Partner,2,209.49,0.15
SL-02-01087,SO-02-00544,2026-02-03,2026-02-10,C00016,P0100,D111,West,Store,3,133.24,0.05
SL-02-01088,SO-02-00544,2026-02-15,2026-02-20,C00881,P0224,D093,North,Online,2,194.24,0.05
SL-02-01089,SO-02-00545,2026-02-09,2026-02-10,C00068,P0195,D004,South,Online,5,201.49,0.15
SL-02-01090,SO-02-00545,2026-02-12,2026-02-15,C01032,P0120,D023,West,Partner,1,358.24,0.15
SL-02-01091,SO-02-00546,2026-02-28,2026-03-04,C00012,P0314,D069,North,Online,4,206.24,0.05
SL-02-01092,SO-02-00546,2026-02-23,2026-03-03,C00274,P0262,D074,South,Partner,2,288.24,0.15
SL-02-01093,SO-02-00547,2026-02-26,2026-03-06,C00863,P0173,D046,East,Partner,1,287.49,0.10
SL-02-01094,SO-02-00547,2026-02-08,2026-02-14,C01004,P0213,D030,East,Store,4,70.49,0.05
SL-02-01095,SO-02-00548,2026-02-16,2026-02-20,C00679,P0098,D093,East,Store,5,110.74,0.05
SL-02-01096,SO-02-00548,2026-02-03,2026-02-10,C00365,P0209,D094,Central,Store,5,358.99,0.05
SL-02-01097,SO-02-00549,2026-02-18,2026-02-19,C00709,P0339,D029,South,Store,2,153.99,0.10
SL-02-01098,SO-02-00549,2026-02-19,2026-02-26,C01065,P0324,D018,East,Partner,1,318.74,0.05
SL-02-01099,SO-02-00550,2026-02-28,2026-03-01,C00044,P0230,D066,West,Partner,1,261.74,0
SL-02-01100,SO-02-00550,2026-02-07,2026-02-08,C00599,P0142,D049,East,Store,4,272.24,0
SL-02-01101,SO-02-00551,2026-02-08,,C00506,P0056,D023,East,Store,4,305.24,0.05
SL-02-01102,SO-02-00551,2026-02-16,2026-02-18,C00734,P0105,D096,North,Store,4,189.49,0
SL-02-01103,SO-02-00552,2026-02-04,2026-02-08,C00565,P0286,D065,Central,Partner,5,224.74,0.10
SL-02-01104,SO-02-00552,2026-02-17,2026-02-24,C00520,P0146,D052,South,Partner,4,317.24,0.15
SL-02-01105,SO-02-00553,2026-02-09,2026-02-10,C00864,P0108,D106,Central,Store,4,223.24,0.05
SL-02-01106,SO-02-00553,2026-02-14,2026-02-20,C00130,P0094,D026,South,Partner,2,65.74,0.15
SL-02-01107,SO-02-00554,2026-02-04,2026-02-06,C01083,P0135,D077,Central,Partner,1,193.49,0.10
SL-02-01108,SO-02-00554,2026-02-28,2026-03-03,C00880,P0126,D017,Central,Partner,5,92.24,0.05
SL-02-01109,SO-02-00555,2026-02-09,2026-02-10,C00467,P0140,D066,North,Online,5,249.74,0
SL-02-01110,SO-02-00555,2026-02-10,2026-02-14,C00105,P0291,D031,South,Online,1,280.99,0.05
SL-02-01111,SO-02-00556,2026-02-20,2026-02-24,C00964,P0145,D082,Central,Store,2,305.99,0.05
SL-02-01112,SO-02-00556,2026-02-11,2026-02-14,C00626,P0339,D015,Central,Store,3,153.99,0.10
SL-02-01113,SO-02-00557,2026-02-19,2026-02-23,C00233,P0015,D044,South,Store,5,177.49,0.15
SL-02-01114,SO-02-00557,2026-02-22,2026-03-01,C01027,P0287,D079,West,Store,4,235.99,0
SL-02-01115,SO-02-00558,2026-02-10,2026-02-16,C00522,P0249,D101,East,Partner,2,141.99,0
SL-02-01116,SO-02-00558,2026-02-16,2026-02-23,C00691,P0303,D052,East,Partner,3,82.49,0.10
SL-02-01117,SO-02-00559,2026-02-27,2026-03-01,C01367,P0140,D002,Central,Online,5,249.74,0
SL-02-01118,SO-02-00559,2026-02-12,2026-02-16,C00951,P0142,D068,North,Store,3,272.24,0.10
SL-02-01119,SO-02-00560,2026-02-28,2026-03-08,C00958,P0205,D086,East,Online,3,313.99,0
SL-02-01120,SO-02-00560,2026-02-19,2026-02-20,C00233,P0321,D059,South,Partner,1,284.99,0
SL-02-01121,SO-02-00561,2026-02-23,2026-02-27,C00212,P0003,D084,South,Store,3,42.49,0.15
SL-02-01122,SO-02-00561,2026-02-09,2026-02-16,C00597,P0161,D048,South,Partner,1,152.49,0.05
SL-02-01123,SO-02-00562,2026-02-13,,C00322,P0168,D104,East,Store,3,231.24,0.10
SL-02-01124,SO-02-00562,2026-02-27,2026-03-07,C00075,P0138,D093,South,Online,4,227.24,0
SL-02-01125,SO-02-00563,2026-02-12,2026-02-13,C00020,P0149,D071,North,Partner,1,350.99,0.05
SL-02-01126,SO-02-00563,2026-02-17,2026-02-19,C00353,P0253,D052,East,Online,5,186.99,0.15
SL-02-01127,SO-02-00564,2026-02-04,2026-02-07,C01053,P0175,D075,South,Online,4,309.99,0.05
SL-02-01128,SO-02-00564,2026-02-09,2026-02-10,C00376,P0240,D001,North,Online,4,374.24,0.10
SL-02-01129,SO-02-00565,2026-02-26,2026-03-04,C01030,P0352,D098,West,Partner,3,300.24,0.05
SL-02-01130,SO-02-00565,2026-02-24,2026-02-25,C00434,P0181,D066,Central,Store,4,43.99,0
SL-02-01131,SO-02-00566,2026-02-13,2026-02-15,C00976,P0043,D066,East,Online,1,158.99,0.05
SL-02-01132,SO-02-00566,2026-02-01,2026-02-07,C00643,P0062,D047,East,Online,5,39.24,0
SL-02-01133,SO-02-00567,2026-02-05,2026-02-13,C01049,P0323,D087,South,Store,1,307.49,0.05
SL-02-01134,SO-02-00567,2026-02-13,2026-02-16,C00148,P0320,D030,West,Store,1,273.74,0.10
SL-02-01135,SO-02-00568,2026-02-09,2026-02-15,C00007,P0098,D085,East,Store,5,110.74,0.05
SL-02-01136,SO-02-00568,2026-02-10,2026-02-13,C00511,P0018,D087,Central,Partner,2,211.24,0.10
SL-02-01137,SO-02-00569,2026-02-27,2026-03-05,C00296,P0328,D026,West,Partner,2,363.74,0.10
SL-02-01138,SO-02-00569,2026-02-19,2026-02-21,C00094,P0052,D020,Central,Online,1,260.24,0.05
SL-02-01139,SO-02-00570,2026-02-12,2026-02-16,C00566,P0218,D111,Central,Store,5,126.74,0
SL-02-01140,SO-02-00570,2026-02-06,2026-02-08,C00506,P0345,D026,North,Store,5,221.49,0.05
SL-02-01141,SO-02-00571,2026-02-28,2026-03-04,C01049,P0085,D096,East,Online,5,297.99,0
SL-02-01142,SO-02-00571,2026-02-19,2026-02-26,C00040,P0119,D037,West,Online,1,346.99,0.15
SL-02-01143,SO-02-00572,2026-02-26,2026-03-05,C00306,P0079,D112,Central,Partner,1,230.49,0.15
SL-02-01144,SO-02-00572,2026-02-17,2026-02-18,C00426,P0338,D045,Central,Store,5,142.74,0
SL-02-01145,SO-02-00573,2026-02-12,,C01048,P0088,D057,North,Online,2,331.74,0.10
SL-02-01146,SO-02-00573,2026-02-16,2026-02-22,C00881,P0058,D103,North,Store,2,327.74,0
SL-02-01147,SO-02-00574,2026-02-08,2026-02-12,C00904,P0311,D023,North,Store,4,172.49,0.15
SL-02-01148,SO-02-00574,2026-02-02,2026-02-03,C01358,P0040,D054,South,Online,1,125.24,0.15
SL-02-01149,SO-02-00575,2026-02-01,2026-02-04,C00682,P0264,D056,West,Online,3,310.74,0.05
SL-02-01150,SO-02-00575,2026-02-20,2026-02-28,C00162,P0046,D079,East,Partner,2,192.74,0.10
SL-02-01151,SO-02-00576,2026-02-11,2026-02-14,C00789,P0203,D022,West,Store,3,291.49,0.10
SL-02-01152,SO-02-00576,2026-02-22,2026-02-24,C00720,P0272,D089,Central,Online,4,67.24,0.05
SL-02-01153,SO-02-00577,2026-02-26,2026-02-28,C00216,P0123,D092,Central,Online,1,58.49,0.10
SL-02-01154,SO-02-00577,2026-02-09,2026-02-16,C00314,P0354,D076,East,Store,1,322.74,0.15
SL-02-01155,SO-02-00578,2026-02-02,2026-02-07,C00270,P0158,D083,South,Store,1,118.74,0
SL-02-01156,SO-02-00578,2026-02-07,2026-02-13,C00019,P0331,D061,West,Partner,4,63.99,0
SL-02-01157,SO-02-00579,2026-02-23,2026-02-24,C00160,P0015,D045,North,Store,3,177.49,0.05
SL-02-01158,SO-02-00579,2026-02-14,2026-02-15,C00685,P0115,D105,North,Store,4,301.99,0.15
SL-02-01159,SO-02-00580,2026-02-25,2026-03-01,C00638,P0325,D096,South,Partner,5,329.99,0.05
SL-02-01160,SO-02-00580,2026-02-15,2026-02-19,C00713,P0214,D069,Central,Partner,2,81.74,0
SL-02-01161,SO-02-00581,2026-02-03,2026-02-06,C00313,P0053,D014,East,Online,5,271.49,0.10
SL-02-01162,SO-02-00581,2026-02-20,2026-02-23,C00153,P0348,D071,South,Online,4,255.24,0
SL-02-01163,SO-02-00582,2026-02-12,2026-02-14,C01013,P0310,D097,East,Online,3,161.24,0.15
SL-02-01164,SO-02-00582,2026-02-13,2026-02-16,C00260,P0116,D058,West,Online,3,313.24,0.15
SL-02-01165,SO-02-00583,2026-02-23,2026-02-25,C00718,P0265,D060,North,Partner,5,321.99,0.15
SL-02-01166,SO-02-00583,2026-02-03,2026-02-09,C00543,P0273,D023,East,Partner,1,78.49,0.15
SL-02-01167,SO-02-00584,2026-02-23,,C00486,P0163,D107,Central,Store,2,174.99,0
SL-02-01168,SO-02-00584,2026-02-16,2026-02-18,C00103,P0205,D008,West,Partner,2,313.99,0
SL-02-01169,SO-02-00585,2026-02-25,2026-03-02,C00513,P0216,D052,South,Partner,1,104.24,0.15
SL-02-01170,SO-02-00585,2026-02-25,2026-03-01,C00086,P0256,D062,Central,Store,3,220.74,0.05
SL-02-01171,SO-02-00586,2026-02-02,2026-02-03,C00674,P0058,D019,East,Online,1,327.74,0.15
SL-02-01172,SO-02-00586,2026-02-04,2026-02-07,C00781,P0189,D018,Central,Store,3,133.99,0.10
SL-02-01173,SO-02-00587,2026-02-14,2026-02-20,C01092,P0116,D035,East,Partner,3,313.24,0
SL-02-01174,SO-02-00587,2026-02-18,2026-02-24,C00607,P0192,D059,East,Store,4,167.74,0.15
SL-02-01175,SO-02-00588,2026-02-23,2026-02-26,C00306,P0341,D111,West,Partner,2,176.49,0.10
SL-02-01176,SO-02-00588,2026-02-15,2026-02-19,C00924,P0223,D021,East,Online,4,182.99,0.15
SL-02-01177,SO-02-00589,2026-02-19,2026-02-27,C00433,P0098,D061,South,Online,3,110.74,0.05
SL-02-01178,SO-02-00589,2026-02-07,2026-02-15,C00961,P0005,D096,Central,Online,3,64.99,0.10
SL-02-01179,SO-02-00590,2026-02-12,2026-02-18,C01369,P0253,D064,Central,Store,5,186.99,0.05
SL-02-01180,SO-02-00590,2026-02-01,2026-02-08,C01065,P0346,D052,West,Store,3,232.74,0.15
SL-02-01181,SO-02-00591,2026-02-07,2026-02-08,C00836,P0270,D073,North,Store,1,378.24,0.10
SL-02-01182,SO-02-00591,2026-02-26,2026-02-28,C00175,P0124,D112,East,Online,5,69.74,0.10
SL-02-01183,SO-02-00592,2026-02-13,2026-02-19,C00045,P0322,D043,South,Partner,5,296.24,0.15
SL-02-01184,SO-02-00592,2026-02-11,2026-02-14,C00779,P0233,D078,South,Online,4,295.49,0
SL-02-01185,SO-02-00593,2026-02-04,2026-02-10,C00713,P0268,D047,Central,Store,5,355.74,0
SL-02-01186,SO-02-00593,2026-02-22,2026-03-01,C00094,P0093,D094,South,Online,1,54.49,0.05
SL-02-01187,SO-02-00594,2026-02-10,2026-02-14,C00097,P0174,D099,East,Online,4,298.74,0.15
SL-02-01188,SO-02-00594,2026-02-11,2026-02-15,C00802,P0060,D070,East,Partner,4,350.24,0
SL-02-01189,SO-02-00595,2026-02-10,,C00376,P0188,D032,North,Partner,1,122.74,0
SL-02-01190,SO-02-00595,2026-02-22,2026-02-25,C00290,P0034,D076,East,Online,4,57.74,0
SL-02-01191,SO-02-00596,2026-02-02,2026-02-09,C00287,P0250,D064,North,Store,1,153.24,0.10
SL-02-01192,SO-02-00596,2026-02-18,2026-02-25,C00338,P0353,D031,South,Store,1,311.49,0.10
SL-02-01193,SO-02-00597,2026-02-28,2026-03-07,C00129,P0216,D016,North,Store,1,104.24,0
SL-02-01194,SO-02-00597,2026-02-18,2026-02-19,C00331,P0145,D009,South,Online,4,305.99,0
SL-02-01195,SO-02-00598,2026-02-22,2026-03-02,C00694,P0279,D069,North,Partner,2,145.99,0.15
SL-02-01196,SO-02-00598,2026-02-09,2026-02-13,C00895,P0013,D091,East,Store,1,154.99,0.10
SL-02-01197,SO-02-00599,2026-02-24,2026-02-28,C00828,P0078,D062,West,Store,1,219.24,0
SL-02-01198,SO-02-00599,2026-02-13,2026-02-15,C00378,P0203,D085,South,Store,1,291.49,0.05
SL-02-01199,SO-02-00600,2026-02-15,2026-02-17,C00937,P0044,D014,East,Partner,5,170.24,0.05
SL-02-01200,SO-02-00600,2026-02-27,2026-03-07,C01072,P0348,D028,Central,Store,3,255.24,0
SL-02-01201,SO-02-00601,2026-02-03,2026-02-11,C00964,P0135,D091,Central,Online,2,193.49,0.10
SL-02-01202,SO-02-00601,2026-02-12,2026-02-16,C00685,P0339,D028,West,Store,3,153.99,0.05
SL-02-01203,SO-02-00602,2026-02-24,2026-02-25,C00669,P0197,D088,North,Partner,2,223.99,0
SL-02-01204,SO-02-00602,2026-02-10,2026-02-12,C00438,P0160,D109,North,Online,3,141.24,0.15
SL-02-01205,SO-02-00603,2026-02-10,2026-02-16,C00498,P0184,D044,North,Partner,3,77.74,0
SL-02-01206,SO-02-00603,2026-02-18,2026-02-23,C00436,P0269,D034,South,Online,1,366.99,0.15
SL-02-01207,SO-02-00604,2026-02-11,2026-02-17,C00669,P0049,D007,North,Online,4,226.49,0
SL-02-01208,SO-02-00604,2026-02-04,2026-02-06,C00379,P0172,D085,South,Store,5,276.24,0
SL-02-01209,SO-02-00605,2026-02-25,2026-03-01,C00685,P0194,D033,North,Store,2,190.24,0.10
SL-02-01210,SO-02-00605,2026-02-05,2026-02-06,C01360,P0200,D092,North,Store,3,257.74,0.15
SL-02-01211,SO-02-00606,2026-02-20,,C01023,P0253,D010,West,Online,2,186.99,0.10
SL-02-01212,SO-02-00606,2026-02-05,2026-02-11,C00265,P0312,D034,East,Partner,2,183.74,0
SL-02-01213,SO-02-00607,2026-02-21,2026-02-24,C01090,P0166,D041,Central,Partner,5,208.74,0
SL-02-01214,SO-02-00607,2026-02-06,2026-02-07,C00493,P0301,D043,Central,Store,2,59.99,0.10
SL-02-01215,SO-02-00608,2026-02-22,2026-02-27,C00816,P0343,D077,South,Partner,4,198.99,0.10
SL-02-01216,SO-02-00608,2026-02-05,2026-02-11,C00612,P0289,D031,Central,Partner,2,258.49,0.10
SL-02-01217,SO-02-00609,2026-02-21,2026-02-24,C00894,P0160,D001,South,Store,2,141.24,0.05
SL-02-01218,SO-02-00609,2026-02-26,2026-02-28,C00045,P0116,D028,East,Partner,1,313.24,0.10
SL-02-01219,SO-02-00610,2026-02-02,2026-02-07,C00519,P0246,D043,South,Store,2,108.24,0.15
SL-02-01220,SO-02-00610,2026-02-20,2026-02-23,C00479,P0236,D101,West,Partner,3,329.24,0.10
SL-02-01221,SO-02-00611,2026-02-20,2026-02-23,C00264,P0315,D095,East,Partner,2,217.49,0.05
SL-02-01222,SO-02-00611,2026-02-21,2026-02-22,C00931,P0198,D011,North,Partner,1,235.24,0.10
SL-02-01223,SO-02-00612,2026-02-09,2026-02-11,C00183,P0161,D009,South,Partner,3,152.49,0.10
SL-02-01224,SO-02-00612,2026-02-13,2026-02-18,C00106,P0125,D021,East,Online,3,80.99,0.10
SL-02-01225,SO-02-00613,2026-02-28,2026-03-04,C00893,P0077,D081,Central,Store,5,207.99,0.10
SL-02-01226,SO-02-00613,2026-02-23,2026-02-25,C00368,P0316,D100,North,Partner,1,228.74,0.10
SL-02-01227,SO-02-00614,2026-02-23,2026-02-24,C00581,P0318,D001,Central,Partner,4,251.24,0.15
SL-02-01228,SO-02-00614,2026-02-02,2026-02-07,C00629,P0281,D003,North,Online,2,168.49,0.05
SL-02-01229,SO-02-00615,2026-02-02,2026-02-03,C00104,P0094,D107,East,Partner,2,65.74,0.15
SL-02-01230,SO-02-00615,2026-02-12,2026-02-14,C00267,P0199,D061,West,Store,4,246.49,0.05
SL-02-01231,SO-02-00616,2026-02-23,2026-02-28,C00167,P0052,D095,West,Store,2,260.24,0
SL-02-01232,SO-02-00616,2026-02-25,2026-03-01,C00105,P0135,D052,East,Store,1,193.49,0.10
SL-02-01233,SO-02-00617,2026-02-10,,C00581,P0310,D051,East,Partner,4,161.24,0.15
SL-02-01234,SO-02-00617,2026-02-02,2026-02-05,C00960,P0157,D019,South,Online,3,107.49,0.05
SL-02-01235,SO-02-00618,2026-02-28,2026-03-03,C00219,P0105,D072,Central,Online,5,189.49,0.05
SL-02-01236,SO-02-00618,2026-02-01,2026-02-05,C00244,P0265,D024,West,Store,4,321.99,0.05
SL-02-01237,SO-02-00619,2026-02-09,2026-02-12,C00919,P0159,D082,West,Online,2,129.99,0.15
SL-02-01238,SO-02-00619,2026-02-03,2026-02-06,C00106,P0272,D083,South,Online,3,67.24,0.10
SL-02-01239,SO-02-00620,2026-02-22,2026-02-27,C00219,P0176,D098,North,Online,5,321.24,0
SL-02-01240,SO-02-00620,2026-02-22,2026-02-26,C00161,P0105,D028,East,Online,3,189.49,0.05
SL-02-01241,SO-02-00621,2026-02-11,2026-02-19,C01351,P0050,D087,North,Store,2,237.74,0.15
SL-02-01242,SO-02-00621,2026-02-19,2026-02-23,C00816,P0321,D009,Central,Partner,4,284.99,0.05
SL-02-01243,SO-02-00622,2026-02-24,2026-03-04,C00945,P0230,D082,West,Online,5,261.74,0.15
SL-02-01244,SO-02-00622,2026-02-05,2026-02-11,C00314,P0009,D074,Central,Store,5,109.99,0.05
SL-02-01245,SO-02-00623,2026-02-27,2026-03-04,C00516,P0186,D048,West,Online,5,100.24,0.15
SL-02-01246,SO-02-00623,2026-02-12,2026-02-15,C00218,P0161,D061,East,Partner,4,152.49,0
SL-02-01247,SO-02-00624,2026-02-12,2026-02-15,C00627,P0353,D070,East,Store,4,311.49,0.10
SL-02-01248,SO-02-00624,2026-02-13,2026-02-19,C00430,P0222,D029,Central,Online,5,171.74,0.15
SL-02-01249,SO-02-00625,2026-02-05,2026-02-08,C01021,P0306,D017,South,Online,5,116.24,0.15
SL-02-01250,SO-02-00625,2026-02-19,2026-02-26,C00592,P0288,D112,West,Online,5,247.24,0
SL-02-01251,SO-02-00626,2026-02-10,2026-02-15,C00529,P0276,D095,South,Online,2,112.24,0.05
SL-02-01252,SO-02-00626,2026-02-10,2026-02-16,C00839,P0129,D103,North,Online,2,125.99,0.05
SL-02-01253,SO-02-00627,2026-02-21,2026-02-24,C00606,P0111,D053,South,Online,1,256.99,0.15
SL-02-01254,SO-02-00627,2026-02-28,2026-03-05,C00950,P0064,D075,West,Partner,2,61.74,0.15
SL-02-01255,SO-02-00628,2026-02-23,,C00697,P0141,D018,North,Store,2,260.99,0.10
SL-02-01256,SO-02-00628,2026-02-25,2026-03-05,C00365,P0137,D033,North,Partner,1,215.99,0.15
SL-02-01257,SO-02-00629,2026-02-10,2026-02-14,C00543,P0114,D071,East,Store,4,290.74,0.05
SL-02-01258,SO-02-00629,2026-02-06,2026-02-10,C00950,P0133,D108,East,Store,3,170.99,0.05
SL-02-01259,SO-02-00630,2026-02-25,2026-02-28,C00505,P0294,D072,East,Online,2,314.74,0.05
SL-02-01260,SO-02-00630,2026-02-10,2026-02-17,C00774,P0076,D057,East,Online,1,196.74,0.10
SL-02-01261,SO-02-00631,2026-02-20,2026-02-23,C00186,P0323,D109,West,Partner,2,307.49,0.15
SL-02-01262,SO-02-00631,2026-02-10,2026-02-18,C00988,P0205,D029,West,Online,2,313.99,0.10
SL-02-01263,SO-02-00632,2026-02-19,2026-02-21,C00686,P0282,D087,Central,Partner,4,179.74,0.15
SL-02-01264,SO-02-00632,2026-02-16,2026-02-19,C01000,P0011,D033,North,Online,5,132.49,0.10
SL-02-01265,SO-02-00633,2026-02-05,2026-02-12,C00500,P0024,D011,South,Store,5,278.74,0.05
SL-02-01266,SO-02-00633,2026-02-01,2026-02-03,C00376,P0068,D045,West,Online,2,106.74,0.15
SL-02-01267,SO-02-00634,2026-02-24,2026-02-28,C00959,P0226,D026,East,Store,4,216.74,0.15
SL-02-01268,SO-02-00634,2026-02-16,2026-02-21,C00952,P0190,D110,South,Partner,3,145.24,0.05
SL-02-01269,SO-02-00635,2026-02-11,2026-02-17,C00233,P0121,D091,North,Store,5,35.99,0
SL-02-01270,SO-02-00635,2026-02-13,2026-02-17,C00125,P0179,D068,East,Store,5,354.99,0.10
SL-02-01271,SO-02-00636,2026-02-06,2026-02-08,C00004,P0274,D112,North,Partner,4,89.74,0
SL-02-01272,SO-02-00636,2026-02-05,2026-02-06,C01362,P0112,D035,Central,Partner,4,268.24,0.05
SL-02-01273,SO-02-00637,2026-02-10,2026-02-14,C00326,P0213,D067,North,Partner,1,70.49,0.05
SL-02-01274,SO-02-00637,2026-02-25,2026-02-26,C00631,P0087,D034,Central,Online,3,320.49,0.15
SL-02-01275,SO-02-00638,2026-02-04,2026-02-06,C00429,P0009,D070,North,Store,5,109.99,0
SL-02-01276,SO-02-00638,2026-02-26,2026-03-04,C00175,P0133,D078,North,Store,2,170.99,0.10
SL-02-01277,SO-02-00639,2026-02-09,,C00982,P0085,D022,North,Store,4,297.99,0.10
SL-02-01278,SO-02-00639,2026-02-10,2026-02-11,C00906,P0340,D048,South,Partner,5,165.24,0.05
SL-02-01279,SO-02-00640,2026-02-12,2026-02-19,C00233,P0230,D018,West,Store,3,261.74,0
SL-02-01280,SO-02-00640,2026-02-24,2026-03-03,C00334,P0147,D061,Central,Online,3,328.49,0.05
SL-02-01281,SO-02-00641,2026-02-20,2026-02-28,C00723,P0330,D077,South,Online,4,386.24,0.15
SL-02-01282,SO-02-00641,2026-02-14,2026-02-22,C00004,P0136,D058,East,Online,2,204.74,0.10
SL-02-01283,SO-02-00642,2026-02-11,2026-02-19,C00863,P0188,D110,Central,Partner,2,122.74,0
SL-02-01284,SO-02-00642,2026-02-12,2026-02-17,C00727,P0031,D030,East,Store,1,23.99,0.15
SL-02-01285,SO-02-00643,2026-02-20,2026-02-25,C00140,P0315,D073,South,Partner,2,217.49,0
SL-02-01286,SO-02-00643,2026-02-09,2026-02-17,C01083,P0193,D079,South,Store,1,178.99,0.10
SL-02-01287,SO-02-00644,2026-02-25,2026-03-01,C00165,P0359,D018,West,Online,1,378.99,0.15
SL-02-01288,SO-02-00644,2026-02-27,2026-03-06,C00757,P0034,D055,East,Store,4,57.74,0
SL-02-01289,SO-02-00645,2026-02-07,2026-02-14,C00200,P0280,D016,West,Partner,3,157.24,0.15
SL-02-01290,SO-02-00645,2026-02-13,2026-02-21,C00110,P0289,D047,West,Online,4,258.49,0.15
SL-02-01291,SO-02-00646,2026-02-14,2026-02-21,C00444,P0157,D096,North,Store,2,107.49,0.10
SL-02-01292,SO-02-00646,2026-02-18,2026-02-20,C00902,P0176,D049,South,Partner,4,321.24,0.15
SL-02-01293,SO-02-00647,2026-02-12,2026-02-19,C00986,P0109,D038,Central,Online,2,234.49,0
SL-02-01294,SO-02-00647,2026-02-03,2026-02-04,C00165,P0024,D026,North,Partner,3,278.74,0.10
SL-02-01295,SO-02-00648,2026-02-13,2026-02-21,C00675,P0137,D006,Central,Online,5,215.99,0.15
SL-02-01296,SO-02-00648,2026-02-27,2026-03-05,C00442,P0104,D102,East,Store,2,178.24,0.15
SL-02-01297,SO-02-00649,2026-02-18,2026-02-23,C00252,P0132,D105,West,Online,1,159.74,0.15
SL-02-01298,SO-02-00649,2026-02-19,2026-02-27,C00979,P0121,D072,Central,Partner,3,35.99,0.05
SL-02-01299,SO-02-00650,2026-02-22,,C00116,P0052,D049,East,Store,3,260.24,0.10
SL-02-01300,SO-02-00650,2026-02-15,2026-02-16,C00236,P0130,D031,West,Partner,4,137.24,0
SL-02-01301,SO-02-00651,2026-02-27,2026-03-02,C00583,P0243,D035,South,Store,2,74.49,0.05
SL-02-01302,SO-02-00651,2026-02-17,2026-02-20,C00736,P0010,D045,East,Store,2,121.24,0.10
SL-02-01303,SO-02-00652,2026-02-02,2026-02-06,C01353,P0022,D063,Central,Store,3,256.24,0
SL-02-01304,SO-02-00652,2026-02-27,2026-03-01,C00852,P0206,D059,West,Store,4,325.24,0.10
SL-02-01305,SO-02-00653,2026-02-09,2026-02-14,C00743,P0268,D100,East,Store,4,355.74,0
SL-02-01306,SO-02-00653,2026-02-12,2026-02-18,C00551,P0020,D040,North,Online,2,233.74,0.05
SL-02-01307,SO-02-00654,2026-02-13,2026-02-16,C00430,P0314,D054,South,Online,3,206.24,0.10
SL-02-01308,SO-02-00654,2026-02-24,2026-02-27,C00304,P0001,D094,Central,Partner,2,19.99,0.15
SL-02-01309,SO-02-00655,2026-02-07,2026-02-13,C00755,P0108,D070,South,Store,5,223.24,0
SL-02-01310,SO-02-00655,2026-02-21,2026-02-24,C00087,P0108,D036,South,Online,2,223.24,0.15
SL-02-01311,SO-02-00656,2026-02-07,2026-02-13,C00679,P0292,D095,North,Online,3,292.24,0.10
SL-02-01312,SO-02-00656,2026-02-03,2026-02-05,C00426,P0295,D008,South,Partner,4,325.99,0
SL-02-01313,SO-02-00657,2026-02-26,2026-03-01,C00263,P0052,D005,West,Store,2,260.24,0.10
SL-02-01314,SO-02-00657,2026-02-19,2026-02-22,C00069,P0191,D052,West,Partner,1,156.49,0.10
SL-02-01315,SO-02-00658,2026-02-19,2026-02-23,C00395,P0036,D044,North,Store,5,80.24,0
SL-02-01316,SO-02-00658,2026-02-14,2026-02-21,C00091,P0235,D014,East,Online,1,317.99,0.10
SL-02-01317,SO-02-00659,2026-02-15,2026-02-17,C01071,P0199,D048,South,Online,3,246.49,0
SL-02-01318,SO-02-00659,2026-02-24,2026-03-01,C00247,P0032,D024,North,Online,5,35.24,0.15
SL-02-01319,SO-02-00660,2026-02-14,2026-02-22,C00511,P0310,D037,West,Online,4,161.24,0
SL-02-01320,SO-02-00660,2026-02-08,2026-02-09,C00345,P0356,D030,Central,Online,5,345.24,0.10
SL-02-01321,SO-02-00661,2026-02-26,,C00212,P0299,D083,West,Partner,5,370.99,0.10
SL-02-01322,SO-02-00661,2026-02-02,2026-02-05,C01080,P0198,D040,East,Online,2,235.24,0.10
SL-02-01323,SO-02-00662,2026-02-01,2026-02-06,C00631,P0036,D023,East,Partner,5,80.24,0.10
SL-02-01324,SO-02-00662,2026-02-09,2026-02-15,C00291,P0345,D083,West,Online,1,221.49,0.05
SL-02-01325,SO-02-00663,2026-02-27,2026-03-06,C00623,P0132,D032,North,Store,3,159.74,0.10
SL-02-01326,SO-02-00663,2026-02-01,2026-02-08,C00759,P0335,D046,West,Store,2,108.99,0.05
SL-02-01327,SO-02-00664,2026-02-20,2026-02-24,C00123,P0235,D060,East,Online,2,317.99,0.15
SL-02-01328,SO-02-00664,2026-02-27,2026-03-01,C00964,P0198,D043,Central,Partner,3,235.24,0.10
SL-02-01329,SO-02-00665,2026-02-22,2026-02-26,C00916,P0023,D027,North,Store,4,267.49,0.10
SL-02-01330,SO-02-00665,2026-02-12,2026-02-18,C00935,P0259,D068,East,Online,1,254.49,0.15
SL-02-01331,SO-02-00666,2026-02-15,2026-02-18,C00837,P0070,D105,East,Partner,5,129.24,0.10
SL-02-01332,SO-02-00666,2026-02-07,2026-02-09,C00416,P0079,D017,South,Store,1,230.49,0.15
SL-02-01333,SO-02-00667,2026-02-15,2026-02-17,C00347,P0230,D030,Central,Partner,1,261.74,0.15
SL-02-01334,SO-02-00667,2026-02-04,2026-02-10,C01364,P0321,D069,East,Partner,2,284.99,0.15
SL-02-01335,SO-02-00668,2026-02-25,2026-03-02,C00891,P0315,D039,North,Store,1,217.49,0.10
SL-02-01336,SO-02-00668,2026-02-27,2026-03-04,C00554,P0150,D065,Central,Partner,3,362.24,0.05
SL-02-01337,SO-02-00669,2026-02-11,2026-02-15,C00156,P0130,D080,East,Online,2,137.24,0.10
SL-02-01338,SO-02-00669,2026-02-07,2026-02-10,C00402,P0121,D018,West,Partner,4,35.99,0
SL-02-01339,SO-02-00670,2026-02-24,2026-02-25,C01001,P0054,D013,North,Online,4,282.74,0.15
SL-02-01340,SO-02-00670,2026-02-21,2026-02-27,C00863,P0131,D061,East,Online,4,148.49,0.10
SL-02-01341,SO-02-00671,2026-02-09,2026-02-10,C00958,P0271,D060,West,Online,4,55.99,0
SL-02-01342,SO-02-00671,2026-02-25,2026-03-01,C00171,P0329,D003,South,Store,4,374.99,0.15
SL-02-01343,SO-02-00672,2026-02-10,,C00699,P0097,D016,Central,Store,4,99.49,0.10
SL-02-01344,SO-02-00672,2026-02-27,2026-03-04,C00877,P0287,D040,Central,Online,5,235.99,0
SL-02-01345,SO-02-00673,2026-02-01,2026-02-05,C00078,P0233,D056,South,Online,2,295.49,0.05
SL-02-01346,SO-02-00673,2026-02-27,2026-03-07,C00100,P0224,D104,East,Store,5,194.24,0.10
SL-02-01347,SO-02-00674,2026-02-28,2026-03-03,C00740,P0233,D028,North,Store,5,295.49,0.10
SL-02-01348,SO-02-00674,2026-02-07,2026-02-14,C00206,P0338,D045,Central,Store,3,142.74,0.10
SL-02-01349,SO-02-00675,2026-02-15,2026-02-16,C00922,P0203,D105,East,Online,4,291.49,0.05
SL-02-01350,SO-02-00675,2026-02-26,2026-03-06,C00900,P0269,D007,West,Online,5,366.99,0.15
