RequestID,OrganisationEntered,DepartmentID,RequestType,RequestedDateUS,CompletedDateUS,CostGBP,Status,Priority
SR-000001,Unregistered Partner 01,D026,Account access,02/30/2026,13/12/2026,162.10,Closed,Normal
SR-000002,University of Cambridge,D050,Product return,05/28/2026,06/10/2026,1256.00,Closed,Normal
SR-000003,Imperial College London,D016,Product return,06/27/2026,07/09/2026,1184.30,Closed,High
SR-000004,Oxford University Press,D103,Warranty claim,04/10/2026,05/04/2026,1160.70,Closed,Normal
SR-000005,Contoso Oxford Trading,D054,Account access,02/08/2026,02/18/2026,1297.50,Closed,High
SR-000006,Contoso Oxford Traders,D017,Account access,03/23/2026,04/09/2026,508.50,Closed,Normal
SR-000007,Fabrikam Retail Group,D047,Warranty claim,03/07/2026,01/24/2026,1207.50,Closed,High
SR-000008,Adventure Works UK,D079,Warranty claim,04/16/2026,04/23/2026,121.90,Closed,Normal
SR-000009,Contoso Retail 009,D049,Warranty claim,02/16/2026,02/23/2026,327.70,Closed,High
SR-000010,Fabrikam Digital 010,D104,Warranty claim,06/16/2026,07/09/2026,330.30,Closed,High
SR-000011,Adventure Works Research 011,D004,Warranty claim,04/14/2026,04/29/2026,1416.80,Closed,Low
SR-000012,Northwind Logistics 012,D075,Delivery enquiry,02/19/2026,02/25/2026,69.10,Closed,Normal
SR-000013,Contoso Analytics 013,D027,Product return,05/17/2026,05/29/2026,145.00,Closed,Normal
SR-000014,Fabrikam Services 014,D112,Delivery enquiry,02/12/2026,02/25/2026,1462.00,Closed,Low
SR-000015,Adventure Works Retail 015,D095,Product return,01/28/2026,02/19/2026,97.70,Closed,High
SR-000016,Northwind Digitl 016,D072,Product return,04/17/2026,05/04/2026,172.70,Closed,Normal
SR-000017,Contoso Research 017,D090,Delivery enquiry,06/04/2026,06/12/2026,410.20,Closed,Normal
SR-000018,Fabrikam Logistics 018,D033,Product return,02/07/2026,,1041.90,Open,Normal
SR-000019,Adventure Works Analytics 019,D062,Delivery enquiry,02/15/2026,02/24/2026,907.60,Closed,Normal
SR-000020,Northwind Services 020,D049,Warranty claim,03/28/2026,03/29/2026,972.20,Closed,High
SR-000021,Contoso Retial 021,D089,Warranty claim,06/18/2026,07/01/2026,618.80,Closed,High
SR-000022,Fabrikam Digital 022,D067,Warranty claim,03/12/2026,04/02/2026,365.00,Closed,Normal
SR-000023,Adventure Works Research 023,D015,Delivery enquiry,01/01/2026,01/05/2026,353.80,Closed,Normal
SR-000024,Northwind Logistics 024,D021,Account access,02/27/2026,03/21/2026,530.30,Closed,Normal
SR-000025,Contoso Analytics 025,D047,Warranty claim,05/27/2026,06/02/2026,1272.00,Closed,Normal
SR-000026,Fabrikam Srvcs 026,D081,Delivery enquiry,06/17/2026,07/04/2026,635.90,Closed,Normal
SR-000027,Adventure Works Retail 027,D001,Product return,01/28/2026,02/03/2026,425.10,Closed,Low
SR-000028,Northwind Digital 028,D050,Product return,01/09/2026,01/12/2026,851.40,Closed,High
SR-000029,Contoso Research 029,D033,Warranty claim,04/15/2026,04/28/2026,197.30,Closed,Low
SR-000030,Unregistered Partner 30,D104,Account access,04/11/2026,04/17/2026,176.60,Closed,Normal
SR-000031,Adventure Works Analytcs 031,D050,Technical support,03/25/2026,04/15/2026,1202.20,Closed,Low
SR-000032,Northwind Services 032,D003,Account access,05/16/2026,05/19/2026,1219.90,Closed,Normal
SR-000033,Contoso Retail 033,D036,Technical support,01/16/2026,02/08/2026,185.10,Closed,Normal
SR-000034,Fabrikam Digital 034,D039,Delivery enquiry,02/22/2026,03/07/2026,145.70,Closed,High
SR-000035,Adventure Works Research 035,D090,Account access,04/24/2026,,780.70,Open,Normal
SR-000036,Northwind Logistics 036,D076,Technical support,04/06/2026,04/20/2026,1424.40,Closed,High
SR-000037,Contoso Analytics 037,D068,Warranty claim,02/25/2026,03/01/2026,576.90,Closed,High
SR-000038,Fabrikam Services 038,D036,Delivery enquiry,03/23/2026,03/30/2026,343.10,Closed,Normal
SR-000039,Adventure Works Retail 039,D057,Product return,03/27/2026,04/10/2026,729.80,Closed,Low
SR-000040,Northwind Digital 040,D083,Warranty claim,01/19/2026,02/04/2026,784.50,Closed,Low
SR-000041,Contoso Research 041,D059,Account access,06/03/2026,06/21/2026,929.30,Closed,High
SR-000042,Fabrikam Logistics 042,D017,Warranty claim,05/28/2026,06/18/2026,1127.40,Closed,Normal
SR-000043,Adventure Works Analytics 043,D019,Delivery enquiry,03/02/2026,03/20/2026,341.90,Closed,Normal
SR-000044,Northwind Services 044,D047,Delivery enquiry,06/03/2026,06/02/2026,324.50,Closed,High
SR-000045,Contoso Retail 045,D026,Account access,06/28/2026,07/20/2026,1040.20,Closed,High
SR-000046,Fabrikam Digitl 046,D100,Product return,02/02/2026,02/14/2026,1102.20,Closed,High
SR-000047,Adventure Works Research 047,D063,Account access,03/26/2026,03/27/2026,363.10,Closed,High
SR-000048,Northwind Logistics 048,D029,Technical support,05/13/2026,05/17/2026,417.50,Closed,Normal
SR-000049,Contoso Analytics 049,D011,Technical support,06/11/2026,06/20/2026,1333.90,Closed,Low
SR-000050,Fabrikam Services 050,D112,Warranty claim,06/26/2026,07/05/2026,49.10,Closed,Low
SR-000051,Adventure Works Retial 051,D071,Warranty claim,01/06/2026,01/25/2026,1328.10,Closed,High
SR-000052,Northwind Digital 052,D081,Account access,01/08/2026,,573.60,Open,Normal
SR-000053,Contoso Research 053,D016,Delivery enquiry,03/12/2026,03/24/2026,239.70,Closed,Normal
SR-000054,Fabrikam Logistics 054,D064,Product return,03/02/2026,03/22/2026,100.00,Closed,High
SR-000055,Adventure Works Analytics 055,D035,Product return,06/20/2026,07/09/2026,1193.40,Closed,High
SR-000056,Northwind Srvcs 056,D081,Technical support,03/04/2026,03/23/2026,1451.00,Closed,Normal
SR-000057,Contoso Retail 057,D056,Warranty claim,01/18/2026,01/19/2026,472.40,Closed,Low
SR-000058,Fabrikam Digital 058,D039,Technical support,06/13/2026,06/26/2026,593.30,Closed,Normal
SR-000059,Unregistered Partner 59,D080,Delivery enquiry,03/04/2026,03/19/2026,313.00,Closed,Low
SR-000060,Northwind Logistics 060,D088,Technical support,04/20/2026,05/08/2026,324.10,Closed,Normal
SR-000061,Contoso Analytcs 061,D022,Account access,01/10/2026,01/23/2026,45.00,Closed,Low
SR-000062,Fabrikam Services 062,D098,Product return,02/16/2026,02/23/2026,951.70,Closed,High
SR-000063,Adventure Works Retail 063,D086,Warranty claim,04/04/2026,04/07/2026,724.20,Closed,Low
SR-000064,Northwind Digital 064,D050,Delivery enquiry,03/14/2026,04/01/2026,1364.50,Closed,Normal
SR-000065,Contoso Research 065,D005,Account access,04/26/2026,05/12/2026,1251.50,Closed,Low
SR-000066,Fabrikam Logistics 066,D101,Delivery enquiry,03/27/2026,04/19/2026,1063.50,Closed,Normal
SR-000067,Adventure Works Analytics 067,D029,Warranty claim,04/14/2026,04/17/2026,340.70,Closed,Normal
SR-000068,Northwind Services 068,D024,Account access,04/05/2026,04/23/2026,1461.50,Closed,Low
SR-000069,Contoso Retail 069,D016,Delivery enquiry,03/24/2026,,481.50,Open,Normal
SR-000070,Fabrikam Digital 070,D050,Warranty claim,05/09/2026,05/30/2026,375.90,Closed,Low
SR-000071,Adventure Works Research 071,D081,Warranty claim,06/04/2026,06/06/2026,266.10,Closed,Low
SR-000072,Northwind Logistics 072,D100,Technical support,02/22/2026,03/18/2026,1044.60,Closed,Low
SR-000073,Contoso Analytics 073,D007,Warranty claim,05/06/2026,05/27/2026,473.40,Closed,High
SR-000074,Fabrikam Services 074,D043,Warranty claim,06/05/2026,06/06/2026,1446.80,Closed,High
SR-000075,Adventure Works Retail 075,D022,Account access,04/15/2026,05/09/2026,639.30,Closed,Low
SR-000076,Northwind Digitl 076,D107,Warranty claim,01/10/2026,01/21/2026,1256.40,Closed,Normal
SR-000077,Contoso Research 077,D097,Delivery enquiry,01/13/2026,02/02/2026,602.50,Closed,High
SR-000078,Fabrikam Logistics 078,D111,Product return,02/05/2026,02/16/2026,1103.90,Closed,High
SR-000079,Adventure Works Analytics 079,D059,Warranty claim,01/17/2026,02/09/2026,461.50,Closed,High
SR-000080,Northwind Services 080,D016,Delivery enquiry,01/28/2026,02/14/2026,69.80,Closed,High
SR-000081,Contoso Retial 081,D076,Product return,04/08/2026,04/10/2026,1416.80,Closed,High
SR-000082,Fabrikam Digital 082,D009,Product return,04/19/2026,05/03/2026,1043.70,Closed,High
SR-000083,Adventure Works Research 083,D010,Technical support,02/11/2026,03/03/2026,326.30,Closed,Normal
SR-000084,Northwind Logistics 084,D108,Warranty claim,05/10/2026,06/01/2026,1275.50,Closed,High
SR-000085,Contoso Analytics 085,D013,Technical support,04/28/2026,05/18/2026,1423.90,Closed,Low
SR-000086,Fabrikam Srvcs 086,D088,Delivery enquiry,06/25/2026,,396.20,Open,Low
SR-000087,Adventure Works Retail 087,D045,Account access,06/11/2026,06/07/2026,204.90,Closed,Low
SR-000088,Unregistered Partner 88,D039,Delivery enquiry,03/23/2026,04/05/2026,828.20,Closed,Low
SR-000089,Contoso Research 089,D081,Delivery enquiry,02/28/2026,03/24/2026,253.20,Closed,Normal
SR-000090,Fabrikam Logistics 090,D112,Warranty claim,05/14/2026,06/04/2026,1171.70,Closed,Low
SR-000091,Adventure Works Analytcs 091,D110,Product return,04/13/2026,04/23/2026,1083.30,Closed,Low
SR-000092,Northwind Services 092,D051,Technical support,03/03/2026,03/25/2026,405.50,Closed,High
SR-000093,Contoso Retail 093,D006,Technical support,04/18/2026,05/04/2026,765.10,Closed,Low
SR-000094,Fabrikam Digital 094,D110,Account access,05/23/2026,06/15/2026,716.80,Closed,Low
SR-000095,Adventure Works Research 095,D106,Delivery enquiry,06/21/2026,07/03/2026,463.30,Closed,Normal
SR-000096,Northwind Logistics 096,D003,Warranty claim,05/26/2026,06/18/2026,1481.10,Closed,High
SR-000097,Contoso Analytics 097,D095,Technical support,01/13/2026,01/30/2026,632.50,Closed,Normal
SR-000098,Fabrikam Services 098,D015,Delivery enquiry,01/26/2026,02/17/2026,313.40,Closed,Low
SR-000099,Adventure Works Retail 099,D030,Delivery enquiry,01/23/2026,01/25/2026,917.70,Closed,High
SR-000100,Northwind Digital 100,D092,Account access,02/16/2026,02/25/2026,883.60,Closed,Normal
SR-000101,Contoso Research 101,D102,Account access,05/23/2026,06/02/2026,419.70,Closed,Low
SR-000102,Fabrikam Logistics 102,D070,Product return,06/11/2026,07/04/2026,767.20,Closed,Low
SR-000103,Adventure Works Analytics 103,D106,Account access,06/05/2026,,1434.70,Open,High
SR-000104,Northwind Services 104,D078,Delivery enquiry,04/26/2026,04/29/2026,100.50,Closed,Low
SR-000105,Contoso Retail 105,D069,Account access,06/21/2026,06/26/2026,1343.10,Closed,Normal
SR-000106,Fabrikam Digitl 106,D101,Product return,01/15/2026,02/01/2026,474.70,Closed,Normal
SR-000107,Adventure Works Research 107,D029,Product return,01/23/2026,02/06/2026,1268.00,Closed,Low
SR-000108,Northwind Logistics 108,D101,Account access,05/05/2026,05/15/2026,700.80,Closed,Normal
SR-000109,Contoso Analytics 109,D001,Warranty claim,05/08/2026,05/20/2026,541.30,Closed,Normal
SR-000110,Fabrikam Services 110,D048,Account access,05/13/2026,06/01/2026,993.10,Closed,High
SR-000111,Adventure Works Retial 111,D007,Delivery enquiry,05/02/2026,05/24/2026,1077.30,Closed,High
SR-000112,Northwind Digital 112,D071,Product return,03/02/2026,03/18/2026,641.80,Closed,Low
SR-000113,Contoso Research 113,D072,Technical support,04/19/2026,04/23/2026,387.00,Closed,Low
SR-000114,Fabrikam Logistics 114,D061,Warranty claim,04/08/2026,04/25/2026,528.90,Closed,Low
SR-000115,Adventure Works Analytics 115,D101,Warranty claim,04/08/2026,04/18/2026,1180.70,Closed,Normal
SR-000116,Northwind Srvcs 116,D103,Warranty claim,01/10/2026,01/15/2026,1047.20,Closed,High
SR-000117,Unregistered Partner 27,D046,Account access,05/24/2026,06/12/2026,1328.70,Closed,Normal
SR-000118,Fabrikam Digital 118,D017,Delivery enquiry,02/08/2026,02/15/2026,1304.90,Closed,High
SR-000119,Adventure Works Research 119,D084,Delivery enquiry,02/19/2026,03/10/2026,167.60,Closed,High
SR-000120,Northwind Logistics 120,D091,Delivery enquiry,04/18/2026,,78.20,Open,High
SR-000121,Contoso Analytcs 121,D059,Technical support,02/20/2026,02/24/2026,472.60,Closed,Low
SR-000122,Fabrikam Services 122,D035,Warranty claim,03/19/2026,03/21/2026,1100.90,Closed,Low
SR-000123,Adventure Works Retail 123,D034,Delivery enquiry,02/17/2026,02/25/2026,1493.90,Closed,Normal
SR-000124,Northwind Digital 124,D107,Warranty claim,05/16/2026,06/06/2026,1178.50,Closed,High
SR-000125,Contoso Research 125,D082,Product return,03/01/2026,03/21/2026,1112.20,Closed,High
SR-000126,Fabrikam Logistics 126,D109,Account access,03/20/2026,03/27/2026,1072.40,Closed,Low
SR-000127,Adventure Works Analytics 127,D074,Technical support,02/04/2026,02/23/2026,201.80,Closed,Normal
SR-000128,Northwind Services 128,D010,Technical support,01/23/2026,02/02/2026,1021.40,Closed,Normal
SR-000129,Contoso Retail 129,D038,Delivery enquiry,03/26/2026,04/10/2026,1212.00,Closed,Low
SR-000130,Fabrikam Digital 130,D004,Warranty claim,04/26/2026,04/25/2026,1268.00,Closed,Normal
SR-000131,Adventure Works Research 131,D112,Product return,02/04/2026,02/13/2026,1142.60,Closed,High
SR-000132,Northwind Logistics 132,D018,Delivery enquiry,01/12/2026,01/29/2026,311.50,Closed,High
SR-000133,Contoso Analytics 133,D009,Technical support,04/27/2026,05/05/2026,801.40,Closed,High
SR-000134,Fabrikam Services 134,D028,Delivery enquiry,04/24/2026,04/27/2026,1337.80,Closed,High
SR-000135,Adventure Works Retail 135,D069,Account access,06/02/2026,06/22/2026,1022.50,Closed,Low
SR-000136,Northwind Digitl 136,D087,Account access,05/18/2026,05/21/2026,1012.40,Closed,Normal
SR-000137,Contoso Research 137,D096,Account access,01/18/2026,,326.70,Open,High
SR-000138,Fabrikam Logistics 138,D033,Delivery enquiry,05/15/2026,05/23/2026,842.10,Closed,Normal
SR-000139,Adventure Works Analytics 139,D048,Product return,05/06/2026,05/17/2026,1341.80,Closed,Normal
SR-000140,Northwind Services 140,D099,Delivery enquiry,04/23/2026,04/26/2026,444.60,Closed,High
SR-000141,Contoso Retial 141,D023,Product return,06/27/2026,07/17/2026,51.30,Closed,High
SR-000142,Fabrikam Digital 142,D048,Account access,01/03/2026,01/08/2026,248.90,Closed,High
SR-000143,Adventure Works Research 143,D095,Technical support,06/06/2026,06/17/2026,849.00,Closed,Low
SR-000144,Northwind Logistics 144,D091,Warranty claim,06/14/2026,07/01/2026,60.10,Closed,Low
SR-000145,Contoso Analytics 145,D033,Technical support,01/12/2026,02/03/2026,152.60,Closed,High
SR-000146,Unregistered Partner 56,D064,Product return,02/21/2026,03/10/2026,633.10,Closed,Normal
SR-000147,Adventure Works Retail 147,D104,Product return,02/15/2026,02/18/2026,1279.10,Closed,Low
SR-000148,Northwind Digital 148,D032,Technical support,05/23/2026,06/07/2026,398.50,Closed,High
SR-000149,Contoso Research 149,D088,Warranty claim,06/15/2026,07/09/2026,1302.50,Closed,Low
SR-000150,Fabrikam Logistics 150,D014,Warranty claim,05/07/2026,05/28/2026,311.50,Closed,Low
SR-000151,Adventure Works Analytcs 151,D072,Account access,06/15/2026,06/24/2026,326.20,Closed,Low
SR-000152,Northwind Services 152,D032,Warranty claim,01/22/2026,01/27/2026,1470.90,Closed,Low
SR-000153,Contoso Retail 153,D041,Technical support,05/15/2026,06/05/2026,291.20,Closed,High
SR-000154,Fabrikam Digital 154,D003,Product return,02/10/2026,,923.20,Open,Normal
SR-000155,Adventure Works Research 155,D031,Warranty claim,06/24/2026,07/04/2026,26.60,Closed,High
SR-000156,Northwind Logistics 156,D071,Product return,02/17/2026,03/05/2026,807.10,Closed,Low
SR-000157,Contoso Analytics 157,D014,Account access,06/20/2026,07/02/2026,1471.80,Closed,High
SR-000158,Fabrikam Services 158,D057,Delivery enquiry,06/23/2026,07/09/2026,883.40,Closed,Low
SR-000159,Adventure Works Retail 159,D030,Technical support,02/22/2026,03/18/2026,1451.10,Closed,Low
SR-000160,Northwind Digital 160,D021,Technical support,05/21/2026,06/02/2026,1281.50,Closed,High
SR-000161,Contoso Research 161,D022,Account access,05/18/2026,05/22/2026,1341.30,Closed,Low
SR-000162,Fabrikam Logistics 162,D028,Account access,01/17/2026,02/09/2026,368.40,Closed,High
SR-000163,Adventure Works Analytics 163,D012,Warranty claim,06/04/2026,06/13/2026,1363.90,Closed,Low
SR-000164,Northwind Services 164,D056,Delivery enquiry,02/16/2026,03/06/2026,590.20,Closed,Normal
SR-000165,Contoso Retail 165,D045,Delivery enquiry,03/25/2026,04/05/2026,1227.80,Closed,High
SR-000166,Fabrikam Digitl 166,D107,Delivery enquiry,02/10/2026,02/17/2026,691.80,Closed,High
SR-000167,Adventure Works Research 167,D105,Warranty claim,04/15/2026,05/01/2026,719.40,Closed,Low
SR-000168,Northwind Logistics 168,D029,Account access,02/18/2026,03/13/2026,898.40,Closed,Normal
SR-000169,Contoso Analytics 169,D040,Product return,05/15/2026,05/31/2026,247.60,Closed,High
SR-000170,Fabrikam Services 170,D075,Account access,04/17/2026,04/18/2026,412.30,Closed,Normal
SR-000171,Adventure Works Retial 171,D089,Account access,03/11/2026,,1214.80,Open,Normal
SR-000172,Northwind Digital 172,D043,Product return,06/01/2026,06/20/2026,480.20,Closed,Normal
SR-000173,Contoso Research 173,D083,Product return,01/05/2026,01/04/2026,1354.40,Closed,Low
SR-000174,Fabrikam Logistics 174,D047,Delivery enquiry,06/11/2026,06/16/2026,382.60,Closed,High
SR-000175,Unregistered Partner 85,D085,Account access,02/08/2026,02/12/2026,1312.80,Closed,Normal
SR-000176,Northwind Srvcs 176,D057,Technical support,05/23/2026,05/27/2026,115.60,Closed,High
SR-000177,Contoso Retail 177,D006,Warranty claim,05/27/2026,06/03/2026,843.70,Closed,High
SR-000178,Fabrikam Digital 178,D009,Account access,05/13/2026,05/29/2026,1340.50,Closed,High
SR-000179,Adventure Works Research 179,D090,Product return,05/28/2026,06/15/2026,816.60,Closed,High
SR-000180,Northwind Logistics 180,D108,Technical support,02/01/2026,02/25/2026,104.80,Closed,Low
SR-000181,Contoso Analytcs 181,D009,Technical support,01/13/2026,02/03/2026,1346.50,Closed,Low
SR-000182,Fabrikam Services 182,D002,Product return,05/11/2026,05/22/2026,592.80,Closed,Low
SR-000183,Adventure Works Retail 183,D077,Delivery enquiry,06/02/2026,06/23/2026,431.50,Closed,Low
SR-000184,Northwind Digital 184,D048,Technical support,06/24/2026,07/01/2026,1498.80,Closed,Low
SR-000185,Contoso Research 185,D069,Account access,06/19/2026,07/13/2026,1289.60,Closed,High
SR-000186,Fabrikam Logistics 186,D103,Account access,05/15/2026,05/22/2026,1047.90,Closed,Low
SR-000187,Adventure Works Analytics 187,D086,Warranty claim,03/08/2026,03/15/2026,100.30,Closed,Normal
SR-000188,Northwind Services 188,D081,Account access,06/23/2026,,133.00,Open,Normal
SR-000189,Contoso Retail 189,D052,Delivery enquiry,06/26/2026,07/14/2026,685.30,Closed,Low
SR-000190,Fabrikam Digital 190,D085,Warranty claim,02/16/2026,02/19/2026,672.20,Closed,Low
SR-000191,Adventure Works Research 191,D056,Warranty claim,02/04/2026,02/06/2026,1128.80,Closed,Normal
SR-000192,Northwind Logistics 192,D023,Delivery enquiry,04/18/2026,05/10/2026,815.90,Closed,Normal
SR-000193,Contoso Analytics 193,D056,Delivery enquiry,03/17/2026,03/29/2026,917.70,Closed,Normal
SR-000194,Fabrikam Services 194,D102,Delivery enquiry,02/05/2026,02/26/2026,421.10,Closed,High
SR-000195,Adventure Works Retail 195,D002,Product return,03/18/2026,03/24/2026,523.30,Closed,Normal
SR-000196,Northwind Digitl 196,D059,Delivery enquiry,05/21/2026,06/03/2026,147.60,Closed,High
SR-000197,Contoso Research 197,D029,Technical support,01/10/2026,01/31/2026,438.40,Closed,Low
SR-000198,Fabrikam Logistics 198,D068,Warranty claim,01/13/2026,02/01/2026,1483.70,Closed,Normal
SR-000199,Adventure Works Analytics 199,D061,Product return,02/27/2026,03/09/2026,422.40,Closed,High
SR-000200,Northwind Services 200,D067,Warranty claim,01/26/2026,02/17/2026,274.30,Closed,Normal
SR-000201,Contoso Retial 201,D006,Technical support,03/13/2026,03/15/2026,481.90,Closed,High
SR-000202,Fabrikam Digital 202,D085,Delivery enquiry,05/13/2026,06/01/2026,153.30,Closed,Normal
SR-000203,Adventure Works Research 203,D059,Delivery enquiry,02/03/2026,02/08/2026,709.40,Closed,High
SR-000204,Unregistered Partner 24,D017,Warranty claim,03/12/2026,03/13/2026,992.70,Closed,High
SR-000205,Contoso Analytics 205,D101,Warranty claim,06/12/2026,,1488.00,Open,High
SR-000206,Fabrikam Srvcs 206,D013,Delivery enquiry,06/21/2026,07/06/2026,967.30,Closed,Normal
SR-000207,Adventure Works Retail 207,D067,Delivery enquiry,05/13/2026,05/29/2026,503.20,Closed,Low
SR-000208,Northwind Digital 208,D090,Warranty claim,02/14/2026,02/17/2026,198.20,Closed,High
SR-000209,Contoso Research 209,D043,Product return,01/03/2026,01/08/2026,221.80,Closed,Normal
SR-000210,Fabrikam Logistics 210,D084,Delivery enquiry,02/19/2026,02/20/2026,597.40,Closed,High
SR-000211,Adventure Works Analytcs 211,D065,Account access,03/12/2026,03/21/2026,1348.40,Closed,Low
SR-000212,Northwind Services 212,D011,Technical support,02/08/2026,02/13/2026,968.20,Closed,Normal
SR-000213,Contoso Retail 213,D044,Product return,03/26/2026,04/15/2026,1123.60,Closed,Normal
SR-000214,Fabrikam Digital 214,D058,Account access,01/03/2026,01/04/2026,1085.20,Closed,Normal
SR-000215,Adventure Works Research 215,D041,Product return,03/27/2026,04/17/2026,918.30,Closed,Normal
SR-000216,Northwind Logistics 216,D016,Product return,01/13/2026,01/09/2026,455.30,Closed,Normal
SR-000217,Contoso Analytics 217,D090,Technical support,06/23/2026,07/02/2026,1065.20,Closed,Low
SR-000218,Fabrikam Services 218,D101,Account access,01/24/2026,02/13/2026,1086.10,Closed,High
SR-000219,Adventure Works Retail 219,D013,Account access,02/22/2026,03/15/2026,266.40,Closed,Low
SR-000220,Northwind Digital 220,D102,Product return,02/04/2026,02/07/2026,61.40,Closed,Normal
SR-000221,Oxford University,D032,Product return,06/21/2026,06/24/2026,691.00,Closed,Low
SR-000222,University of Cambridge,D090,Account access,06/13/2026,,610.00,Open,High
SR-000223,Imperial College London,D085,Product return,04/01/2026,04/11/2026,320.20,Closed,Normal
SR-000224,Oxford University Press,D090,Product return,02/26/2026,03/04/2026,835.30,Closed,Low
SR-000225,Contoso Oxford Trading,D105,Product return,02/05/2026,02/26/2026,925.50,Closed,High
SR-000226,Contoso Oxford Traders,D068,Account access,04/28/2026,05/06/2026,1025.20,Closed,Normal
SR-000227,Fabrikam Retail Group,D092,Warranty claim,03/15/2026,03/19/2026,871.70,Closed,High
SR-000228,Adventure Works UK,D037,Delivery enquiry,03/17/2026,03/23/2026,1173.10,Closed,Normal
SR-000229,Contoso Retail 009,D084,Warranty claim,03/11/2026,03/14/2026,1381.40,Closed,Low
SR-000230,Fabrikam Digital 010,D071,Account access,02/25/2026,03/03/2026,617.80,Closed,High
SR-000231,Adventure Works Research 011,D076,Account access,06/02/2026,06/04/2026,365.50,Closed,High
SR-000232,Northwind Logistics 012,D013,Technical support,05/07/2026,05/29/2026,209.60,Closed,High
SR-000233,Unregistered Partner 13,D036,Account access,01/16/2026,02/01/2026,1461.90,Closed,Normal
SR-000234,Fabrikam Services 014,D090,Delivery enquiry,05/21/2026,05/30/2026,668.30,Closed,Normal
SR-000235,Adventure Works Retail 015,D014,Delivery enquiry,06/04/2026,06/24/2026,491.00,Closed,Normal
SR-000236,Northwind Digitl 016,D063,Warranty claim,01/24/2026,01/31/2026,300.50,Closed,High
SR-000237,Contoso Research 017,D079,Warranty claim,02/08/2026,02/15/2026,373.70,Closed,Normal
SR-000238,Fabrikam Logistics 018,D018,Account access,04/04/2026,04/16/2026,515.50,Closed,Low
SR-000239,Adventure Works Analytics 019,D047,Delivery enquiry,01/27/2026,,937.90,Open,High
SR-000240,Northwind Services 020,D099,Account access,05/03/2026,05/21/2026,291.50,Closed,Normal
SR-000241,Contoso Retial 021,D090,Warranty claim,03/25/2026,03/28/2026,1025.30,Closed,Low
SR-000242,Fabrikam Digital 022,D061,Delivery enquiry,01/06/2026,01/26/2026,1377.30,Closed,High
SR-000243,Adventure Works Research 023,D019,Account access,04/04/2026,04/07/2026,1371.80,Closed,Low
SR-000244,Northwind Logistics 024,D036,Warranty claim,03/11/2026,03/28/2026,656.30,Closed,High
SR-000245,Contoso Analytics 025,D105,Delivery enquiry,02/22/2026,03/09/2026,1333.70,Closed,Normal
SR-000246,Fabrikam Srvcs 026,D007,Warranty claim,05/26/2026,06/09/2026,1218.10,Closed,Low
SR-000247,Adventure Works Retail 027,D061,Account access,06/22/2026,06/27/2026,239.90,Closed,Normal
SR-000248,Northwind Digital 028,D079,Delivery enquiry,01/22/2026,02/02/2026,1060.30,Closed,Normal
SR-000249,Contoso Research 029,D071,Product return,03/01/2026,03/25/2026,1302.60,Closed,Normal
SR-000250,Fabrikam Logistics 030,D026,Warranty claim,05/01/2026,05/16/2026,539.70,Closed,High
SR-000251,Adventure Works Analytcs 031,D100,Delivery enquiry,04/01/2026,04/25/2026,349.40,Closed,Normal
SR-000252,Northwind Services 032,D051,Technical support,04/27/2026,04/30/2026,1296.60,Closed,Normal
SR-000253,Contoso Retail 033,D043,Technical support,03/16/2026,03/20/2026,586.30,Closed,Normal
SR-000254,Fabrikam Digital 034,D110,Warranty claim,03/24/2026,04/17/2026,351.90,Closed,Low
SR-000255,Adventure Works Research 035,D091,Delivery enquiry,01/21/2026,02/06/2026,275.40,Closed,Low
SR-000256,Northwind Logistics 036,D067,Delivery enquiry,05/24/2026,,565.00,Open,Low
SR-000257,Contoso Analytics 037,D111,Warranty claim,01/06/2026,01/08/2026,808.80,Closed,Normal
SR-000258,Fabrikam Services 038,D080,Product return,04/10/2026,04/13/2026,865.20,Closed,Low
SR-000259,Adventure Works Retail 039,D055,Technical support,05/28/2026,05/25/2026,1065.60,Closed,High
SR-000260,Northwind Digital 040,D011,Warranty claim,03/20/2026,03/30/2026,957.60,Closed,High
SR-000261,Contoso Research 041,D094,Account access,06/21/2026,06/24/2026,510.50,Closed,Low
SR-000262,Unregistered Partner 42,D050,Technical support,05/04/2026,05/14/2026,245.00,Closed,High
SR-000263,Adventure Works Analytics 043,D055,Product return,04/06/2026,04/09/2026,762.70,Closed,High
SR-000264,Northwind Services 044,D073,Account access,06/03/2026,06/10/2026,89.40,Closed,Normal
SR-000265,Contoso Retail 045,D081,Delivery enquiry,05/09/2026,05/20/2026,1379.30,Closed,Normal
SR-000266,Fabrikam Digitl 046,D112,Product return,06/09/2026,07/02/2026,1311.30,Closed,High
SR-000267,Adventure Works Research 047,D026,Technical support,03/19/2026,03/30/2026,575.10,Closed,High
SR-000268,Northwind Logistics 048,D045,Technical support,04/22/2026,05/13/2026,156.60,Closed,Normal
SR-000269,Contoso Analytics 049,D058,Account access,04/15/2026,04/27/2026,1388.00,Closed,Normal
SR-000270,Fabrikam Services 050,D033,Warranty claim,05/10/2026,05/26/2026,205.70,Closed,Normal
SR-000271,Adventure Works Retial 051,D011,Technical support,03/16/2026,03/30/2026,291.50,Closed,Normal
SR-000272,Northwind Digital 052,D039,Delivery enquiry,01/01/2026,01/03/2026,770.20,Closed,High
SR-000273,Contoso Research 053,D054,Warranty claim,04/20/2026,,532.70,Open,Normal
SR-000274,Fabrikam Logistics 054,D053,Technical support,05/17/2026,05/30/2026,1172.60,Closed,High
SR-000275,Adventure Works Analytics 055,D033,Delivery enquiry,01/10/2026,01/25/2026,1227.30,Closed,High
SR-000276,Northwind Srvcs 056,D086,Product return,04/21/2026,05/05/2026,1047.90,Closed,High
SR-000277,Contoso Retail 057,D086,Delivery enquiry,04/19/2026,05/13/2026,1210.20,Closed,Normal
SR-000278,Fabrikam Digital 058,D015,Account access,04/16/2026,04/29/2026,398.40,Closed,Normal
SR-000279,Adventure Works Research 059,D019,Warranty claim,01/15/2026,02/07/2026,698.80,Closed,Normal
SR-000280,Northwind Logistics 060,D076,Technical support,02/05/2026,02/12/2026,914.50,Closed,Low
SR-000281,Contoso Analytcs 061,D015,Product return,03/27/2026,04/07/2026,879.60,Closed,Normal
SR-000282,Fabrikam Services 062,D061,Technical support,03/13/2026,03/20/2026,1181.80,Closed,High
SR-000283,Adventure Works Retail 063,D039,Technical support,02/12/2026,03/03/2026,69.50,Closed,Normal
SR-000284,Northwind Digital 064,D023,Technical support,06/09/2026,06/11/2026,746.00,Closed,High
SR-000285,Contoso Research 065,D036,Delivery enquiry,01/24/2026,02/02/2026,1369.30,Closed,Normal
SR-000286,Fabrikam Logistics 066,D011,Account access,05/19/2026,06/12/2026,448.90,Closed,Normal
SR-000287,Adventure Works Analytics 067,D015,Account access,06/08/2026,06/17/2026,157.40,Closed,Low
SR-000288,Northwind Services 068,D046,Delivery enquiry,01/23/2026,02/03/2026,755.90,Closed,Low
SR-000289,Contoso Retail 069,D013,Technical support,04/27/2026,05/09/2026,559.10,Closed,Low
SR-000290,Fabrikam Digital 070,D068,Warranty claim,02/18/2026,,775.10,Open,Low
SR-000291,Unregistered Partner 71,D078,Technical support,05/07/2026,05/30/2026,777.10,Closed,Low
SR-000292,Northwind Logistics 072,D008,Warranty claim,06/26/2026,06/28/2026,351.40,Closed,High
SR-000293,Contoso Analytics 073,D101,Warranty claim,01/08/2026,01/28/2026,244.70,Closed,High
SR-000294,Fabrikam Services 074,D108,Warranty claim,06/05/2026,06/22/2026,129.20,Closed,Normal
SR-000295,Adventure Works Retail 075,D063,Account access,02/06/2026,02/23/2026,1149.60,Closed,High
SR-000296,Northwind Digitl 076,D002,Warranty claim,06/28/2026,07/14/2026,1158.70,Closed,Low
SR-000297,Contoso Research 077,D023,Account access,05/06/2026,05/30/2026,544.90,Closed,Low
SR-000298,Fabrikam Logistics 078,D039,Technical support,04/07/2026,04/23/2026,865.00,Closed,High
SR-000299,Adventure Works Analytics 079,D095,Warranty claim,04/23/2026,04/25/2026,46.60,Closed,Low
SR-000300,Northwind Services 080,D078,Account access,03/20/2026,04/06/2026,780.60,Closed,High
SR-000301,Contoso Retial 081,D036,Technical support,01/03/2026,01/21/2026,4.60,Closed,Normal
SR-000302,Fabrikam Digital 082,D048,Delivery enquiry,04/13/2026,04/12/2026,671.10,Closed,Low
SR-000303,Adventure Works Research 083,D028,Account access,06/14/2026,07/05/2026,855.20,Closed,Normal
SR-000304,Northwind Logistics 084,D059,Warranty claim,02/14/2026,02/17/2026,1257.50,Closed,Low
SR-000305,Contoso Analytics 085,D085,Delivery enquiry,04/01/2026,04/05/2026,1340.70,Closed,Low
SR-000306,Fabrikam Srvcs 086,D039,Account access,05/28/2026,06/04/2026,1255.30,Closed,Normal
SR-000307,Adventure Works Retail 087,D078,Technical support,05/23/2026,,1251.70,Open,Normal
SR-000308,Northwind Digital 088,D111,Product return,03/04/2026,03/11/2026,748.60,Closed,Low
SR-000309,Contoso Research 089,D110,Account access,03/21/2026,04/07/2026,316.60,Closed,Low
SR-000310,Fabrikam Logistics 090,D100,Product return,06/16/2026,07/02/2026,1061.00,Closed,Low
SR-000311,Adventure Works Analytcs 091,D088,Warranty claim,01/11/2026,01/25/2026,239.40,Closed,Normal
SR-000312,Northwind Services 092,D079,Account access,02/22/2026,03/03/2026,697.20,Closed,High
SR-000313,Contoso Retail 093,D038,Delivery enquiry,06/23/2026,07/08/2026,691.00,Closed,High
SR-000314,Fabrikam Digital 094,D076,Technical support,01/19/2026,02/08/2026,739.10,Closed,Low
SR-000315,Adventure Works Research 095,D023,Account access,04/12/2026,04/20/2026,1281.00,Closed,High
SR-000316,Northwind Logistics 096,D022,Technical support,04/04/2026,04/06/2026,1215.80,Closed,Low
SR-000317,Contoso Analytics 097,D065,Technical support,01/24/2026,02/14/2026,34.80,Closed,Low
SR-000318,Fabrikam Services 098,D016,Delivery enquiry,04/04/2026,04/28/2026,147.50,Closed,Normal
SR-000319,Adventure Works Retail 099,D018,Delivery enquiry,04/15/2026,04/18/2026,1054.00,Closed,Low
SR-000320,Unregistered Partner 10,D046,Technical support,03/24/2026,04/15/2026,414.10,Closed,Normal
SR-000321,Contoso Research 101,D105,Product return,06/05/2026,06/14/2026,1415.10,Closed,Normal
SR-000322,Fabrikam Logistics 102,D094,Account access,05/11/2026,06/03/2026,592.50,Closed,High
SR-000323,Adventure Works Analytics 103,D049,Product return,03/01/2026,03/24/2026,1116.60,Closed,Low
SR-000324,Northwind Services 104,D074,Account access,06/27/2026,,388.40,Open,Low
SR-000325,Contoso Retail 105,D082,Delivery enquiry,03/21/2026,03/23/2026,411.20,Closed,Low
SR-000326,Fabrikam Digitl 106,D004,Technical support,01/01/2026,01/03/2026,1073.60,Closed,Low
SR-000327,Adventure Works Research 107,D089,Warranty claim,04/24/2026,04/27/2026,190.10,Closed,High
SR-000328,Northwind Logistics 108,D057,Account access,03/08/2026,03/16/2026,787.40,Closed,Normal
SR-000329,Contoso Analytics 109,D028,Technical support,03/27/2026,04/19/2026,761.70,Closed,Low
SR-000330,Fabrikam Services 110,D112,Product return,03/24/2026,04/08/2026,1103.80,Closed,High
SR-000331,Adventure Works Retial 111,D097,Warranty claim,06/11/2026,07/01/2026,630.50,Closed,Low
SR-000332,Northwind Digital 112,D074,Technical support,02/23/2026,03/02/2026,1061.40,Closed,Normal
SR-000333,Contoso Research 113,D070,Product return,01/01/2026,01/06/2026,1000.80,Closed,Low
SR-000334,Fabrikam Logistics 114,D052,Warranty claim,03/01/2026,03/09/2026,1426.50,Closed,High
SR-000335,Adventure Works Analytics 115,D100,Account access,05/26/2026,06/14/2026,1399.00,Closed,Low
SR-000336,Northwind Srvcs 116,D033,Product return,01/20/2026,02/03/2026,1375.80,Closed,Low
SR-000337,Contoso Retail 117,D052,Delivery enquiry,03/02/2026,03/09/2026,1015.90,Closed,High
SR-000338,Fabrikam Digital 118,D068,Technical support,04/24/2026,05/04/2026,1202.00,Closed,Normal
SR-000339,Adventure Works Research 119,D080,Account access,06/22/2026,07/12/2026,1360.60,Closed,Low
SR-000340,Northwind Logistics 120,D070,Account access,01/16/2026,02/08/2026,15.80,Closed,Low
SR-000341,Contoso Analytcs 121,D107,Product return,05/03/2026,,244.80,Open,High
SR-000342,Fabrikam Services 122,D056,Warranty claim,01/14/2026,01/18/2026,688.80,Closed,Normal
SR-000343,Adventure Works Retail 123,D023,Delivery enquiry,02/05/2026,02/18/2026,592.30,Closed,High
SR-000344,Northwind Digital 124,D029,Account access,05/18/2026,05/28/2026,645.60,Closed,Normal
SR-000345,Contoso Research 125,D006,Account access,03/01/2026,02/26/2026,738.00,Closed,Low
SR-000346,Fabrikam Logistics 126,D092,Delivery enquiry,04/07/2026,04/08/2026,872.00,Closed,Normal
SR-000347,Adventure Works Analytics 127,D003,Product return,05/19/2026,06/06/2026,1289.00,Closed,Low
SR-000348,Northwind Services 128,D052,Technical support,06/24/2026,07/14/2026,1344.40,Closed,Low
SR-000349,Unregistered Partner 39,D067,Technical support,02/11/2026,02/13/2026,169.80,Closed,Normal
SR-000350,Fabrikam Digital 130,D102,Warranty claim,04/25/2026,05/11/2026,472.90,Closed,High
SR-000351,Adventure Works Research 131,D060,Delivery enquiry,05/13/2026,05/15/2026,221.50,Closed,Normal
SR-000352,Northwind Logistics 132,D088,Warranty claim,04/24/2026,05/14/2026,728.60,Closed,Normal
SR-000353,Contoso Analytics 133,D047,Account access,03/27/2026,03/30/2026,956.20,Closed,High
SR-000354,Fabrikam Services 134,D001,Account access,03/16/2026,03/17/2026,1422.20,Closed,Normal
SR-000355,Adventure Works Retail 135,D029,Account access,02/17/2026,02/24/2026,608.10,Closed,Normal
SR-000356,Northwind Digitl 136,D075,Delivery enquiry,05/18/2026,05/29/2026,585.90,Closed,Normal
SR-000357,Contoso Research 137,D078,Technical support,04/05/2026,04/13/2026,1470.60,Closed,High
SR-000358,Fabrikam Logistics 138,D060,Warranty claim,03/13/2026,,421.10,Open,Low
SR-000359,Adventure Works Analytics 139,D005,Account access,03/16/2026,03/30/2026,1110.40,Closed,Low
SR-000360,Northwind Services 140,D072,Account access,05/25/2026,06/09/2026,161.70,Closed,Low
SR-000361,Contoso Retial 141,D101,Technical support,01/09/2026,01/13/2026,1197.80,Closed,High
SR-000362,Fabrikam Digital 142,D050,Account access,04/06/2026,04/17/2026,662.70,Closed,High
SR-000363,Adventure Works Research 143,D019,Account access,02/01/2026,02/05/2026,819.20,Closed,Low
SR-000364,Northwind Logistics 144,D084,Account access,01/28/2026,02/17/2026,1485.60,Closed,Low
SR-000365,Contoso Analytics 145,D058,Delivery enquiry,03/06/2026,03/23/2026,585.70,Closed,Low
SR-000366,Fabrikam Srvcs 146,D044,Account access,01/01/2026,01/20/2026,1183.30,Closed,High
SR-000367,Adventure Works Retail 147,D087,Warranty claim,05/04/2026,05/18/2026,468.20,Closed,Low
SR-000368,Northwind Digital 148,D019,Delivery enquiry,02/04/2026,02/12/2026,1234.00,Closed,High
SR-000369,Contoso Research 149,D034,Technical support,04/21/2026,05/09/2026,441.20,Closed,High
SR-000370,Fabrikam Logistics 150,D083,Product return,03/03/2026,03/11/2026,619.50,Closed,Normal
SR-000371,Adventure Works Analytcs 151,D022,Product return,02/16/2026,02/27/2026,1347.10,Closed,Low
SR-000372,Northwind Services 152,D111,Delivery enquiry,06/27/2026,07/19/2026,404.00,Closed,High
SR-000373,Contoso Retail 153,D058,Technical support,06/12/2026,06/21/2026,1446.40,Closed,Low
SR-000374,Fabrikam Digital 154,D060,Account access,03/19/2026,04/12/2026,1329.70,Closed,Low
SR-000375,Adventure Works Research 155,D108,Warranty claim,01/19/2026,,1404.20,Open,Normal
SR-000376,Northwind Logistics 156,D064,Account access,04/21/2026,04/29/2026,1243.10,Closed,Normal
SR-000377,Contoso Analytics 157,D085,Technical support,05/19/2026,06/05/2026,334.10,Closed,High
SR-000378,Unregistered Partner 68,D042,Technical support,04/28/2026,05/15/2026,1412.80,Closed,High
SR-000379,Adventure Works Retail 159,D066,Warranty claim,04/12/2026,05/06/2026,1479.80,Closed,Low
SR-000380,Northwind Digital 160,D076,Technical support,04/17/2026,04/25/2026,195.20,Closed,Normal
SR-000381,Contoso Research 161,D108,Delivery enquiry,06/26/2026,06/27/2026,1228.40,Closed,Normal
SR-000382,Fabrikam Logistics 162,D018,Delivery enquiry,05/24/2026,06/13/2026,985.20,Closed,High
SR-000383,Adventure Works Analytics 163,D064,Warranty claim,01/14/2026,01/26/2026,1128.20,Closed,High
SR-000384,Northwind Services 164,D103,Warranty claim,01/12/2026,01/28/2026,391.60,Closed,Low
SR-000385,Contoso Retail 165,D021,Technical support,01/15/2026,01/21/2026,287.80,Closed,Normal
SR-000386,Fabrikam Digitl 166,D019,Product return,03/02/2026,03/03/2026,1171.70,Closed,High
SR-000387,Adventure Works Research 167,D080,Delivery enquiry,06/10/2026,06/30/2026,770.10,Closed,High
SR-000388,Northwind Logistics 168,D001,Delivery enquiry,02/18/2026,02/17/2026,1211.00,Closed,High
SR-000389,Contoso Analytics 169,D051,Account access,03/04/2026,03/22/2026,251.60,Closed,Low
SR-000390,Fabrikam Services 170,D059,Technical support,06/26/2026,07/14/2026,1200.50,Closed,High
SR-000391,Adventure Works Retial 171,D102,Technical support,01/10/2026,01/24/2026,1033.90,Closed,Normal
SR-000392,Northwind Digital 172,D015,Product return,03/28/2026,,57.00,Open,Low
SR-000393,Contoso Research 173,D107,Technical support,01/27/2026,02/03/2026,1079.60,Closed,Normal
SR-000394,Fabrikam Logistics 174,D081,Warranty claim,01/05/2026,01/15/2026,1432.10,Closed,Low
SR-000395,Adventure Works Analytics 175,D011,Product return,02/23/2026,03/12/2026,1171.10,Closed,High
SR-000396,Northwind Srvcs 176,D007,Warranty claim,05/21/2026,05/23/2026,191.20,Closed,High
SR-000397,Contoso Retail 177,D112,Account access,04/26/2026,05/17/2026,1479.80,Closed,Low
SR-000398,Fabrikam Digital 178,D066,Warranty claim,05/20/2026,05/25/2026,906.60,Closed,Low
SR-000399,Adventure Works Research 179,D036,Product return,04/26/2026,04/27/2026,363.90,Closed,High
SR-000400,Northwind Logistics 180,D011,Warranty claim,02/01/2026,02/06/2026,834.90,Closed,High
SR-000401,Contoso Analytcs 181,D011,Delivery enquiry,02/07/2026,03/03/2026,283.90,Closed,Low
SR-000402,Fabrikam Services 182,D050,Account access,04/13/2026,05/04/2026,601.10,Closed,Low
SR-000403,Adventure Works Retail 183,D015,Product return,05/09/2026,05/25/2026,453.10,Closed,Normal
SR-000404,Northwind Digital 184,D045,Account access,02/19/2026,02/23/2026,1466.80,Closed,High
SR-000405,Contoso Research 185,D068,Account access,06/20/2026,07/11/2026,273.10,Closed,High
SR-000406,Fabrikam Logistics 186,D016,Product return,02/27/2026,03/19/2026,967.20,Closed,Normal
SR-000407,Unregistered Partner 07,D108,Delivery enquiry,02/27/2026,03/21/2026,620.40,Closed,High
SR-000408,Northwind Services 188,D002,Technical support,05/05/2026,05/06/2026,395.60,Closed,Low
SR-000409,Contoso Retail 189,D028,Technical support,06/23/2026,,961.00,Open,Low
SR-000410,Fabrikam Digital 190,D036,Product return,03/21/2026,04/11/2026,1457.70,Closed,Normal
SR-000411,Adventure Works Research 191,D016,Delivery enquiry,04/13/2026,04/29/2026,1021.90,Closed,Low
SR-000412,Northwind Logistics 192,D019,Technical support,04/28/2026,05/09/2026,1498.10,Closed,Normal
SR-000413,Contoso Analytics 193,D038,Delivery enquiry,03/01/2026,03/13/2026,1301.40,Closed,Low
SR-000414,Fabrikam Services 194,D112,Account access,05/25/2026,05/29/2026,401.40,Closed,High
SR-000415,Adventure Works Retail 195,D093,Account access,04/10/2026,04/29/2026,741.00,Closed,Normal
SR-000416,Northwind Digitl 196,D020,Delivery enquiry,01/28/2026,01/30/2026,1245.20,Closed,High
SR-000417,Contoso Research 197,D074,Technical support,05/21/2026,06/03/2026,168.70,Closed,Normal
SR-000418,Fabrikam Logistics 198,D051,Product return,06/13/2026,06/26/2026,340.00,Closed,High
SR-000419,Adventure Works Analytics 199,D005,Delivery enquiry,03/04/2026,03/08/2026,912.20,Closed,Normal
SR-000420,Northwind Services 200,D111,Warranty claim,03/13/2026,03/22/2026,119.20,Closed,Normal
SR-000421,Contoso Retial 201,D097,Warranty claim,02/08/2026,02/23/2026,651.30,Closed,Low
SR-000422,Fabrikam Digital 202,D063,Warranty claim,03/02/2026,03/23/2026,927.70,Closed,Normal
SR-000423,Adventure Works Research 203,D050,Delivery enquiry,04/16/2026,05/04/2026,683.80,Closed,Low
SR-000424,Northwind Logistics 204,D086,Account access,04/19/2026,04/28/2026,235.20,Closed,High
SR-000425,Contoso Analytics 205,D055,Account access,05/13/2026,05/19/2026,911.30,Closed,Low
SR-000426,Fabrikam Srvcs 206,D080,Delivery enquiry,04/26/2026,,1151.90,Open,Normal
SR-000427,Adventure Works Retail 207,D069,Delivery enquiry,05/14/2026,05/22/2026,303.70,Closed,Low
SR-000428,Northwind Digital 208,D110,Account access,05/16/2026,05/27/2026,649.00,Closed,Low
SR-000429,Contoso Research 209,D068,Technical support,02/17/2026,03/08/2026,568.60,Closed,Normal
SR-000430,Fabrikam Logistics 210,D075,Technical support,06/06/2026,06/12/2026,1089.50,Closed,Low
SR-000431,Adventure Works Analytcs 211,D063,Account access,01/13/2026,01/10/2026,425.10,Closed,Normal
SR-000432,Northwind Services 212,D064,Warranty claim,05/13/2026,06/03/2026,12.50,Closed,High
SR-000433,Contoso Retail 213,D029,Delivery enquiry,01/08/2026,02/01/2026,1398.00,Closed,Low
SR-000434,Fabrikam Digital 214,D093,Technical support,05/20/2026,05/27/2026,223.50,Closed,Normal
SR-000435,Adventure Works Research 215,D037,Account access,03/12/2026,04/03/2026,760.10,Closed,Normal
SR-000436,Unregistered Partner 36,D025,Product return,03/27/2026,04/02/2026,1406.50,Closed,Normal
SR-000437,Contoso Analytics 217,D073,Product return,02/05/2026,02/12/2026,258.90,Closed,High
SR-000438,Fabrikam Services 218,D027,Warranty claim,06/20/2026,07/09/2026,1428.30,Closed,High
SR-000439,Adventure Works Retail 219,D100,Delivery enquiry,06/14/2026,07/07/2026,552.30,Closed,High
SR-000440,Northwind Digital 220,D038,Account access,02/20/2026,03/12/2026,468.50,Closed,High
SR-000441,Oxford University,D105,Product return,06/19/2026,06/29/2026,363.90,Closed,Low
SR-000442,University of Cambridge,D016,Technical support,06/04/2026,06/14/2026,816.80,Closed,Low
SR-000443,Imperial College London,D090,Technical support,02/06/2026,,351.10,Open,Normal
SR-000444,Oxford University Press,D056,Technical support,01/22/2026,02/14/2026,1234.10,Closed,High
SR-000445,Contoso Oxford Trading,D049,Warranty claim,05/08/2026,05/14/2026,531.90,Closed,High
SR-000446,Contoso Oxford Traders,D038,Warranty claim,06/12/2026,07/06/2026,884.40,Closed,Normal
SR-000447,Fabrikam Retail Group,D105,Warranty claim,05/25/2026,06/08/2026,1304.40,Closed,Normal
SR-000448,Adventure Works UK,D035,Technical support,01/22/2026,02/13/2026,757.20,Closed,Low
SR-000449,Contoso Retail 009,D077,Technical support,01/18/2026,01/26/2026,1466.60,Closed,Low
SR-000450,Fabrikam Digital 010,D019,Account access,06/08/2026,07/01/2026,1385.50,Closed,Normal
SR-000451,Adventure Works Research 011,D032,Delivery enquiry,05/24/2026,06/13/2026,532.00,Closed,High
SR-000452,Northwind Logistics 012,D103,Warranty claim,03/26/2026,04/02/2026,1009.10,Closed,Low
SR-000453,Contoso Analytics 013,D005,Warranty claim,03/15/2026,04/07/2026,954.40,Closed,Normal
SR-000454,Fabrikam Services 014,D046,Account access,04/10/2026,04/22/2026,283.40,Closed,High
SR-000455,Adventure Works Retail 015,D037,Warranty claim,06/14/2026,06/19/2026,1376.80,Closed,Low
SR-000456,Northwind Digitl 016,D028,Delivery enquiry,04/27/2026,05/11/2026,1113.40,Closed,Low
SR-000457,Contoso Research 017,D007,Technical support,03/27/2026,04/10/2026,342.70,Closed,Normal
SR-000458,Fabrikam Logistics 018,D011,Warranty claim,06/02/2026,06/08/2026,874.50,Closed,Low
SR-000459,Adventure Works Analytics 019,D068,Delivery enquiry,02/01/2026,02/13/2026,1459.30,Closed,Low
SR-000460,Northwind Services 020,D079,Delivery enquiry,05/23/2026,,819.10,Open,Normal
SR-000461,Contoso Retial 021,D047,Warranty claim,01/08/2026,01/10/2026,292.30,Closed,Normal
SR-000462,Fabrikam Digital 022,D112,Product return,04/22/2026,05/05/2026,1071.60,Closed,Normal
SR-000463,Adventure Works Research 023,D093,Technical support,06/18/2026,06/27/2026,1083.70,Closed,High
SR-000464,Northwind Logistics 024,D038,Account access,04/23/2026,04/30/2026,467.00,Closed,High
SR-000465,Unregistered Partner 25,D028,Account access,05/14/2026,05/28/2026,566.80,Closed,Normal
SR-000466,Fabrikam Srvcs 026,D035,Delivery enquiry,03/09/2026,03/20/2026,134.30,Closed,Low
SR-000467,Adventure Works Retail 027,D001,Product return,05/22/2026,05/26/2026,746.70,Closed,High
SR-000468,Northwind Digital 028,D015,Delivery enquiry,02/01/2026,02/08/2026,543.80,Closed,Normal
SR-000469,Contoso Research 029,D046,Delivery enquiry,06/17/2026,07/03/2026,433.90,Closed,Low
SR-000470,Fabrikam Logistics 030,D107,Warranty claim,06/11/2026,06/13/2026,1158.90,Closed,High
SR-000471,Adventure Works Analytcs 031,D053,Product return,05/27/2026,06/04/2026,230.70,Closed,Low
SR-000472,Northwind Services 032,D024,Delivery enquiry,03/11/2026,04/01/2026,1243.70,Closed,Low
SR-000473,Contoso Retail 033,D076,Product return,02/04/2026,02/28/2026,483.10,Closed,Low
SR-000474,Fabrikam Digital 034,D092,Warranty claim,03/05/2026,03/01/2026,385.70,Closed,High
SR-000475,Adventure Works Research 035,D078,Product return,03/01/2026,03/13/2026,472.80,Closed,High
SR-000476,Northwind Logistics 036,D043,Delivery enquiry,02/08/2026,02/12/2026,1371.90,Closed,High
SR-000477,Contoso Analytics 037,D052,Technical support,05/13/2026,,229.40,Open,Normal
SR-000478,Fabrikam Services 038,D095,Warranty claim,06/17/2026,07/02/2026,1279.10,Closed,Low
SR-000479,Adventure Works Retail 039,D010,Warranty claim,04/13/2026,05/01/2026,1176.90,Closed,High
SR-000480,Northwind Digital 040,D068,Account access,06/10/2026,06/23/2026,1426.20,Closed,Low
SR-000481,Contoso Research 041,D009,Technical support,01/25/2026,02/12/2026,338.30,Closed,Normal
SR-000482,Fabrikam Logistics 042,D061,Delivery enquiry,02/02/2026,02/16/2026,70.40,Closed,High
SR-000483,Adventure Works Analytics 043,D084,Delivery enquiry,04/21/2026,05/14/2026,1363.50,Closed,High
SR-000484,Northwind Services 044,D112,Account access,03/03/2026,03/09/2026,1117.90,Closed,Low
SR-000485,Contoso Retail 045,D106,Technical support,04/24/2026,05/04/2026,357.60,Closed,High
SR-000486,Fabrikam Digitl 046,D099,Delivery enquiry,01/05/2026,01/16/2026,229.00,Closed,Low
SR-000487,Adventure Works Research 047,D034,Delivery enquiry,05/04/2026,05/09/2026,64.30,Closed,High
SR-000488,Northwind Logistics 048,D075,Warranty claim,06/04/2026,06/11/2026,666.10,Closed,Normal
SR-000489,Contoso Analytics 049,D041,Product return,01/08/2026,01/15/2026,730.50,Closed,High
SR-000490,Fabrikam Services 050,D076,Product return,03/03/2026,03/18/2026,1401.30,Closed,High
SR-000491,Adventure Works Retial 051,D006,Account access,06/25/2026,07/17/2026,346.30,Closed,Normal
SR-000492,Northwind Digital 052,D069,Product return,06/04/2026,06/17/2026,1372.30,Closed,High
SR-000493,Contoso Research 053,D089,Product return,06/18/2026,07/09/2026,351.40,Closed,Normal
SR-000494,Unregistered Partner 54,D031,Product return,06/13/2026,,215.30,Open,Normal
SR-000495,Adventure Works Analytics 055,D063,Warranty claim,04/05/2026,04/11/2026,816.40,Closed,Normal
SR-000496,Northwind Srvcs 056,D028,Delivery enquiry,01/23/2026,02/05/2026,822.50,Closed,Low
SR-000497,Contoso Retail 057,D052,Warranty claim,02/22/2026,02/25/2026,1210.20,Closed,Normal
SR-000498,Fabrikam Digital 058,D020,Technical support,03/14/2026,03/25/2026,1488.50,Closed,Normal
SR-000499,Adventure Works Research 059,D020,Product return,01/20/2026,01/24/2026,789.10,Closed,Normal
SR-000500,Northwind Logistics 060,D047,Warranty claim,02/13/2026,02/26/2026,469.80,Closed,Low
SR-000501,Contoso Analytcs 061,D019,Account access,05/24/2026,06/04/2026,1271.00,Closed,High
SR-000502,Fabrikam Services 062,D061,Product return,03/07/2026,03/09/2026,693.00,Closed,High
SR-000503,Adventure Works Retail 063,D073,Technical support,05/18/2026,05/20/2026,1175.60,Closed,Normal
SR-000504,Northwind Digital 064,D001,Technical support,06/13/2026,06/28/2026,810.50,Closed,High
SR-000505,Contoso Research 065,D076,Account access,03/27/2026,04/07/2026,498.70,Closed,Low
SR-000506,Fabrikam Logistics 066,D105,Product return,01/03/2026,01/06/2026,622.30,Closed,Normal
SR-000507,Adventure Works Analytics 067,D071,Product return,03/18/2026,03/19/2026,1199.20,Closed,Normal
SR-000508,Northwind Services 068,D019,Account access,02/09/2026,02/26/2026,301.00,Closed,High
SR-000509,Contoso Retail 069,D106,Technical support,04/09/2026,04/14/2026,985.40,Closed,Low
SR-000510,Fabrikam Digital 070,D036,Technical support,06/01/2026,06/12/2026,1136.60,Closed,Normal
SR-000511,Adventure Works Research 071,D096,Product return,05/04/2026,,201.40,Open,Low
SR-000512,Northwind Logistics 072,D084,Technical support,06/03/2026,06/25/2026,362.40,Closed,High
SR-000513,Contoso Analytics 073,D029,Warranty claim,06/26/2026,07/17/2026,497.80,Closed,Low
SR-000514,Fabrikam Services 074,D067,Delivery enquiry,05/26/2026,06/01/2026,428.90,Closed,Low
SR-000515,Adventure Works Retail 075,D031,Technical support,02/02/2026,02/08/2026,1226.40,Closed,Normal
SR-000516,Northwind Digitl 076,D041,Technical support,03/26/2026,04/11/2026,938.40,Closed,High
SR-000517,Contoso Research 077,D037,Account access,06/24/2026,06/21/2026,771.70,Closed,Normal
SR-000518,Fabrikam Logistics 078,D003,Delivery enquiry,05/13/2026,05/25/2026,554.80,Closed,High
SR-000519,Adventure Works Analytics 079,D004,Warranty claim,06/12/2026,07/03/2026,985.20,Closed,High
SR-000520,Northwind Services 080,D055,Delivery enquiry,01/01/2026,01/16/2026,818.00,Closed,Normal
SR-000521,Contoso Retial 081,D106,Product return,05/23/2026,06/08/2026,824.50,Closed,Normal
SR-000522,Fabrikam Digital 082,D075,Account access,01/05/2026,01/18/2026,426.80,Closed,Normal
SR-000523,Unregistered Partner 83,D042,Technical support,01/05/2026,01/28/2026,1332.90,Closed,High
SR-000524,Northwind Logistics 084,D073,Product return,03/17/2026,04/02/2026,1471.10,Closed,Normal
SR-000525,Contoso Analytics 085,D046,Product return,05/08/2026,05/11/2026,354.30,Closed,Normal
SR-000526,Fabrikam Srvcs 086,D110,Warranty claim,05/16/2026,06/04/2026,757.00,Closed,Normal
SR-000527,Adventure Works Retail 087,D051,Warranty claim,06/25/2026,07/04/2026,753.50,Closed,Low
SR-000528,Northwind Digital 088,D057,Delivery enquiry,03/19/2026,,1172.60,Open,High
SR-000529,Contoso Research 089,D005,Delivery enquiry,06/04/2026,06/16/2026,720.00,Closed,Low
SR-000530,Fabrikam Logistics 090,D051,Product return,03/09/2026,03/27/2026,208.80,Closed,Low
SR-000531,Adventure Works Analytcs 091,D003,Account access,06/28/2026,07/05/2026,1200.90,Closed,Normal
SR-000532,Northwind Services 092,D050,Account access,04/13/2026,04/17/2026,640.30,Closed,High
SR-000533,Contoso Retail 093,D003,Warranty claim,02/15/2026,03/10/2026,1121.00,Closed,Normal
SR-000534,Fabrikam Digital 094,D102,Delivery enquiry,06/21/2026,06/26/2026,422.00,Closed,High
SR-000535,Adventure Works Research 095,D107,Technical support,01/05/2026,01/21/2026,1353.60,Closed,Normal
SR-000536,Northwind Logistics 096,D042,Technical support,04/15/2026,04/29/2026,111.70,Closed,High
SR-000537,Contoso Analytics 097,D082,Technical support,01/01/2026,01/16/2026,1055.00,Closed,Normal
SR-000538,Fabrikam Services 098,D013,Technical support,04/18/2026,04/27/2026,311.60,Closed,Low
SR-000539,Adventure Works Retail 099,D089,Delivery enquiry,03/13/2026,03/14/2026,91.90,Closed,Low
SR-000540,Northwind Digital 100,D008,Warranty claim,06/19/2026,06/30/2026,86.70,Closed,Low
SR-000541,Contoso Research 101,D043,Product return,04/16/2026,04/23/2026,858.10,Closed,Low
SR-000542,Fabrikam Logistics 102,D106,Account access,06/20/2026,07/04/2026,207.70,Closed,Low
SR-000543,Adventure Works Analytics 103,D063,Warranty claim,03/22/2026,04/11/2026,1371.60,Closed,Low
SR-000544,Northwind Services 104,D014,Account access,05/28/2026,06/17/2026,585.90,Closed,High
SR-000545,Contoso Retail 105,D046,Account access,06/08/2026,,788.80,Open,High
SR-000546,Fabrikam Digitl 106,D087,Warranty claim,01/28/2026,02/14/2026,143.60,Closed,Normal
SR-000547,Adventure Works Research 107,D093,Delivery enquiry,02/27/2026,03/23/2026,405.60,Closed,Low
SR-000548,Northwind Logistics 108,D061,Account access,03/01/2026,03/23/2026,949.30,Closed,Normal
SR-000549,Contoso Analytics 109,D008,Technical support,03/16/2026,03/26/2026,687.20,Closed,Normal
SR-000550,Fabrikam Services 110,D016,Account access,04/10/2026,04/30/2026,1439.50,Closed,High
SR-000551,Adventure Works Retial 111,D026,Technical support,01/07/2026,01/28/2026,248.40,Closed,Low
SR-000552,Unregistered Partner 22,D105,Delivery enquiry,06/27/2026,06/30/2026,1430.90,Closed,Normal
SR-000553,Contoso Research 113,D072,Account access,02/24/2026,03/19/2026,239.60,Closed,High
SR-000554,Fabrikam Logistics 114,D043,Delivery enquiry,02/28/2026,03/24/2026,1083.80,Closed,High
SR-000555,Adventure Works Analytics 115,D055,Warranty claim,03/16/2026,03/27/2026,399.30,Closed,Low
SR-000556,Northwind Srvcs 116,D014,Account access,01/08/2026,01/26/2026,910.50,Closed,Normal
SR-000557,Contoso Retail 117,D097,Technical support,05/03/2026,05/16/2026,625.20,Closed,Low
SR-000558,Fabrikam Digital 118,D099,Warranty claim,02/22/2026,03/11/2026,1182.80,Closed,Normal
SR-000559,Adventure Works Research 119,D049,Technical support,03/05/2026,03/28/2026,1491.30,Closed,Low
SR-000560,Northwind Logistics 120,D053,Technical support,06/22/2026,06/19/2026,1457.40,Closed,Normal
SR-000561,Contoso Analytcs 121,D107,Technical support,04/24/2026,04/27/2026,695.70,Closed,Normal
SR-000562,Fabrikam Services 122,D104,Technical support,06/23/2026,,96.40,Open,High
SR-000563,Adventure Works Retail 123,D081,Delivery enquiry,06/20/2026,06/26/2026,1286.90,Closed,Low
SR-000564,Northwind Digital 124,D079,Product return,05/01/2026,05/09/2026,1202.50,Closed,High
SR-000565,Contoso Research 125,D104,Technical support,04/03/2026,04/04/2026,377.80,Closed,Normal
SR-000566,Fabrikam Logistics 126,D019,Account access,06/20/2026,06/21/2026,289.70,Closed,Normal
SR-000567,Adventure Works Analytics 127,D012,Technical support,05/20/2026,06/03/2026,249.00,Closed,Low
SR-000568,Northwind Services 128,D049,Product return,03/04/2026,03/26/2026,617.10,Closed,Normal
SR-000569,Contoso Retail 129,D102,Technical support,03/05/2026,03/18/2026,1350.40,Closed,Low
SR-000570,Fabrikam Digital 130,D072,Delivery enquiry,02/07/2026,02/12/2026,1463.50,Closed,Normal
SR-000571,Adventure Works Research 131,D067,Technical support,04/28/2026,05/06/2026,1124.50,Closed,Normal
SR-000572,Northwind Logistics 132,D097,Delivery enquiry,06/01/2026,06/09/2026,1237.80,Closed,High
SR-000573,Contoso Analytics 133,D058,Delivery enquiry,04/22/2026,04/24/2026,165.50,Closed,Low
SR-000574,Fabrikam Services 134,D101,Product return,01/03/2026,01/04/2026,12.20,Closed,High
SR-000575,Adventure Works Retail 135,D030,Account access,06/03/2026,06/24/2026,759.40,Closed,High
SR-000576,Northwind Digitl 136,D099,Warranty claim,05/07/2026,05/20/2026,701.60,Closed,Low
SR-000577,Contoso Research 137,D098,Technical support,05/23/2026,06/06/2026,512.60,Closed,High
SR-000578,Fabrikam Logistics 138,D015,Account access,02/30/2026,05/31/2026,618.30,Closed,Normal
SR-000579,Adventure Works Analytics 139,D078,Technical support,06/19/2026,,31.00,Open,High
SR-000580,Northwind Services 140,D098,Delivery enquiry,03/22/2026,04/09/2026,1275.90,Closed,Normal
SR-000581,Unregistered Partner 51,D001,Warranty claim,03/10/2026,03/19/2026,336.40,Closed,Normal
SR-000582,Fabrikam Digital 142,D019,Product return,01/03/2026,01/17/2026,1019.10,Closed,Normal
SR-000583,Adventure Works Research 143,D105,Technical support,02/23/2026,03/06/2026,613.00,Closed,High
SR-000584,Northwind Logistics 144,D037,Product return,03/17/2026,04/10/2026,237.00,Closed,High
SR-000585,Contoso Analytics 145,D105,Warranty claim,03/16/2026,04/05/2026,1093.60,Closed,Low
SR-000586,Fabrikam Srvcs 146,D089,Delivery enquiry,04/15/2026,04/30/2026,592.40,Closed,Normal
SR-000587,Adventure Works Retail 147,D080,Product return,06/03/2026,06/26/2026,1248.60,Closed,Normal
SR-000588,Northwind Digital 148,D028,Warranty claim,01/03/2026,01/18/2026,303.20,Closed,Low
SR-000589,Contoso Research 149,D039,Product return,05/17/2026,05/18/2026,931.50,Closed,Low
SR-000590,Fabrikam Logistics 150,D040,Technical support,05/03/2026,05/13/2026,203.90,Closed,Normal
SR-000591,Adventure Works Analytcs 151,D101,Warranty claim,03/21/2026,03/23/2026,1413.00,Closed,Normal
SR-000592,Northwind Services 152,D093,Product return,06/14/2026,06/26/2026,1172.10,Closed,Normal
SR-000593,Contoso Retail 153,D084,Delivery enquiry,04/23/2026,05/06/2026,1065.90,Closed,Normal
SR-000594,Fabrikam Digital 154,D013,Technical support,02/02/2026,02/15/2026,598.10,Closed,High
SR-000595,Adventure Works Research 155,D050,Account access,05/01/2026,05/10/2026,924.00,Closed,High
SR-000596,Northwind Logistics 156,D085,Warranty claim,03/04/2026,,894.40,Open,Low
SR-000597,Contoso Analytics 157,D043,Warranty claim,06/08/2026,06/13/2026,544.70,Closed,High
SR-000598,Fabrikam Services 158,D034,Technical support,04/27/2026,05/06/2026,84.40,Closed,Normal
SR-000599,Adventure Works Retail 159,D060,Warranty claim,05/02/2026,05/07/2026,48.10,Closed,High
SR-000600,Northwind Digital 160,D039,Technical support,03/09/2026,04/01/2026,1353.40,Closed,High
SR-000601,Contoso Research 161,D112,Account access,01/09/2026,01/24/2026,1055.20,Closed,High
SR-000602,Fabrikam Logistics 162,D049,Account access,03/20/2026,03/23/2026,991.40,Closed,Normal
SR-000603,Adventure Works Analytics 163,D032,Account access,05/26/2026,05/23/2026,9.40,Closed,High
SR-000604,Northwind Services 164,D034,Account access,04/20/2026,04/23/2026,1252.80,Closed,Low
SR-000605,Contoso Retail 165,D074,Account access,06/21/2026,07/14/2026,286.80,Closed,High
SR-000606,Fabrikam Digitl 166,D068,Warranty claim,06/20/2026,07/13/2026,289.80,Closed,Normal
SR-000607,Adventure Works Research 167,D006,Warranty claim,05/25/2026,06/01/2026,1379.60,Closed,High
SR-000608,Northwind Logistics 168,D022,Warranty claim,05/08/2026,05/27/2026,299.20,Closed,High
SR-000609,Contoso Analytics 169,D028,Warranty claim,03/20/2026,03/28/2026,927.00,Closed,Low
SR-000610,Unregistered Partner 80,D015,Delivery enquiry,01/11/2026,01/15/2026,193.10,Closed,High
SR-000611,Adventure Works Retial 171,D087,Warranty claim,03/16/2026,03/23/2026,1374.50,Closed,Normal
SR-000612,Northwind Digital 172,D034,Product return,02/18/2026,02/28/2026,318.20,Closed,Low
SR-000613,Contoso Research 173,D034,Product return,02/11/2026,,1438.00,Open,Normal
SR-000614,Fabrikam Logistics 174,D002,Account access,04/28/2026,05/11/2026,299.50,Closed,Low
SR-000615,Adventure Works Analytics 175,D014,Account access,06/25/2026,07/03/2026,295.40,Closed,Low
SR-000616,Northwind Srvcs 176,D029,Technical support,01/23/2026,02/05/2026,663.60,Closed,Low
SR-000617,Contoso Retail 177,D060,Warranty claim,03/22/2026,03/24/2026,940.40,Closed,Low
SR-000618,Fabrikam Digital 178,D078,Warranty claim,05/15/2026,05/18/2026,1049.40,Closed,High
SR-000619,Adventure Works Research 179,D033,Account access,06/06/2026,06/22/2026,407.10,Closed,Low
SR-000620,Northwind Logistics 180,D014,Delivery enquiry,04/21/2026,05/14/2026,46.00,Closed,High
SR-000621,Contoso Analytcs 181,D063,Account access,04/23/2026,05/11/2026,400.80,Closed,Low
SR-000622,Fabrikam Services 182,D067,Product return,03/09/2026,04/02/2026,1019.00,Closed,High
SR-000623,Adventure Works Retail 183,D056,Account access,06/28/2026,06/30/2026,984.10,Closed,High
SR-000624,Northwind Digital 184,D063,Delivery enquiry,01/19/2026,02/08/2026,390.90,Closed,Low
SR-000625,Contoso Research 185,D111,Delivery enquiry,04/08/2026,04/10/2026,965.10,Closed,Normal
SR-000626,Fabrikam Logistics 186,D040,Technical support,02/17/2026,02/26/2026,1081.40,Closed,Normal
SR-000627,Adventure Works Analytics 187,D010,Product return,04/21/2026,04/22/2026,102.30,Closed,High
SR-000628,Northwind Services 188,D023,Product return,05/13/2026,05/19/2026,986.50,Closed,Low
SR-000629,Contoso Retail 189,D073,Warranty claim,03/06/2026,03/28/2026,71.80,Closed,Normal
SR-000630,Fabrikam Digital 190,D008,Warranty claim,05/25/2026,,251.00,Open,High
SR-000631,Adventure Works Research 191,D083,Product return,02/25/2026,03/15/2026,176.40,Closed,High
SR-000632,Northwind Logistics 192,D025,Account access,05/27/2026,06/10/2026,65.00,Closed,Normal
SR-000633,Contoso Analytics 193,D012,Account access,06/14/2026,06/30/2026,221.40,Closed,High
SR-000634,Fabrikam Services 194,D080,Account access,02/22/2026,03/15/2026,81.00,Closed,High
SR-000635,Adventure Works Retail 195,D112,Product return,06/08/2026,07/02/2026,1341.40,Closed,Low
SR-000636,Northwind Digitl 196,D044,Warranty claim,02/08/2026,02/26/2026,690.30,Closed,Normal
SR-000637,Contoso Research 197,D025,Warranty claim,04/27/2026,05/05/2026,843.80,Closed,High
SR-000638,Fabrikam Logistics 198,D039,Account access,02/20/2026,03/08/2026,244.60,Closed,Low
SR-000639,Unregistered Partner 19,D099,Account access,04/13/2026,04/29/2026,666.70,Closed,Low
SR-000640,Northwind Services 200,D019,Account access,06/23/2026,06/27/2026,1227.90,Closed,Low
SR-000641,Contoso Retial 201,D033,Technical support,03/16/2026,04/02/2026,829.80,Closed,Normal
SR-000642,Fabrikam Digital 202,D038,Technical support,03/22/2026,04/15/2026,1495.90,Closed,High
SR-000643,Adventure Works Research 203,D021,Technical support,01/17/2026,02/07/2026,467.80,Closed,High
SR-000644,Northwind Logistics 204,D052,Warranty claim,03/11/2026,03/19/2026,619.50,Closed,Low
SR-000645,Contoso Analytics 205,D013,Technical support,03/27/2026,04/05/2026,716.70,Closed,High
SR-000646,Fabrikam Srvcs 206,D033,Warranty claim,06/23/2026,06/19/2026,634.20,Closed,High
SR-000647,Adventure Works Retail 207,D087,Delivery enquiry,03/17/2026,,1010.90,Open,Normal
SR-000648,Northwind Digital 208,D092,Account access,02/19/2026,02/21/2026,206.40,Closed,Low
SR-000649,Contoso Research 209,D027,Delivery enquiry,03/26/2026,04/08/2026,1144.90,Closed,Low
SR-000650,Fabrikam Logistics 210,D106,Account access,01/05/2026,01/28/2026,139.10,Closed,Low
SR-000651,Adventure Works Analytcs 211,D109,Technical support,02/27/2026,03/15/2026,551.30,Closed,High
SR-000652,Northwind Services 212,D081,Product return,02/09/2026,02/17/2026,1311.70,Closed,Normal
SR-000653,Contoso Retail 213,D072,Product return,05/27/2026,05/28/2026,1317.90,Closed,High
SR-000654,Fabrikam Digital 214,D021,Account access,06/25/2026,07/08/2026,1374.90,Closed,Normal
SR-000655,Adventure Works Research 215,D076,Technical support,04/15/2026,04/21/2026,702.30,Closed,Normal
SR-000656,Northwind Logistics 216,D048,Delivery enquiry,06/13/2026,07/04/2026,835.80,Closed,Low
SR-000657,Contoso Analytics 217,D044,Delivery enquiry,03/28/2026,04/05/2026,1007.90,Closed,Normal
SR-000658,Fabrikam Services 218,D015,Account access,03/28/2026,04/09/2026,182.90,Closed,High
SR-000659,Adventure Works Retail 219,D093,Product return,03/25/2026,04/15/2026,812.40,Closed,Low
SR-000660,Northwind Digital 220,D037,Product return,05/01/2026,05/25/2026,450.80,Closed,Low
SR-000661,Oxford University,D071,Delivery enquiry,02/16/2026,02/17/2026,189.50,Closed,Normal
SR-000662,University of Cambridge,D098,Account access,02/04/2026,13/12/2026,1370.30,Closed,High
SR-000663,Imperial College London,D020,Warranty claim,06/09/2026,06/12/2026,223.90,Closed,Normal
SR-000664,Oxford University Press,D095,Delivery enquiry,02/27/2026,,675.70,Open,Low
SR-000665,Contoso Oxford Trading,D105,Account access,06/11/2026,06/29/2026,703.70,Closed,Normal
SR-000666,Contoso Oxford Traders,D072,Product return,05/17/2026,06/02/2026,751.80,Closed,Low
SR-000667,Fabrikam Retail Group,D053,Warranty claim,01/15/2026,01/31/2026,1137.60,Closed,High
SR-000668,Unregistered Partner 08,D069,Delivery enquiry,05/01/2026,05/02/2026,1367.60,Closed,Normal
SR-000669,Contoso Retail 009,D001,Technical support,04/07/2026,04/15/2026,1135.40,Closed,Low
SR-000670,Fabrikam Digital 010,D100,Product return,03/04/2026,03/14/2026,412.40,Closed,Normal
SR-000671,Adventure Works Research 011,D085,Account access,06/08/2026,06/20/2026,944.60,Closed,Low
SR-000672,Northwind Logistics 012,D021,Delivery enquiry,04/16/2026,05/05/2026,93.50,Closed,Normal
SR-000673,Contoso Analytics 013,D065,Technical support,02/10/2026,02/11/2026,1394.30,Closed,Normal
SR-000674,Fabrikam Services 014,D040,Product return,01/02/2026,01/23/2026,1361.80,Closed,High
SR-000675,Adventure Works Retail 015,D046,Account access,04/17/2026,05/04/2026,287.10,Closed,High
SR-000676,Northwind Digitl 016,D038,Account access,05/07/2026,05/28/2026,1084.60,Closed,Normal
SR-000677,Contoso Research 017,D028,Account access,03/03/2026,03/06/2026,439.00,Closed,Low
SR-000678,Fabrikam Logistics 018,D037,Account access,05/01/2026,05/23/2026,592.50,Closed,Normal
SR-000679,Adventure Works Analytics 019,D019,Account access,03/18/2026,03/27/2026,1400.80,Closed,High
SR-000680,Northwind Services 020,D057,Product return,05/08/2026,06/01/2026,578.60,Closed,Low
SR-000681,Contoso Retial 021,D055,Product return,01/19/2026,,714.10,Open,Low
SR-000682,Fabrikam Digital 022,D038,Technical support,01/10/2026,01/20/2026,55.20,Closed,Low
SR-000683,Adventure Works Research 023,D049,Delivery enquiry,06/27/2026,06/29/2026,333.70,Closed,Normal
SR-000684,Northwind Logistics 024,D070,Technical support,02/21/2026,03/07/2026,585.20,Closed,Low
SR-000685,Contoso Analytics 025,D028,Technical support,04/13/2026,04/20/2026,105.50,Closed,High
SR-000686,Fabrikam Srvcs 026,D002,Delivery enquiry,03/28/2026,04/10/2026,1101.50,Closed,High
SR-000687,Adventure Works Retail 027,D053,Product return,05/11/2026,05/28/2026,1054.70,Closed,Low
SR-000688,Northwind Digital 028,D089,Technical support,06/16/2026,06/22/2026,583.90,Closed,Normal
SR-000689,Contoso Research 029,D013,Product return,05/23/2026,05/21/2026,1419.90,Closed,Normal
SR-000690,Fabrikam Logistics 030,D091,Account access,04/14/2026,04/27/2026,1183.80,Closed,Normal
SR-000691,Adventure Works Analytcs 031,D061,Warranty claim,02/17/2026,02/22/2026,839.80,Closed,Low
SR-000692,Northwind Services 032,D056,Technical support,02/26/2026,03/08/2026,1323.90,Closed,Low
SR-000693,Contoso Retail 033,D044,Product return,05/28/2026,06/17/2026,477.80,Closed,Normal
SR-000694,Fabrikam Digital 034,D014,Account access,05/22/2026,06/04/2026,188.90,Closed,High
SR-000695,Adventure Works Research 035,D038,Delivery enquiry,06/18/2026,07/06/2026,940.20,Closed,Normal
SR-000696,Northwind Logistics 036,D049,Account access,05/02/2026,05/20/2026,730.10,Closed,Normal
SR-000697,Unregistered Partner 37,D025,Technical support,01/16/2026,02/06/2026,1436.10,Closed,Low
SR-000698,Fabrikam Services 038,D049,Account access,04/01/2026,,901.00,Open,Normal
SR-000699,Adventure Works Retail 039,D003,Warranty claim,05/09/2026,05/30/2026,1376.70,Closed,Normal
SR-000700,Northwind Digital 040,D099,Account access,02/08/2026,02/15/2026,1001.60,Closed,Low
SR-000701,Contoso Research 041,D073,Product return,04/13/2026,04/19/2026,45.40,Closed,Normal
SR-000702,Fabrikam Logistics 042,D071,Technical support,05/28/2026,05/30/2026,42.10,Closed,Normal
SR-000703,Adventure Works Analytics 043,D088,Delivery enquiry,05/24/2026,06/15/2026,1494.80,Closed,Normal
SR-000704,Northwind Services 044,D016,Account access,05/17/2026,06/06/2026,722.30,Closed,High
SR-000705,Contoso Retail 045,D040,Product return,06/07/2026,06/26/2026,921.40,Closed,High
SR-000706,Fabrikam Digitl 046,D059,Technical support,02/08/2026,03/02/2026,839.00,Closed,Low
SR-000707,Adventure Works Research 047,D015,Technical support,02/07/2026,02/25/2026,976.30,Closed,Low
SR-000708,Northwind Logistics 048,D021,Product return,06/27/2026,07/07/2026,354.90,Closed,Low
SR-000709,Contoso Analytics 049,D059,Account access,04/13/2026,05/04/2026,477.80,Closed,Low
SR-000710,Fabrikam Services 050,D025,Product return,02/01/2026,02/15/2026,1456.50,Closed,Normal
SR-000711,Adventure Works Retial 051,D011,Technical support,04/15/2026,04/18/2026,1345.70,Closed,High
SR-000712,Northwind Digital 052,D026,Product return,02/25/2026,03/18/2026,177.40,Closed,High
SR-000713,Contoso Research 053,D010,Account access,05/28/2026,06/19/2026,1459.50,Closed,High
SR-000714,Fabrikam Logistics 054,D051,Account access,06/03/2026,06/22/2026,1353.10,Closed,Low
SR-000715,Adventure Works Analytics 055,D048,Delivery enquiry,03/08/2026,,408.30,Open,Low
SR-000716,Northwind Srvcs 056,D109,Warranty claim,04/27/2026,05/17/2026,1202.50,Closed,High
SR-000717,Contoso Retail 057,D007,Delivery enquiry,01/13/2026,01/22/2026,1095.00,Closed,Low
SR-000718,Fabrikam Digital 058,D007,Delivery enquiry,02/01/2026,02/04/2026,710.40,Closed,Low
SR-000719,Adventure Works Research 059,D009,Technical support,02/12/2026,02/13/2026,1074.80,Closed,Normal
SR-000720,Northwind Logistics 060,D078,Delivery enquiry,02/09/2026,03/04/2026,1446.60,Closed,High
SR-000721,Contoso Analytcs 061,D015,Delivery enquiry,02/03/2026,02/23/2026,687.50,Closed,High
SR-000722,Fabrikam Services 062,D026,Warranty claim,03/28/2026,04/10/2026,1301.70,Closed,Normal
SR-000723,Adventure Works Retail 063,D009,Warranty claim,01/06/2026,01/25/2026,547.30,Closed,High
SR-000724,Northwind Digital 064,D063,Technical support,02/23/2026,03/10/2026,1046.00,Closed,Normal
SR-000725,Contoso Research 065,D058,Warranty claim,04/03/2026,04/07/2026,522.30,Closed,High
SR-000726,Unregistered Partner 66,D046,Account access,04/13/2026,04/22/2026,697.90,Closed,High
SR-000727,Adventure Works Analytics 067,D015,Delivery enquiry,01/14/2026,01/16/2026,78.10,Closed,High
SR-000728,Northwind Services 068,D094,Product return,02/25/2026,03/07/2026,1422.10,Closed,Normal
SR-000729,Contoso Retail 069,D020,Account access,04/07/2026,04/22/2026,747.40,Closed,Low
SR-000730,Fabrikam Digital 070,D096,Warranty claim,05/17/2026,06/07/2026,871.10,Closed,Normal
SR-000731,Adventure Works Research 071,D059,Product return,05/16/2026,06/05/2026,55.80,Closed,Normal
SR-000732,Northwind Logistics 072,D010,Account access,04/22/2026,,353.70,Open,Normal
SR-000733,Contoso Analytics 073,D030,Warranty claim,03/01/2026,03/17/2026,631.90,Closed,High
SR-000734,Fabrikam Services 074,D091,Account access,03/08/2026,03/14/2026,1201.90,Closed,High
SR-000735,Adventure Works Retail 075,D008,Delivery enquiry,03/24/2026,04/08/2026,973.50,Closed,Normal
SR-000736,Northwind Digitl 076,D092,Product return,03/13/2026,04/02/2026,143.30,Closed,Low
SR-000737,Contoso Research 077,D057,Delivery enquiry,02/20/2026,03/07/2026,22.10,Closed,Low
SR-000738,Fabrikam Logistics 078,D006,Delivery enquiry,06/08/2026,06/21/2026,703.40,Closed,Low
SR-000739,Adventure Works Analytics 079,D064,Technical support,04/27/2026,05/18/2026,228.60,Closed,High
SR-000740,Northwind Services 080,D072,Delivery enquiry,03/01/2026,03/03/2026,833.40,Closed,High
SR-000741,Contoso Retial 081,D094,Delivery enquiry,06/10/2026,06/29/2026,374.60,Closed,Low
SR-000742,Fabrikam Digital 082,D015,Technical support,05/27/2026,06/08/2026,182.80,Closed,Normal
SR-000743,Adventure Works Research 083,D056,Technical support,04/22/2026,05/09/2026,1390.20,Closed,Low
SR-000744,Northwind Logistics 084,D103,Account access,03/21/2026,04/11/2026,99.00,Closed,High
SR-000745,Contoso Analytics 085,D030,Warranty claim,02/11/2026,02/18/2026,1230.80,Closed,High
SR-000746,Fabrikam Srvcs 086,D096,Technical support,03/10/2026,03/16/2026,1478.40,Closed,Low
SR-000747,Adventure Works Retail 087,D071,Delivery enquiry,06/23/2026,07/05/2026,1230.30,Closed,Low
SR-000748,Northwind Digital 088,D011,Product return,01/09/2026,01/22/2026,1265.00,Closed,High
SR-000749,Contoso Research 089,D025,Warranty claim,06/22/2026,,1413.50,Open,Normal
SR-000750,Fabrikam Logistics 090,D042,Technical support,04/18/2026,04/28/2026,765.70,Closed,High
SR-000751,Adventure Works Analytcs 091,D028,Warranty claim,03/20/2026,04/05/2026,1142.30,Closed,High
SR-000752,Northwind Services 092,D015,Product return,05/06/2026,05/27/2026,1456.00,Closed,High
SR-000753,Contoso Retail 093,D082,Account access,02/23/2026,02/25/2026,115.30,Closed,Normal
SR-000754,Fabrikam Digital 094,D100,Warranty claim,06/16/2026,07/02/2026,408.00,Closed,Low
SR-000755,Unregistered Partner 05,D025,Technical support,01/26/2026,02/14/2026,1452.40,Closed,Low
SR-000756,Northwind Logistics 096,D022,Warranty claim,03/27/2026,04/16/2026,312.80,Closed,Normal
SR-000757,Contoso Analytics 097,D049,Technical support,05/25/2026,06/13/2026,627.90,Closed,Low
SR-000758,Fabrikam Services 098,D063,Technical support,06/02/2026,06/06/2026,874.10,Closed,High
SR-000759,Adventure Works Retail 099,D024,Warranty claim,05/04/2026,05/22/2026,1147.40,Closed,Low
SR-000760,Northwind Digital 100,D092,Delivery enquiry,02/04/2026,02/28/2026,278.60,Closed,High
SR-000761,Contoso Research 101,D041,Product return,05/03/2026,05/26/2026,1210.20,Closed,Normal
SR-000762,Fabrikam Logistics 102,D078,Delivery enquiry,01/09/2026,01/21/2026,387.80,Closed,High
SR-000763,Adventure Works Analytics 103,D074,Technical support,05/16/2026,06/04/2026,907.80,Closed,High
SR-000764,Northwind Services 104,D047,Delivery enquiry,05/23/2026,06/15/2026,935.20,Closed,Low
SR-000765,Contoso Retail 105,D015,Account access,04/09/2026,04/24/2026,75.80,Closed,High
SR-000766,Fabrikam Digitl 106,D045,Account access,05/16/2026,,940.00,Open,Normal
SR-000767,Adventure Works Research 107,D058,Warranty claim,01/17/2026,02/10/2026,835.50,Closed,Low
SR-000768,Northwind Logistics 108,D062,Technical support,04/13/2026,05/07/2026,374.60,Closed,Low
SR-000769,Contoso Analytics 109,D104,Product return,06/18/2026,06/20/2026,256.10,Closed,Low
SR-000770,Fabrikam Services 110,D097,Technical support,04/03/2026,04/07/2026,442.30,Closed,Normal
SR-000771,Adventure Works Retial 111,D027,Account access,01/07/2026,01/24/2026,647.40,Closed,Normal
SR-000772,Northwind Digital 112,D022,Product return,05/05/2026,05/27/2026,201.30,Closed,Low
SR-000773,Contoso Research 113,D092,Delivery enquiry,02/15/2026,03/08/2026,855.80,Closed,Normal
SR-000774,Fabrikam Logistics 114,D080,Product return,02/26/2026,03/09/2026,1042.60,Closed,Normal
SR-000775,Adventure Works Analytics 115,D077,Technical support,01/19/2026,01/17/2026,786.10,Closed,High
SR-000776,Northwind Srvcs 116,D004,Delivery enquiry,06/14/2026,06/26/2026,1363.50,Closed,High
SR-000777,Contoso Retail 117,D108,Account access,04/16/2026,04/27/2026,543.60,Closed,Normal
SR-000778,Fabrikam Digital 118,D060,Product return,06/27/2026,07/13/2026,215.50,Closed,High
SR-000779,Adventure Works Research 119,D076,Delivery enquiry,01/12/2026,01/19/2026,691.30,Closed,Low
SR-000780,Northwind Logistics 120,D081,Product return,06/17/2026,06/28/2026,48.70,Closed,High
SR-000781,Contoso Analytcs 121,D070,Product return,04/22/2026,05/01/2026,1415.50,Closed,Low
SR-000782,Fabrikam Services 122,D011,Product return,04/12/2026,04/30/2026,580.80,Closed,High
SR-000783,Adventure Works Retail 123,D105,Account access,05/28/2026,,1390.40,Open,High
SR-000784,Unregistered Partner 34,D066,Technical support,03/16/2026,04/03/2026,160.50,Closed,Normal
SR-000785,Contoso Research 125,D050,Technical support,02/15/2026,03/08/2026,584.30,Closed,Normal
SR-000786,Fabrikam Logistics 126,D018,Product return,06/01/2026,06/08/2026,1037.20,Closed,Normal
SR-000787,Adventure Works Analytics 127,D065,Warranty claim,01/24/2026,02/03/2026,728.40,Closed,Normal
SR-000788,Northwind Services 128,D002,Warranty claim,04/05/2026,04/08/2026,192.20,Closed,Normal
SR-000789,Contoso Retail 129,D065,Technical support,04/05/2026,04/27/2026,821.50,Closed,High
SR-000790,Fabrikam Digital 130,D093,Technical support,03/09/2026,03/14/2026,1499.50,Closed,Low
SR-000791,Adventure Works Research 131,D027,Product return,06/08/2026,06/15/2026,1359.20,Closed,High
SR-000792,Northwind Logistics 132,D049,Delivery enquiry,03/25/2026,03/26/2026,397.70,Closed,Normal
SR-000793,Contoso Analytics 133,D064,Delivery enquiry,06/20/2026,07/01/2026,1307.10,Closed,High
SR-000794,Fabrikam Services 134,D067,Technical support,02/07/2026,03/03/2026,116.20,Closed,Normal
SR-000795,Adventure Works Retail 135,D019,Delivery enquiry,04/05/2026,04/17/2026,392.50,Closed,Normal
SR-000796,Northwind Digitl 136,D079,Technical support,05/18/2026,05/30/2026,855.80,Closed,High
SR-000797,Contoso Research 137,D090,Account access,06/12/2026,07/02/2026,93.80,Closed,Normal
SR-000798,Fabrikam Logistics 138,D052,Technical support,06/05/2026,06/19/2026,265.30,Closed,High
SR-000799,Adventure Works Analytics 139,D033,Technical support,04/23/2026,04/24/2026,750.50,Closed,Low
SR-000800,Northwind Services 140,D112,Product return,02/19/2026,,229.50,Open,Normal
SR-000801,Contoso Retial 141,D097,Warranty claim,01/23/2026,02/07/2026,456.80,Closed,High
SR-000802,Fabrikam Digital 142,D094,Technical support,03/09/2026,03/24/2026,330.90,Closed,High
SR-000803,Adventure Works Research 143,D089,Delivery enquiry,03/21/2026,04/06/2026,713.70,Closed,Low
SR-000804,Northwind Logistics 144,D049,Product return,04/09/2026,04/24/2026,513.80,Closed,Normal
SR-000805,Contoso Analytics 145,D080,Warranty claim,03/14/2026,03/24/2026,251.50,Closed,Low
SR-000806,Fabrikam Srvcs 146,D023,Account access,04/10/2026,04/24/2026,303.10,Closed,Normal
SR-000807,Adventure Works Retail 147,D065,Product return,05/11/2026,06/02/2026,845.10,Closed,Low
SR-000808,Northwind Digital 148,D078,Delivery enquiry,04/13/2026,04/30/2026,1073.30,Closed,Low
SR-000809,Contoso Research 149,D081,Product return,02/01/2026,02/12/2026,962.60,Closed,High
SR-000810,Fabrikam Logistics 150,D035,Delivery enquiry,03/19/2026,03/28/2026,954.70,Closed,Normal
SR-000811,Adventure Works Analytcs 151,D025,Account access,03/21/2026,03/30/2026,976.60,Closed,Normal
SR-000812,Northwind Services 152,D090,Account access,05/24/2026,05/25/2026,1079.60,Closed,Low
SR-000813,Unregistered Partner 63,D042,Technical support,04/11/2026,04/28/2026,584.90,Closed,Low
SR-000814,Fabrikam Digital 154,D063,Product return,03/15/2026,04/01/2026,1421.60,Closed,Low
SR-000815,Adventure Works Research 155,D096,Warranty claim,02/11/2026,02/14/2026,1207.30,Closed,Normal
SR-000816,Northwind Logistics 156,D019,Product return,06/04/2026,06/06/2026,1424.50,Closed,Normal
SR-000817,Contoso Analytics 157,D057,Product return,02/16/2026,,992.40,Open,Low
SR-000818,Fabrikam Services 158,D108,Delivery enquiry,04/07/2026,04/05/2026,74.10,Closed,Low
SR-000819,Adventure Works Retail 159,D102,Warranty claim,05/07/2026,05/31/2026,325.50,Closed,Low
SR-000820,Northwind Digital 160,D096,Technical support,06/16/2026,06/30/2026,533.10,Closed,Low
SR-000821,Contoso Research 161,D057,Account access,02/03/2026,02/04/2026,202.30,Closed,Low
SR-000822,Fabrikam Logistics 162,D043,Technical support,02/09/2026,02/11/2026,22.70,Closed,High
SR-000823,Adventure Works Analytics 163,D112,Delivery enquiry,03/26/2026,04/12/2026,355.10,Closed,Normal
SR-000824,Northwind Services 164,D026,Delivery enquiry,03/27/2026,04/10/2026,944.60,Closed,Low
SR-000825,Contoso Retail 165,D062,Warranty claim,04/03/2026,04/13/2026,181.70,Closed,Low
SR-000826,Fabrikam Digitl 166,D057,Warranty claim,06/23/2026,06/27/2026,1339.60,Closed,Normal
SR-000827,Adventure Works Research 167,D022,Delivery enquiry,03/11/2026,03/26/2026,67.60,Closed,High
SR-000828,Northwind Logistics 168,D089,Product return,01/03/2026,01/16/2026,1265.20,Closed,Low
SR-000829,Contoso Analytics 169,D035,Technical support,04/16/2026,05/03/2026,1127.50,Closed,High
SR-000830,Fabrikam Services 170,D107,Product return,02/24/2026,03/20/2026,107.30,Closed,Low
SR-000831,Adventure Works Retial 171,D051,Technical support,06/06/2026,06/13/2026,933.90,Closed,High
SR-000832,Northwind Digital 172,D091,Product return,01/21/2026,02/05/2026,995.60,Closed,High
SR-000833,Contoso Research 173,D045,Warranty claim,02/09/2026,02/11/2026,379.40,Closed,Low
SR-000834,Fabrikam Logistics 174,D080,Product return,06/24/2026,,419.20,Open,High
SR-000835,Adventure Works Analytics 175,D029,Account access,03/02/2026,03/05/2026,579.80,Closed,High
SR-000836,Northwind Srvcs 176,D072,Product return,02/15/2026,02/21/2026,1048.10,Closed,High
SR-000837,Contoso Retail 177,D070,Delivery enquiry,01/09/2026,01/27/2026,44.90,Closed,High
SR-000838,Fabrikam Digital 178,D052,Account access,06/21/2026,07/11/2026,1246.10,Closed,High
SR-000839,Adventure Works Research 179,D038,Technical support,03/21/2026,04/12/2026,356.20,Closed,High
SR-000840,Northwind Logistics 180,D033,Product return,03/26/2026,04/15/2026,66.30,Closed,Normal
SR-000841,Contoso Analytcs 181,D048,Product return,03/12/2026,03/23/2026,1362.30,Closed,Low
SR-000842,Unregistered Partner 02,D084,Delivery enquiry,01/18/2026,02/04/2026,86.90,Closed,High
SR-000843,Adventure Works Retail 183,D029,Product return,06/13/2026,06/30/2026,778.90,Closed,High
SR-000844,Northwind Digital 184,D077,Technical support,02/19/2026,03/02/2026,1177.40,Closed,Low
SR-000845,Contoso Research 185,D074,Product return,04/10/2026,05/01/2026,694.30,Closed,High
SR-000846,Fabrikam Logistics 186,D112,Product return,02/12/2026,02/19/2026,1106.50,Closed,Low
SR-000847,Adventure Works Analytics 187,D102,Delivery enquiry,02/19/2026,03/15/2026,1006.80,Closed,Normal
SR-000848,Northwind Services 188,D061,Account access,05/06/2026,05/15/2026,180.90,Closed,High
SR-000849,Contoso Retail 189,D058,Warranty claim,06/13/2026,06/21/2026,9.20,Closed,Low
SR-000850,Fabrikam Digital 190,D105,Warranty claim,01/16/2026,01/30/2026,174.10,Closed,Low
SR-000851,Adventure Works Research 191,D077,Delivery enquiry,06/01/2026,,1227.40,Open,Normal
SR-000852,Northwind Logistics 192,D056,Account access,01/11/2026,01/31/2026,1489.60,Closed,High
SR-000853,Contoso Analytics 193,D017,Account access,05/10/2026,05/22/2026,1497.30,Closed,Low
SR-000854,Fabrikam Services 194,D046,Product return,05/17/2026,06/07/2026,180.70,Closed,Normal
SR-000855,Adventure Works Retail 195,D048,Account access,04/22/2026,05/07/2026,1462.70,Closed,High
SR-000856,Northwind Digitl 196,D028,Account access,02/12/2026,02/14/2026,742.00,Closed,Low
SR-000857,Contoso Research 197,D027,Product return,05/09/2026,05/28/2026,348.00,Closed,High
SR-000858,Fabrikam Logistics 198,D005,Account access,04/22/2026,05/10/2026,22.40,Closed,Low
SR-000859,Adventure Works Analytics 199,D011,Product return,02/28/2026,03/16/2026,1484.10,Closed,Normal
SR-000860,Northwind Services 200,D044,Technical support,05/10/2026,05/19/2026,984.90,Closed,High
SR-000861,Contoso Retial 201,D058,Delivery enquiry,06/10/2026,06/09/2026,1301.30,Closed,Normal
SR-000862,Fabrikam Digital 202,D031,Delivery enquiry,02/11/2026,02/26/2026,1053.50,Closed,Normal
SR-000863,Adventure Works Research 203,D112,Technical support,01/01/2026,01/22/2026,707.30,Closed,Low
SR-000864,Northwind Logistics 204,D079,Technical support,05/10/2026,05/12/2026,622.40,Closed,Low
SR-000865,Contoso Analytics 205,D075,Delivery enquiry,02/26/2026,03/22/2026,1471.80,Closed,Normal
SR-000866,Fabrikam Srvcs 206,D029,Delivery enquiry,06/15/2026,07/08/2026,622.50,Closed,Low
SR-000867,Adventure Works Retail 207,D001,Product return,05/22/2026,06/04/2026,1177.70,Closed,Normal
SR-000868,Northwind Digital 208,D008,Warranty claim,05/07/2026,,983.30,Open,Low
SR-000869,Contoso Research 209,D107,Product return,02/03/2026,02/25/2026,667.70,Closed,High
SR-000870,Fabrikam Logistics 210,D093,Product return,05/21/2026,06/03/2026,245.10,Closed,Low
SR-000871,Unregistered Partner 31,D085,Delivery enquiry,02/08/2026,02/28/2026,1094.60,Closed,Low
SR-000872,Northwind Services 212,D038,Technical support,03/16/2026,03/19/2026,980.00,Closed,Normal
SR-000873,Contoso Retail 213,D074,Warranty claim,05/05/2026,05/21/2026,1219.70,Closed,Normal
SR-000874,Fabrikam Digital 214,D013,Technical support,01/27/2026,02/13/2026,1349.50,Closed,High
SR-000875,Adventure Works Research 215,D078,Account access,06/16/2026,07/09/2026,556.40,Closed,High
SR-000876,Northwind Logistics 216,D048,Account access,05/25/2026,06/11/2026,1174.90,Closed,High
SR-000877,Contoso Analytics 217,D027,Account access,02/15/2026,03/11/2026,180.60,Closed,High
SR-000878,Fabrikam Services 218,D071,Delivery enquiry,02/16/2026,03/11/2026,496.50,Closed,Normal
SR-000879,Adventure Works Retail 219,D076,Technical support,05/09/2026,05/13/2026,17.10,Closed,Low
SR-000880,Northwind Digital 220,D065,Account access,03/08/2026,03/16/2026,623.20,Closed,Low
SR-000881,Oxford University,D096,Account access,02/06/2026,02/25/2026,16.10,Closed,High
SR-000882,University of Cambridge,D001,Account access,04/08/2026,04/28/2026,1497.10,Closed,Normal
SR-000883,Imperial College London,D031,Warranty claim,04/09/2026,04/21/2026,671.50,Closed,High
SR-000884,Oxford University Press,D110,Product return,04/24/2026,05/04/2026,103.40,Closed,Normal
SR-000885,Contoso Oxford Trading,D004,Account access,02/17/2026,,762.70,Open,Normal
SR-000886,Contoso Oxford Traders,D081,Technical support,02/07/2026,02/18/2026,1329.20,Closed,Normal
SR-000887,Fabrikam Retail Group,D010,Product return,03/05/2026,03/26/2026,379.70,Closed,Low
SR-000888,Adventure Works UK,D010,Product return,04/20/2026,05/06/2026,1310.40,Closed,Low
SR-000889,Contoso Retail 009,D047,Account access,06/20/2026,06/24/2026,1092.70,Closed,High
SR-000890,Fabrikam Digital 010,D056,Account access,03/06/2026,03/11/2026,1111.00,Closed,Low
SR-000891,Adventure Works Research 011,D090,Account access,03/09/2026,04/01/2026,41.20,Closed,Low
SR-000892,Northwind Logistics 012,D106,Technical support,06/12/2026,06/28/2026,451.10,Closed,Low
SR-000893,Contoso Analytics 013,D066,Product return,02/17/2026,02/24/2026,1018.30,Closed,Normal
SR-000894,Fabrikam Services 014,D065,Account access,05/22/2026,06/09/2026,334.10,Closed,Low
SR-000895,Adventure Works Retail 015,D053,Delivery enquiry,04/02/2026,04/10/2026,1118.00,Closed,Low
SR-000896,Northwind Digitl 016,D092,Delivery enquiry,02/14/2026,02/24/2026,864.10,Closed,Low
SR-000897,Contoso Research 017,D051,Warranty claim,03/10/2026,03/25/2026,1017.30,Closed,High
SR-000898,Fabrikam Logistics 018,D044,Warranty claim,03/07/2026,03/30/2026,1263.10,Closed,High
SR-000899,Adventure Works Analytics 019,D057,Delivery enquiry,05/05/2026,05/21/2026,1493.50,Closed,Low
SR-000900,Unregistered Partner 20,D022,Delivery enquiry,03/19/2026,04/08/2026,1084.70,Closed,Low
SR-000901,Contoso Retial 021,D018,Delivery enquiry,02/17/2026,03/05/2026,533.10,Closed,Normal
SR-000902,Fabrikam Digital 022,D100,Product return,06/06/2026,,136.00,Open,Normal
SR-000903,Adventure Works Research 023,D091,Technical support,06/23/2026,07/09/2026,764.60,Closed,High
SR-000904,Northwind Logistics 024,D091,Product return,03/01/2026,02/26/2026,30.30,Closed,High
SR-000905,Contoso Analytics 025,D059,Product return,01/24/2026,02/13/2026,774.70,Closed,Normal
SR-000906,Fabrikam Srvcs 026,D008,Warranty claim,03/15/2026,04/05/2026,813.50,Closed,High
SR-000907,Adventure Works Retail 027,D047,Account access,06/23/2026,07/11/2026,380.60,Closed,High
SR-000908,Northwind Digital 028,D009,Account access,03/06/2026,03/25/2026,1056.10,Closed,Low
SR-000909,Contoso Research 029,D077,Technical support,03/08/2026,03/31/2026,177.60,Closed,Normal
SR-000910,Fabrikam Logistics 030,D103,Warranty claim,04/26/2026,05/05/2026,190.50,Closed,Low
SR-000911,Adventure Works Analytcs 031,D040,Warranty claim,05/08/2026,05/24/2026,966.60,Closed,Normal
SR-000912,Northwind Services 032,D006,Delivery enquiry,03/28/2026,03/29/2026,703.70,Closed,Normal
SR-000913,Contoso Retail 033,D042,Warranty claim,03/06/2026,03/20/2026,813.60,Closed,High
SR-000914,Fabrikam Digital 034,D049,Delivery enquiry,05/17/2026,06/02/2026,665.50,Closed,Normal
SR-000915,Adventure Works Research 035,D046,Warranty claim,05/17/2026,05/18/2026,1439.80,Closed,Normal
SR-000916,Northwind Logistics 036,D049,Delivery enquiry,05/22/2026,06/13/2026,855.90,Closed,Low
SR-000917,Contoso Analytics 037,D057,Account access,03/04/2026,03/08/2026,567.90,Closed,Normal
SR-000918,Fabrikam Services 038,D105,Warranty claim,05/07/2026,05/25/2026,578.90,Closed,High
SR-000919,Adventure Works Retail 039,D034,Warranty claim,06/13/2026,,1283.80,Open,Normal
SR-000920,Northwind Digital 040,D018,Account access,05/03/2026,05/23/2026,84.80,Closed,Low
SR-000921,Contoso Research 041,D018,Delivery enquiry,06/10/2026,06/30/2026,574.90,Closed,High
SR-000922,Fabrikam Logistics 042,D045,Technical support,04/22/2026,05/08/2026,807.20,Closed,Normal
SR-000923,Adventure Works Analytics 043,D039,Delivery enquiry,05/08/2026,05/12/2026,905.40,Closed,Low
SR-000924,Northwind Services 044,D043,Delivery enquiry,01/17/2026,01/27/2026,555.30,Closed,High
SR-000925,Contoso Retail 045,D062,Account access,04/28/2026,05/11/2026,101.90,Closed,Low
SR-000926,Fabrikam Digitl 046,D028,Account access,05/16/2026,05/20/2026,1479.60,Closed,High
SR-000927,Adventure Works Research 047,D079,Technical support,04/11/2026,04/23/2026,764.40,Closed,High
SR-000928,Northwind Logistics 048,D099,Warranty claim,03/05/2026,03/16/2026,71.80,Closed,Normal
SR-000929,Unregistered Partner 49,D084,Product return,01/09/2026,01/18/2026,357.70,Closed,High
SR-000930,Fabrikam Services 050,D009,Delivery enquiry,04/12/2026,04/19/2026,599.70,Closed,Normal
SR-000931,Adventure Works Retial 051,D090,Product return,01/16/2026,02/09/2026,206.60,Closed,Normal
SR-000932,Northwind Digital 052,D021,Warranty claim,01/25/2026,02/05/2026,1402.00,Closed,Low
SR-000933,Contoso Research 053,D062,Delivery enquiry,05/11/2026,06/01/2026,229.90,Closed,Low
SR-000934,Fabrikam Logistics 054,D024,Account access,01/14/2026,01/20/2026,1418.20,Closed,Normal
SR-000935,Adventure Works Analytics 055,D078,Delivery enquiry,01/10/2026,01/22/2026,695.10,Closed,Normal
SR-000936,Northwind Srvcs 056,D028,Delivery enquiry,06/28/2026,,691.60,Open,Normal
SR-000937,Contoso Retail 057,D110,Account access,01/21/2026,02/02/2026,757.30,Closed,High
SR-000938,Fabrikam Digital 058,D069,Product return,05/23/2026,06/10/2026,1430.30,Closed,Normal
SR-000939,Adventure Works Research 059,D058,Delivery enquiry,02/22/2026,02/25/2026,66.60,Closed,High
SR-000940,Northwind Logistics 060,D100,Technical support,02/28/2026,03/20/2026,66.60,Closed,Low
SR-000941,Contoso Analytcs 061,D003,Technical support,05/06/2026,05/11/2026,115.20,Closed,High
SR-000942,Fabrikam Services 062,D100,Warranty claim,03/23/2026,04/15/2026,1343.80,Closed,Normal
SR-000943,Adventure Works Retail 063,D081,Warranty claim,01/24/2026,02/14/2026,433.10,Closed,High
SR-000944,Northwind Digital 064,D022,Delivery enquiry,05/21/2026,05/22/2026,248.50,Closed,Normal
SR-000945,Contoso Research 065,D086,Technical support,06/05/2026,06/24/2026,1286.50,Closed,Normal
SR-000946,Fabrikam Logistics 066,D010,Technical support,01/16/2026,01/26/2026,1087.30,Closed,Low
SR-000947,Adventure Works Analytics 067,D054,Warranty claim,06/20/2026,06/19/2026,399.10,Closed,Low
SR-000948,Northwind Services 068,D051,Technical support,02/09/2026,02/27/2026,490.70,Closed,High
SR-000949,Contoso Retail 069,D018,Warranty claim,05/16/2026,05/26/2026,1060.90,Closed,High
SR-000950,Fabrikam Digital 070,D083,Account access,01/15/2026,02/03/2026,1155.20,Closed,Low
SR-000951,Adventure Works Research 071,D057,Product return,05/24/2026,05/26/2026,596.40,Closed,Low
SR-000952,Northwind Logistics 072,D109,Technical support,02/28/2026,03/03/2026,283.50,Closed,Normal
SR-000953,Contoso Analytics 073,D015,Account access,04/13/2026,,968.70,Open,Normal
SR-000954,Fabrikam Services 074,D005,Product return,06/28/2026,07/01/2026,281.30,Closed,High
SR-000955,Adventure Works Retail 075,D083,Technical support,05/17/2026,06/06/2026,240.50,Closed,High
SR-000956,Northwind Digitl 076,D098,Warranty claim,01/10/2026,01/29/2026,1266.40,Closed,Low
SR-000957,Contoso Research 077,D112,Delivery enquiry,06/27/2026,07/17/2026,1063.70,Closed,Normal
SR-000958,Unregistered Partner 78,D020,Delivery enquiry,01/15/2026,02/03/2026,1042.90,Closed,Low
SR-000959,Adventure Works Analytics 079,D036,Technical support,04/27/2026,05/16/2026,1459.00,Closed,Low
SR-000960,Northwind Services 080,D092,Product return,06/18/2026,06/30/2026,307.20,Closed,High
SR-000961,Contoso Retial 081,D008,Product return,01/27/2026,02/11/2026,642.70,Closed,Normal
SR-000962,Fabrikam Digital 082,D060,Product return,02/22/2026,03/07/2026,1346.70,Closed,Low
SR-000963,Adventure Works Research 083,D021,Technical support,04/15/2026,05/08/2026,698.60,Closed,High
SR-000964,Northwind Logistics 084,D110,Technical support,05/14/2026,05/26/2026,752.90,Closed,High
SR-000965,Contoso Analytics 085,D055,Technical support,03/06/2026,03/11/2026,268.10,Closed,Normal
SR-000966,Fabrikam Srvcs 086,D069,Product return,01/05/2026,01/24/2026,955.80,Closed,Low
SR-000967,Adventure Works Retail 087,D098,Warranty claim,03/09/2026,03/30/2026,1214.50,Closed,Low
SR-000968,Northwind Digital 088,D049,Product return,05/08/2026,05/16/2026,1264.80,Closed,Normal
SR-000969,Contoso Research 089,D025,Product return,01/20/2026,02/13/2026,501.50,Closed,Low
SR-000970,Fabrikam Logistics 090,D020,Technical support,04/20/2026,,1315.10,Open,Low
SR-000971,Adventure Works Analytcs 091,D044,Technical support,03/23/2026,04/12/2026,1166.10,Closed,High
SR-000972,Northwind Services 092,D091,Account access,01/24/2026,01/28/2026,895.50,Closed,Low
SR-000973,Contoso Retail 093,D080,Account access,01/17/2026,01/28/2026,109.50,Closed,Normal
SR-000974,Fabrikam Digital 094,D004,Warranty claim,06/15/2026,06/30/2026,676.80,Closed,Low
SR-000975,Adventure Works Research 095,D019,Technical support,05/23/2026,06/10/2026,222.70,Closed,Normal
SR-000976,Northwind Logistics 096,D091,Account access,01/10/2026,01/17/2026,1404.20,Closed,High
SR-000977,Contoso Analytics 097,D054,Delivery enquiry,03/16/2026,03/24/2026,822.80,Closed,Low
SR-000978,Fabrikam Services 098,D084,Account access,06/21/2026,07/14/2026,723.70,Closed,Low
SR-000979,Adventure Works Retail 099,D065,Warranty claim,01/14/2026,01/19/2026,32.70,Closed,Low
SR-000980,Northwind Digital 100,D006,Account access,02/19/2026,03/12/2026,515.90,Closed,Low
SR-000981,Contoso Research 101,D030,Technical support,02/12/2026,02/23/2026,1209.20,Closed,Low
SR-000982,Fabrikam Logistics 102,D077,Warranty claim,05/22/2026,06/04/2026,1357.00,Closed,High
SR-000983,Adventure Works Analytics 103,D046,Account access,02/26/2026,03/18/2026,164.20,Closed,Low
SR-000984,Northwind Services 104,D025,Product return,06/28/2026,07/14/2026,104.50,Closed,Low
SR-000985,Contoso Retail 105,D057,Technical support,04/11/2026,04/12/2026,1225.60,Closed,Low
SR-000986,Fabrikam Digitl 106,D094,Product return,01/09/2026,01/13/2026,1447.50,Closed,High
SR-000987,Unregistered Partner 17,D111,Warranty claim,02/23/2026,,1392.70,Open,Low
SR-000988,Northwind Logistics 108,D106,Product return,01/03/2026,01/21/2026,423.20,Closed,Low
SR-000989,Contoso Analytics 109,D079,Delivery enquiry,04/04/2026,04/17/2026,830.80,Closed,High
SR-000990,Fabrikam Services 110,D086,Product return,05/07/2026,05/04/2026,536.70,Closed,Low
SR-000991,Adventure Works Retial 111,D109,Technical support,02/13/2026,02/14/2026,434.60,Closed,Low
SR-000992,Northwind Digital 112,D072,Warranty claim,03/14/2026,03/17/2026,1149.10,Closed,Normal
SR-000993,Contoso Research 113,D092,Account access,02/01/2026,02/09/2026,936.50,Closed,Low
SR-000994,Fabrikam Logistics 114,D011,Product return,01/03/2026,01/23/2026,202.00,Closed,High
SR-000995,Adventure Works Analytics 115,D089,Warranty claim,05/25/2026,05/29/2026,617.60,Closed,Low
SR-000996,Northwind Srvcs 116,D046,Warranty claim,03/08/2026,03/29/2026,305.80,Closed,Low
SR-000997,Contoso Retail 117,D097,Product return,06/25/2026,07/07/2026,157.50,Closed,Normal
SR-000998,Fabrikam Digital 118,D048,Account access,05/22/2026,06/12/2026,461.30,Closed,Low
SR-000999,Adventure Works Research 119,D043,Technical support,01/11/2026,01/19/2026,115.40,Closed,Low
SR-001000,Northwind Logistics 120,D057,Warranty claim,01/03/2026,01/04/2026,601.30,Closed,Low
SR-001001,Contoso Analytcs 121,D040,Warranty claim,02/18/2026,02/22/2026,54.10,Closed,High
SR-001002,Fabrikam Services 122,D076,Warranty claim,01/15/2026,01/31/2026,998.10,Closed,Normal
SR-001003,Adventure Works Retail 123,D091,Account access,05/01/2026,05/24/2026,442.90,Closed,Low
SR-001004,Northwind Digital 124,D092,Product return,03/02/2026,,912.70,Open,Low
SR-001005,Contoso Research 125,D001,Technical support,02/10/2026,02/27/2026,1322.60,Closed,Normal
SR-001006,Fabrikam Logistics 126,D028,Product return,01/08/2026,01/16/2026,260.00,Closed,Normal
SR-001007,Adventure Works Analytics 127,D006,Delivery enquiry,05/20/2026,05/23/2026,622.70,Closed,High
SR-001008,Northwind Services 128,D056,Product return,03/24/2026,03/30/2026,773.20,Closed,Low
SR-001009,Contoso Retail 129,D082,Delivery enquiry,03/05/2026,03/17/2026,798.40,Closed,High
SR-001010,Fabrikam Digital 130,D005,Product return,05/05/2026,05/18/2026,615.50,Closed,High
SR-001011,Adventure Works Research 131,D045,Account access,03/11/2026,03/21/2026,1134.10,Closed,Normal
SR-001012,Northwind Logistics 132,D045,Warranty claim,04/04/2026,04/06/2026,1211.20,Closed,Low
SR-001013,Contoso Analytics 133,D047,Technical support,05/14/2026,05/28/2026,258.90,Closed,High
SR-001014,Fabrikam Services 134,D088,Warranty claim,03/05/2026,03/29/2026,212.80,Closed,Normal
SR-001015,Adventure Works Retail 135,D045,Account access,06/11/2026,06/20/2026,879.30,Closed,Normal
SR-001016,Unregistered Partner 46,D070,Technical support,01/21/2026,02/09/2026,556.10,Closed,Low
SR-001017,Contoso Research 137,D063,Technical support,04/20/2026,05/14/2026,37.90,Closed,Low
SR-001018,Fabrikam Logistics 138,D065,Account access,06/17/2026,07/08/2026,919.00,Closed,Normal
SR-001019,Adventure Works Analytics 139,D104,Warranty claim,04/05/2026,04/13/2026,1459.20,Closed,Low
SR-001020,Northwind Services 140,D043,Technical support,01/18/2026,02/08/2026,942.80,Closed,Normal
SR-001021,Contoso Retial 141,D092,Account access,05/22/2026,,1192.60,Open,Low
SR-001022,Fabrikam Digital 142,D030,Warranty claim,02/16/2026,02/22/2026,1419.90,Closed,Normal
SR-001023,Adventure Works Research 143,D078,Delivery enquiry,03/11/2026,03/19/2026,386.80,Closed,Normal
SR-001024,Northwind Logistics 144,D040,Warranty claim,01/09/2026,01/29/2026,1025.20,Closed,High
SR-001025,Contoso Analytics 145,D107,Warranty claim,05/15/2026,05/23/2026,324.50,Closed,Normal
SR-001026,Fabrikam Srvcs 146,D061,Delivery enquiry,06/28/2026,07/17/2026,1174.70,Closed,Low
SR-001027,Adventure Works Retail 147,D076,Warranty claim,01/10/2026,02/01/2026,962.40,Closed,Low
SR-001028,Northwind Digital 148,D100,Account access,02/07/2026,02/09/2026,1233.70,Closed,Low
SR-001029,Contoso Research 149,D030,Product return,06/04/2026,06/22/2026,734.40,Closed,Low
SR-001030,Fabrikam Logistics 150,D078,Warranty claim,04/03/2026,04/05/2026,109.90,Closed,Low
SR-001031,Adventure Works Analytcs 151,D104,Account access,05/22/2026,05/26/2026,1145.50,Closed,High
SR-001032,Northwind Services 152,D050,Delivery enquiry,04/25/2026,04/26/2026,1251.80,Closed,High
SR-001033,Contoso Retail 153,D037,Account access,01/17/2026,01/13/2026,968.00,Closed,High
SR-001034,Fabrikam Digital 154,D022,Product return,01/12/2026,01/19/2026,841.90,Closed,Low
SR-001035,Adventure Works Research 155,D054,Account access,05/01/2026,05/22/2026,65.40,Closed,High
SR-001036,Northwind Logistics 156,D097,Product return,01/22/2026,02/14/2026,1062.90,Closed,Low
SR-001037,Contoso Analytics 157,D090,Warranty claim,06/10/2026,06/23/2026,376.20,Closed,High
SR-001038,Fabrikam Services 158,D108,Warranty claim,05/21/2026,,895.40,Open,Low
SR-001039,Adventure Works Retail 159,D107,Account access,02/20/2026,03/04/2026,150.70,Closed,High
SR-001040,Northwind Digital 160,D041,Warranty claim,02/15/2026,02/19/2026,117.50,Closed,High
SR-001041,Contoso Research 161,D111,Product return,06/27/2026,06/30/2026,824.30,Closed,Normal
SR-001042,Fabrikam Logistics 162,D006,Product return,06/15/2026,06/23/2026,1436.00,Closed,Normal
SR-001043,Adventure Works Analytics 163,D044,Account access,02/01/2026,02/06/2026,1134.60,Closed,Low
SR-001044,Northwind Services 164,D019,Product return,01/12/2026,01/15/2026,1358.70,Closed,Low
SR-001045,Unregistered Partner 75,D007,Account access,05/03/2026,05/16/2026,141.50,Closed,Low
SR-001046,Fabrikam Digitl 166,D029,Account access,03/08/2026,03/24/2026,1443.70,Closed,High
SR-001047,Adventure Works Research 167,D076,Delivery enquiry,03/11/2026,03/18/2026,1127.00,Closed,High
SR-001048,Northwind Logistics 168,D101,Technical support,04/21/2026,04/25/2026,372.90,Closed,Low
SR-001049,Contoso Analytics 169,D111,Delivery enquiry,02/10/2026,02/19/2026,1044.00,Closed,Low
SR-001050,Fabrikam Services 170,D112,Product return,06/27/2026,07/16/2026,455.10,Closed,Normal
SR-001051,Adventure Works Retial 171,D070,Technical support,04/07/2026,04/20/2026,222.10,Closed,Normal
SR-001052,Northwind Digital 172,D109,Technical support,04/26/2026,05/03/2026,938.10,Closed,Low
SR-001053,Contoso Research 173,D018,Delivery enquiry,01/15/2026,01/16/2026,506.70,Closed,Normal
SR-001054,Fabrikam Logistics 174,D032,Technical support,01/22/2026,02/13/2026,851.90,Closed,Low
SR-001055,Adventure Works Analytics 175,D086,Account access,05/17/2026,,1057.20,Open,Low
SR-001056,Northwind Srvcs 176,D097,Technical support,06/02/2026,06/21/2026,968.60,Closed,High
SR-001057,Contoso Retail 177,D095,Warranty claim,04/02/2026,04/17/2026,620.60,Closed,Normal
SR-001058,Fabrikam Digital 178,D078,Product return,03/20/2026,04/10/2026,214.50,Closed,Normal
SR-001059,Adventure Works Research 179,D009,Warranty claim,04/03/2026,04/27/2026,629.30,Closed,Low
SR-001060,Northwind Logistics 180,D082,Product return,01/27/2026,01/29/2026,1152.50,Closed,High
SR-001061,Contoso Analytcs 181,D049,Delivery enquiry,01/24/2026,02/09/2026,132.20,Closed,Low
SR-001062,Fabrikam Services 182,D029,Account access,03/11/2026,03/29/2026,1277.40,Closed,Low
SR-001063,Adventure Works Retail 183,D048,Delivery enquiry,05/08/2026,06/01/2026,468.20,Closed,Normal
SR-001064,Northwind Digital 184,D082,Delivery enquiry,06/09/2026,06/28/2026,199.60,Closed,Normal
SR-001065,Contoso Research 185,D014,Warranty claim,04/06/2026,04/16/2026,1226.90,Closed,High
SR-001066,Fabrikam Logistics 186,D009,Delivery enquiry,05/26/2026,06/13/2026,1114.00,Closed,High
SR-001067,Adventure Works Analytics 187,D073,Technical support,04/06/2026,04/23/2026,366.10,Closed,High
SR-001068,Northwind Services 188,D088,Account access,03/18/2026,04/07/2026,461.80,Closed,High
SR-001069,Contoso Retail 189,D019,Account access,01/09/2026,02/02/2026,867.40,Closed,High
SR-001070,Fabrikam Digital 190,D025,Technical support,04/26/2026,05/04/2026,502.50,Closed,Normal
SR-001071,Adventure Works Research 191,D017,Delivery enquiry,05/17/2026,06/06/2026,991.80,Closed,Low
SR-001072,Northwind Logistics 192,D112,Warranty claim,01/26/2026,,899.40,Open,Normal
SR-001073,Contoso Analytics 193,D097,Delivery enquiry,05/22/2026,06/04/2026,648.70,Closed,High
SR-001074,Unregistered Partner 14,D082,Warranty claim,06/07/2026,06/28/2026,808.40,Closed,Normal
SR-001075,Adventure Works Retail 195,D025,Delivery enquiry,02/02/2026,02/21/2026,392.80,Closed,High
SR-001076,Northwind Digitl 196,D095,Account access,04/17/2026,04/13/2026,156.60,Closed,Low
SR-001077,Contoso Research 197,D047,Warranty claim,02/01/2026,02/13/2026,708.50,Closed,Normal
SR-001078,Fabrikam Logistics 198,D060,Warranty claim,06/21/2026,06/25/2026,157.60,Closed,High
SR-001079,Adventure Works Analytics 199,D095,Product return,03/19/2026,04/03/2026,402.80,Closed,High
SR-001080,Northwind Services 200,D091,Account access,06/19/2026,07/10/2026,977.50,Closed,Normal
SR-001081,Contoso Retial 201,D036,Delivery enquiry,02/26/2026,03/19/2026,1176.40,Closed,Normal
SR-001082,Fabrikam Digital 202,D107,Technical support,02/28/2026,03/04/2026,602.30,Closed,Normal
SR-001083,Adventure Works Research 203,D034,Warranty claim,05/20/2026,06/11/2026,236.90,Closed,Normal
SR-001084,Northwind Logistics 204,D037,Delivery enquiry,01/26/2026,02/03/2026,825.70,Closed,Normal
SR-001085,Contoso Analytics 205,D077,Technical support,02/14/2026,03/06/2026,1230.00,Closed,High
SR-001086,Fabrikam Srvcs 206,D002,Account access,02/26/2026,03/15/2026,1434.20,Closed,Normal
SR-001087,Adventure Works Retail 207,D079,Account access,04/28/2026,05/04/2026,830.00,Closed,Normal
SR-001088,Northwind Digital 208,D038,Product return,01/25/2026,01/27/2026,1178.20,Closed,High
SR-001089,Contoso Research 209,D101,Product return,03/28/2026,,106.60,Open,Low
SR-001090,Fabrikam Logistics 210,D036,Delivery enquiry,05/03/2026,05/25/2026,1115.90,Closed,High
SR-001091,Adventure Works Analytcs 211,D080,Account access,06/28/2026,07/02/2026,559.30,Closed,High
SR-001092,Northwind Services 212,D099,Product return,05/08/2026,05/09/2026,519.30,Closed,Low
SR-001093,Contoso Retail 213,D067,Product return,03/05/2026,03/09/2026,252.90,Closed,Low
SR-001094,Fabrikam Digital 214,D058,Product return,05/28/2026,06/01/2026,884.60,Closed,Low
SR-001095,Adventure Works Research 215,D075,Warranty claim,02/26/2026,03/16/2026,605.90,Closed,High
SR-001096,Northwind Logistics 216,D073,Product return,05/14/2026,06/07/2026,903.40,Closed,Low
SR-001097,Contoso Analytics 217,D068,Account access,03/02/2026,03/07/2026,633.60,Closed,High
SR-001098,Fabrikam Services 218,D016,Delivery enquiry,04/18/2026,05/10/2026,750.70,Closed,Normal
SR-001099,Adventure Works Retail 219,D083,Product return,06/07/2026,07/01/2026,1434.60,Closed,Low
SR-001100,Northwind Digital 220,D078,Technical support,02/08/2026,02/10/2026,1320.50,Closed,Low
SR-001101,Oxford University,D108,Product return,02/18/2026,03/11/2026,878.00,Closed,High
SR-001102,University of Cambridge,D094,Warranty claim,06/22/2026,07/11/2026,1263.50,Closed,Low
SR-001103,Unregistered Partner 03,D015,Technical support,01/15/2026,01/21/2026,1140.40,Closed,High
SR-001104,Oxford University Press,D027,Warranty claim,02/14/2026,02/23/2026,1011.30,Closed,Normal
SR-001105,Contoso Oxford Trading,D022,Delivery enquiry,06/27/2026,07/08/2026,1062.80,Closed,High
SR-001106,Contoso Oxford Traders,D103,Account access,02/11/2026,,375.10,Open,Low
SR-001107,Fabrikam Retail Group,D111,Product return,05/16/2026,06/06/2026,94.70,Closed,Low
SR-001108,Adventure Works UK,D009,Technical support,01/26/2026,02/17/2026,1174.40,Closed,Low
SR-001109,Contoso Retail 009,D078,Product return,04/28/2026,05/05/2026,1381.90,Closed,Normal
SR-001110,Fabrikam Digital 010,D041,Delivery enquiry,01/20/2026,01/27/2026,241.90,Closed,Normal
SR-001111,Adventure Works Research 011,D075,Product return,05/07/2026,05/30/2026,1113.10,Closed,High
SR-001112,Northwind Logistics 012,D009,Account access,03/25/2026,04/10/2026,1064.20,Closed,High
SR-001113,Contoso Analytics 013,D041,Account access,04/01/2026,04/25/2026,989.60,Closed,Normal
SR-001114,Fabrikam Services 014,D095,Warranty claim,03/23/2026,04/07/2026,1333.70,Closed,Low
SR-001115,Adventure Works Retail 015,D048,Product return,05/18/2026,06/06/2026,174.10,Closed,High
SR-001116,Northwind Digitl 016,D032,Technical support,03/22/2026,04/01/2026,1073.40,Closed,High
SR-001117,Contoso Research 017,D107,Account access,02/28/2026,03/18/2026,974.50,Closed,Normal
SR-001118,Fabrikam Logistics 018,D014,Delivery enquiry,03/19/2026,04/03/2026,1460.30,Closed,Low
SR-001119,Adventure Works Analytics 019,D106,Technical support,01/07/2026,01/03/2026,871.10,Closed,Normal
SR-001120,Northwind Services 020,D014,Technical support,02/06/2026,02/11/2026,1469.60,Closed,Normal
SR-001121,Contoso Retial 021,D081,Account access,03/17/2026,03/28/2026,1133.40,Closed,High
SR-001122,Fabrikam Digital 022,D057,Technical support,02/27/2026,03/15/2026,576.10,Closed,Low
SR-001123,Adventure Works Research 023,D101,Account access,01/11/2026,,1493.00,Open,High
SR-001124,Northwind Logistics 024,D056,Account access,01/11/2026,01/27/2026,737.80,Closed,Low
SR-001125,Contoso Analytics 025,D074,Technical support,02/14/2026,02/19/2026,756.70,Closed,High
SR-001126,Fabrikam Srvcs 026,D026,Delivery enquiry,01/12/2026,01/13/2026,683.10,Closed,Low
SR-001127,Adventure Works Retail 027,D097,Account access,06/09/2026,06/16/2026,553.60,Closed,High
SR-001128,Northwind Digital 028,D033,Delivery enquiry,02/16/2026,02/21/2026,1049.10,Closed,Low
SR-001129,Contoso Research 029,D079,Delivery enquiry,05/26/2026,06/10/2026,1363.60,Closed,High
SR-001130,Fabrikam Logistics 030,D003,Account access,03/17/2026,03/19/2026,164.00,Closed,Low
SR-001131,Adventure Works Analytcs 031,D075,Account access,02/11/2026,03/07/2026,1006.40,Closed,Low
SR-001132,Unregistered Partner 32,D040,Delivery enquiry,04/03/2026,04/26/2026,791.40,Closed,Low
SR-001133,Contoso Retail 033,D040,Delivery enquiry,04/24/2026,05/15/2026,47.40,Closed,High
SR-001134,Fabrikam Digital 034,D056,Product return,04/08/2026,04/27/2026,912.30,Closed,Normal
SR-001135,Adventure Works Research 035,D032,Product return,04/27/2026,05/11/2026,97.60,Closed,High
SR-001136,Northwind Logistics 036,D105,Product return,01/26/2026,02/02/2026,927.20,Closed,High
SR-001137,Contoso Analytics 037,D096,Warranty claim,01/16/2026,01/20/2026,288.30,Closed,Low
SR-001138,Fabrikam Services 038,D034,Product return,03/20/2026,04/11/2026,778.00,Closed,High
SR-001139,Adventure Works Retail 039,D095,Technical support,03/18/2026,04/08/2026,832.00,Closed,High
SR-001140,Northwind Digital 040,D104,Product return,02/04/2026,,879.20,Open,Normal
SR-001141,Contoso Research 041,D013,Technical support,03/26/2026,04/02/2026,737.80,Closed,Low
SR-001142,Fabrikam Logistics 042,D083,Technical support,02/12/2026,02/21/2026,577.10,Closed,High
SR-001143,Adventure Works Analytics 043,D046,Warranty claim,03/27/2026,04/05/2026,407.20,Closed,Normal
SR-001144,Northwind Services 044,D065,Technical support,04/18/2026,04/27/2026,1448.60,Closed,Normal
SR-001145,Contoso Retail 045,D083,Warranty claim,02/09/2026,02/26/2026,678.10,Closed,Low
SR-001146,Fabrikam Digitl 046,D101,Technical support,03/09/2026,03/31/2026,302.80,Closed,Normal
SR-001147,Adventure Works Research 047,D029,Technical support,01/13/2026,01/20/2026,754.60,Closed,High
SR-001148,Northwind Logistics 048,D055,Technical support,03/26/2026,04/04/2026,192.80,Closed,Low
SR-001149,Contoso Analytics 049,D072,Delivery enquiry,02/15/2026,02/18/2026,645.30,Closed,High
SR-001150,Fabrikam Services 050,D001,Delivery enquiry,03/05/2026,03/25/2026,162.30,Closed,Low
SR-001151,Adventure Works Retial 051,D043,Warranty claim,05/12/2026,06/04/2026,145.80,Closed,Normal
SR-001152,Northwind Digital 052,D042,Product return,02/18/2026,03/04/2026,558.70,Closed,High
SR-001153,Contoso Research 053,D092,Product return,04/21/2026,04/28/2026,610.50,Closed,Normal
SR-001154,Fabrikam Logistics 054,D073,Product return,01/14/2026,01/27/2026,369.00,Closed,Low
SR-001155,Adventure Works Analytics 055,D003,Product return,02/30/2026,01/22/2026,1153.60,Closed,Normal
SR-001156,Northwind Srvcs 056,D070,Product return,02/09/2026,02/23/2026,1430.40,Closed,Normal
SR-001157,Contoso Retail 057,D012,Warranty claim,01/06/2026,,554.20,Open,Normal
SR-001158,Fabrikam Digital 058,D059,Delivery enquiry,04/23/2026,05/03/2026,405.50,Closed,Normal
SR-001159,Adventure Works Research 059,D024,Technical support,02/25/2026,02/27/2026,563.70,Closed,Low
SR-001160,Northwind Logistics 060,D111,Product return,06/23/2026,07/03/2026,109.10,Closed,High
SR-001161,Unregistered Partner 61,D056,Account access,02/10/2026,02/20/2026,482.40,Closed,High
SR-001162,Fabrikam Services 062,D079,Delivery enquiry,06/08/2026,06/04/2026,305.60,Closed,High
SR-001163,Adventure Works Retail 063,D067,Technical support,03/26/2026,04/19/2026,579.00,Closed,Low
SR-001164,Northwind Digital 064,D089,Product return,02/25/2026,03/19/2026,1091.30,Closed,High
SR-001165,Contoso Research 065,D016,Technical support,03/22/2026,04/01/2026,646.60,Closed,High
SR-001166,Fabrikam Logistics 066,D011,Account access,06/05/2026,06/23/2026,241.60,Closed,High
SR-001167,Adventure Works Analytics 067,D061,Account access,01/28/2026,02/06/2026,1446.10,Closed,High
SR-001168,Northwind Services 068,D053,Warranty claim,04/19/2026,04/26/2026,518.70,Closed,Low
SR-001169,Contoso Retail 069,D035,Delivery enquiry,01/05/2026,01/15/2026,710.30,Closed,Low
SR-001170,Fabrikam Digital 070,D092,Product return,02/10/2026,02/19/2026,1081.70,Closed,Low
SR-001171,Adventure Works Research 071,D025,Delivery enquiry,05/11/2026,05/28/2026,570.00,Closed,High
SR-001172,Northwind Logistics 072,D065,Technical support,04/05/2026,04/16/2026,166.00,Closed,High
SR-001173,Contoso Analytics 073,D062,Product return,03/11/2026,03/19/2026,1320.80,Closed,Normal
SR-001174,Fabrikam Services 074,D061,Warranty claim,04/20/2026,,1285.10,Open,Normal
SR-001175,Adventure Works Retail 075,D016,Warranty claim,01/03/2026,01/12/2026,1304.10,Closed,Normal
SR-001176,Northwind Digitl 076,D058,Technical support,03/23/2026,03/31/2026,1069.00,Closed,Normal
SR-001177,Contoso Research 077,D089,Technical support,03/03/2026,03/15/2026,1189.10,Closed,High
SR-001178,Fabrikam Logistics 078,D060,Technical support,05/28/2026,06/20/2026,343.40,Closed,High
SR-001179,Adventure Works Analytics 079,D085,Technical support,02/12/2026,03/06/2026,833.90,Closed,Normal
SR-001180,Northwind Services 080,D073,Technical support,06/14/2026,07/02/2026,780.70,Closed,Normal
SR-001181,Contoso Retial 081,D070,Technical support,01/17/2026,01/20/2026,708.10,Closed,High
SR-001182,Fabrikam Digital 082,D083,Account access,06/17/2026,06/25/2026,529.30,Closed,Low
SR-001183,Adventure Works Research 083,D042,Delivery enquiry,02/01/2026,02/20/2026,83.50,Closed,Low
SR-001184,Northwind Logistics 084,D080,Account access,05/25/2026,06/18/2026,1169.60,Closed,Normal
SR-001185,Contoso Analytics 085,D005,Warranty claim,02/24/2026,03/03/2026,1020.50,Closed,Low
SR-001186,Fabrikam Srvcs 086,D095,Delivery enquiry,05/22/2026,06/04/2026,175.70,Closed,Normal
SR-001187,Adventure Works Retail 087,D102,Product return,03/25/2026,04/14/2026,1368.50,Closed,Low
SR-001188,Northwind Digital 088,D081,Technical support,02/28/2026,03/04/2026,835.90,Closed,High
SR-001189,Contoso Research 089,D028,Account access,04/09/2026,04/12/2026,88.30,Closed,High
SR-001190,Unregistered Partner 90,D061,Account access,05/24/2026,05/28/2026,1028.60,Closed,Normal
SR-001191,Adventure Works Analytcs 091,D037,Account access,01/06/2026,,1031.40,Open,Low
SR-001192,Northwind Services 092,D029,Account access,06/09/2026,06/24/2026,1097.20,Closed,High
SR-001193,Contoso Retail 093,D099,Product return,05/13/2026,05/15/2026,1244.30,Closed,Low
SR-001194,Fabrikam Digital 094,D042,Warranty claim,06/04/2026,06/07/2026,20.00,Closed,High
SR-001195,Adventure Works Research 095,D034,Warranty claim,02/08/2026,02/16/2026,874.30,Closed,Low
SR-001196,Northwind Logistics 096,D082,Warranty claim,01/07/2026,01/09/2026,158.30,Closed,Normal
SR-001197,Contoso Analytics 097,D023,Account access,05/02/2026,05/20/2026,823.00,Closed,High
SR-001198,Fabrikam Services 098,D074,Product return,03/06/2026,03/29/2026,172.70,Closed,Normal
SR-001199,Adventure Works Retail 099,D041,Account access,05/02/2026,05/17/2026,806.60,Closed,Normal
SR-001200,Northwind Digital 100,D052,Warranty claim,01/25/2026,02/14/2026,54.50,Closed,High
SR-001201,Contoso Research 101,D057,Warranty claim,06/24/2026,06/26/2026,1220.50,Closed,Low
SR-001202,Fabrikam Logistics 102,D110,Delivery enquiry,04/25/2026,05/01/2026,153.20,Closed,High
SR-001203,Adventure Works Analytics 103,D037,Delivery enquiry,06/15/2026,06/21/2026,493.00,Closed,Low
SR-001204,Northwind Services 104,D011,Account access,05/15/2026,06/05/2026,1206.90,Closed,High
SR-001205,Contoso Retail 105,D032,Warranty claim,02/17/2026,02/13/2026,1166.70,Closed,High
SR-001206,Fabrikam Digitl 106,D074,Account access,03/12/2026,03/26/2026,1252.00,Closed,Normal
SR-001207,Adventure Works Research 107,D053,Product return,03/12/2026,03/20/2026,192.30,Closed,Normal
SR-001208,Northwind Logistics 108,D048,Technical support,06/15/2026,,942.20,Open,High
SR-001209,Contoso Analytics 109,D101,Delivery enquiry,06/23/2026,06/26/2026,339.00,Closed,High
SR-001210,Fabrikam Services 110,D039,Warranty claim,05/05/2026,05/13/2026,999.10,Closed,Low
SR-001211,Adventure Works Retial 111,D059,Account access,03/19/2026,04/10/2026,114.40,Closed,Normal
SR-001212,Northwind Digital 112,D075,Warranty claim,05/01/2026,05/07/2026,834.00,Closed,Low
SR-001213,Contoso Research 113,D041,Technical support,02/01/2026,02/02/2026,255.60,Closed,High
SR-001214,Fabrikam Logistics 114,D053,Technical support,03/23/2026,03/31/2026,241.50,Closed,High
SR-001215,Adventure Works Analytics 115,D106,Product return,01/01/2026,01/13/2026,427.50,Closed,Normal
SR-001216,Northwind Srvcs 116,D023,Product return,03/09/2026,03/11/2026,1091.60,Closed,High
SR-001217,Contoso Retail 117,D049,Delivery enquiry,03/13/2026,03/26/2026,1121.70,Closed,High
SR-001218,Fabrikam Digital 118,D063,Delivery enquiry,01/23/2026,01/25/2026,704.70,Closed,Low
SR-001219,Unregistered Partner 29,D080,Account access,02/23/2026,03/12/2026,286.20,Closed,Low
SR-001220,Northwind Logistics 120,D026,Product return,05/15/2026,06/06/2026,473.00,Closed,Low
SR-001221,Contoso Analytcs 121,D010,Warranty claim,02/01/2026,02/02/2026,1456.20,Closed,Normal
SR-001222,Fabrikam Services 122,D080,Delivery enquiry,03/19/2026,04/08/2026,628.10,Closed,High
SR-001223,Adventure Works Retail 123,D079,Technical support,04/16/2026,04/22/2026,793.00,Closed,High
SR-001224,Northwind Digital 124,D102,Account access,03/17/2026,03/23/2026,313.00,Closed,Low
SR-001225,Contoso Research 125,D042,Delivery enquiry,06/15/2026,,512.50,Open,Low
SR-001226,Fabrikam Logistics 126,D093,Delivery enquiry,03/25/2026,04/09/2026,1037.10,Closed,Low
SR-001227,Adventure Works Analytics 127,D056,Product return,01/18/2026,01/25/2026,1167.90,Closed,Normal
SR-001228,Northwind Services 128,D016,Technical support,05/21/2026,05/27/2026,673.40,Closed,Normal
SR-001229,Contoso Retail 129,D007,Product return,03/04/2026,03/20/2026,1318.70,Closed,High
SR-001230,Fabrikam Digital 130,D068,Account access,01/22/2026,02/07/2026,1280.30,Closed,Normal
SR-001231,Adventure Works Research 131,D077,Warranty claim,05/20/2026,06/04/2026,710.90,Closed,Normal
SR-001232,Northwind Logistics 132,D085,Technical support,01/24/2026,02/12/2026,331.60,Closed,Low
SR-001233,Contoso Analytics 133,D011,Account access,03/03/2026,03/09/2026,207.50,Closed,Low
SR-001234,Fabrikam Services 134,D080,Account access,03/10/2026,03/22/2026,998.10,Closed,High
SR-001235,Adventure Works Retail 135,D027,Product return,05/14/2026,05/27/2026,335.90,Closed,High
SR-001236,Northwind Digitl 136,D078,Account access,02/10/2026,02/26/2026,1434.70,Closed,Low
SR-001237,Contoso Research 137,D018,Delivery enquiry,02/20/2026,03/12/2026,280.00,Closed,Low
SR-001238,Fabrikam Logistics 138,D089,Product return,02/25/2026,03/03/2026,221.40,Closed,Normal
SR-001239,Adventure Works Analytics 139,D101,Account access,04/25/2026,04/26/2026,1461.90,Closed,Low
SR-001240,Northwind Services 140,D082,Technical support,01/09/2026,01/12/2026,78.60,Closed,Low
SR-001241,Contoso Retial 141,D089,Account access,06/18/2026,07/10/2026,133.10,Closed,High
SR-001242,Fabrikam Digital 142,D043,Warranty claim,02/18/2026,,756.90,Open,Low
SR-001243,Adventure Works Research 143,D079,Technical support,05/09/2026,05/20/2026,889.00,Closed,Normal
SR-001244,Northwind Logistics 144,D021,Technical support,04/19/2026,05/01/2026,132.40,Closed,Low
SR-001245,Contoso Analytics 145,D027,Technical support,01/08/2026,01/30/2026,1085.10,Closed,Low
SR-001246,Fabrikam Srvcs 146,D088,Delivery enquiry,02/22/2026,03/06/2026,1277.60,Closed,Low
SR-001247,Adventure Works Retail 147,D088,Delivery enquiry,04/23/2026,04/29/2026,1078.00,Closed,High
SR-001248,Unregistered Partner 58,D016,Account access,02/02/2026,01/31/2026,448.50,Closed,High
SR-001249,Contoso Research 149,D037,Warranty claim,03/26/2026,04/11/2026,260.60,Closed,Low
SR-001250,Fabrikam Logistics 150,D104,Delivery enquiry,05/27/2026,06/11/2026,841.20,Closed,Normal
SR-001251,Adventure Works Analytcs 151,D034,Technical support,06/16/2026,07/02/2026,1489.60,Closed,High
SR-001252,Northwind Services 152,D101,Account access,04/22/2026,04/27/2026,505.00,Closed,Low
SR-001253,Contoso Retail 153,D062,Technical support,03/04/2026,03/16/2026,1146.90,Closed,Low
SR-001254,Fabrikam Digital 154,D020,Account access,03/16/2026,03/23/2026,798.70,Closed,Low
SR-001255,Adventure Works Research 155,D109,Product return,05/02/2026,05/11/2026,734.80,Closed,Low
SR-001256,Northwind Logistics 156,D082,Product return,04/11/2026,04/21/2026,1474.50,Closed,Low
SR-001257,Contoso Analytics 157,D010,Warranty claim,05/21/2026,06/05/2026,836.90,Closed,Normal
SR-001258,Fabrikam Services 158,D007,Account access,01/12/2026,01/17/2026,736.80,Closed,Normal
SR-001259,Adventure Works Retail 159,D021,Technical support,05/04/2026,,341.90,Open,High
SR-001260,Northwind Digital 160,D002,Account access,02/05/2026,02/11/2026,1295.00,Closed,Normal
SR-001261,Contoso Research 161,D025,Delivery enquiry,02/25/2026,03/09/2026,1103.00,Closed,High
SR-001262,Fabrikam Logistics 162,D109,Technical support,06/11/2026,07/04/2026,221.50,Closed,Normal
SR-001263,Adventure Works Analytics 163,D062,Technical support,04/01/2026,04/22/2026,340.00,Closed,High
SR-001264,Northwind Services 164,D037,Delivery enquiry,02/14/2026,02/20/2026,817.20,Closed,Low
SR-001265,Contoso Retail 165,D079,Warranty claim,06/25/2026,07/16/2026,366.20,Closed,High
SR-001266,Fabrikam Digitl 166,D072,Account access,06/01/2026,06/18/2026,495.40,Closed,Normal
SR-001267,Adventure Works Research 167,D104,Warranty claim,06/28/2026,07/22/2026,1269.20,Closed,High
SR-001268,Northwind Logistics 168,D108,Warranty claim,03/17/2026,04/04/2026,491.80,Closed,Low
SR-001269,Contoso Analytics 169,D082,Technical support,06/04/2026,06/13/2026,1299.50,Closed,Low
SR-001270,Fabrikam Services 170,D081,Warranty claim,03/06/2026,03/29/2026,1120.60,Closed,Low
SR-001271,Adventure Works Retial 171,D111,Technical support,01/10/2026,01/31/2026,978.00,Closed,High
SR-001272,Northwind Digital 172,D027,Product return,05/18/2026,06/11/2026,1058.60,Closed,Normal
SR-001273,Contoso Research 173,D001,Product return,05/16/2026,05/24/2026,1259.90,Closed,Low
SR-001274,Fabrikam Logistics 174,D069,Product return,03/23/2026,04/16/2026,771.80,Closed,Normal
SR-001275,Adventure Works Analytics 175,D017,Warranty claim,04/14/2026,04/28/2026,1212.70,Closed,Low
SR-001276,Northwind Srvcs 176,D013,Product return,04/11/2026,,20.30,Open,Low
SR-001277,Unregistered Partner 87,D056,Account access,05/03/2026,05/19/2026,416.50,Closed,Normal
SR-001278,Fabrikam Digital 178,D108,Account access,04/28/2026,05/22/2026,832.40,Closed,High
SR-001279,Adventure Works Research 179,D035,Delivery enquiry,05/21/2026,06/08/2026,1094.80,Closed,Low
SR-001280,Northwind Logistics 180,D027,Delivery enquiry,06/15/2026,06/27/2026,1251.30,Closed,High
SR-001281,Contoso Analytcs 181,D107,Technical support,01/05/2026,01/29/2026,974.40,Closed,Normal
SR-001282,Fabrikam Services 182,D067,Technical support,02/22/2026,03/10/2026,1373.00,Closed,Normal
SR-001283,Adventure Works Retail 183,D072,Warranty claim,01/19/2026,01/20/2026,508.90,Closed,High
SR-001284,Northwind Digital 184,D055,Product return,04/21/2026,04/26/2026,960.40,Closed,Low
SR-001285,Contoso Research 185,D037,Delivery enquiry,06/01/2026,06/23/2026,763.10,Closed,High
SR-001286,Fabrikam Logistics 186,D077,Warranty claim,03/15/2026,03/17/2026,1059.60,Closed,Normal
SR-001287,Adventure Works Analytics 187,D017,Warranty claim,06/25/2026,06/28/2026,655.50,Closed,Low
SR-001288,Northwind Services 188,D086,Technical support,03/03/2026,03/08/2026,557.10,Closed,Low
SR-001289,Contoso Retail 189,D042,Account access,04/16/2026,04/30/2026,505.80,Closed,High
SR-001290,Fabrikam Digital 190,D069,Delivery enquiry,02/21/2026,03/01/2026,1454.90,Closed,Normal
SR-001291,Adventure Works Research 191,D012,Warranty claim,03/20/2026,03/16/2026,1249.90,Closed,Low
SR-001292,Northwind Logistics 192,D069,Product return,03/24/2026,03/29/2026,512.40,Closed,High
SR-001293,Contoso Analytics 193,D007,Technical support,06/17/2026,,1352.50,Open,High
SR-001294,Fabrikam Services 194,D032,Technical support,06/05/2026,06/14/2026,1237.00,Closed,Normal
SR-001295,Adventure Works Retail 195,D063,Account access,02/14/2026,02/21/2026,604.30,Closed,Low
SR-001296,Northwind Digitl 196,D034,Account access,04/21/2026,05/04/2026,1175.30,Closed,Low
SR-001297,Contoso Research 197,D026,Technical support,04/26/2026,05/17/2026,1013.40,Closed,Low
SR-001298,Fabrikam Logistics 198,D021,Product return,02/27/2026,03/05/2026,555.60,Closed,Low
SR-001299,Adventure Works Analytics 199,D005,Warranty claim,03/27/2026,04/12/2026,573.50,Closed,High
SR-001300,Northwind Services 200,D010,Delivery enquiry,03/04/2026,03/12/2026,507.10,Closed,Low
SR-001301,Contoso Retial 201,D053,Account access,01/23/2026,01/31/2026,1369.90,Closed,High
SR-001302,Fabrikam Digital 202,D012,Delivery enquiry,06/08/2026,06/18/2026,753.30,Closed,Low
SR-001303,Adventure Works Research 203,D032,Technical support,01/08/2026,01/14/2026,986.70,Closed,Low
SR-001304,Northwind Logistics 204,D003,Product return,06/07/2026,06/14/2026,612.30,Closed,High
SR-001305,Contoso Analytics 205,D021,Warranty claim,05/23/2026,05/28/2026,1483.10,Closed,Normal
SR-001306,Unregistered Partner 26,D098,Warranty claim,06/17/2026,07/10/2026,440.50,Closed,High
SR-001307,Adventure Works Retail 207,D097,Product return,03/16/2026,03/21/2026,1006.00,Closed,Low
SR-001308,Northwind Digital 208,D089,Delivery enquiry,05/26/2026,06/15/2026,257.50,Closed,Low
SR-001309,Contoso Research 209,D051,Technical support,02/20/2026,03/06/2026,1413.90,Closed,High
SR-001310,Fabrikam Logistics 210,D083,Product return,04/26/2026,,647.60,Open,Normal
SR-001311,Adventure Works Analytcs 211,D093,Delivery enquiry,06/08/2026,06/22/2026,1083.50,Closed,Normal
SR-001312,Northwind Services 212,D082,Warranty claim,04/10/2026,04/24/2026,700.50,Closed,Normal
SR-001313,Contoso Retail 213,D084,Warranty claim,01/11/2026,01/29/2026,556.60,Closed,Low
SR-001314,Fabrikam Digital 214,D100,Account access,03/16/2026,04/02/2026,1122.90,Closed,Low
SR-001315,Adventure Works Research 215,D038,Product return,06/06/2026,06/24/2026,624.40,Closed,Normal
SR-001316,Northwind Logistics 216,D111,Product return,04/13/2026,04/25/2026,94.10,Closed,High
SR-001317,Contoso Analytics 217,D051,Account access,02/09/2026,02/25/2026,1120.70,Closed,High
SR-001318,Fabrikam Services 218,D088,Technical support,01/12/2026,01/26/2026,387.50,Closed,High
SR-001319,Adventure Works Retail 219,D064,Account access,01/28/2026,02/08/2026,1439.80,Closed,Normal
SR-001320,Northwind Digital 220,D025,Delivery enquiry,05/24/2026,06/07/2026,106.80,Closed,Low
SR-001321,Oxford University,D053,Technical support,03/04/2026,03/20/2026,68.30,Closed,High
SR-001322,University of Cambridge,D002,Delivery enquiry,01/13/2026,01/26/2026,688.60,Closed,Low
SR-001323,Imperial College London,D074,Account access,03/16/2026,13/12/2026,976.50,Closed,Low
SR-001324,Oxford University Press,D036,Account access,03/12/2026,04/04/2026,272.70,Closed,Normal
SR-001325,Contoso Oxford Trading,D077,Technical support,02/26/2026,02/28/2026,1332.80,Closed,High
SR-001326,Contoso Oxford Traders,D082,Technical support,05/25/2026,06/11/2026,423.60,Closed,High
SR-001327,Fabrikam Retail Group,D036,Product return,01/09/2026,,1014.30,Open,Low
SR-001328,Adventure Works UK,D110,Account access,03/01/2026,03/09/2026,1193.90,Closed,High
SR-001329,Contoso Retail 009,D022,Product return,06/19/2026,06/22/2026,1275.00,Closed,Low
SR-001330,Fabrikam Digital 010,D056,Technical support,02/01/2026,02/07/2026,886.90,Closed,High
SR-001331,Adventure Works Research 011,D050,Product return,04/13/2026,04/30/2026,582.10,Closed,High
SR-001332,Northwind Logistics 012,D078,Technical support,05/17/2026,05/19/2026,312.70,Closed,Low
SR-001333,Contoso Analytics 013,D075,Delivery enquiry,03/08/2026,03/24/2026,1303.50,Closed,Low
SR-001334,Fabrikam Services 014,D074,Delivery enquiry,03/02/2026,02/26/2026,1158.00,Closed,Normal
SR-001335,Unregistered Partner 15,D028,Delivery enquiry,06/28/2026,07/13/2026,434.20,Closed,Normal
SR-001336,Northwind Digitl 016,D004,Account access,06/16/2026,06/19/2026,1488.80,Closed,High
SR-001337,Contoso Research 017,D112,Technical support,03/01/2026,03/13/2026,1141.10,Closed,Normal
SR-001338,Fabrikam Logistics 018,D057,Account access,02/05/2026,02/10/2026,1116.10,Closed,High
SR-001339,Adventure Works Analytics 019,D038,Delivery enquiry,04/28/2026,05/05/2026,748.60,Closed,High
SR-001340,Northwind Services 020,D026,Technical support,02/08/2026,02/28/2026,294.50,Closed,Normal
SR-001341,Contoso Retial 021,D066,Delivery enquiry,01/07/2026,01/31/2026,956.10,Closed,Low
SR-001342,Fabrikam Digital 022,D019,Delivery enquiry,06/28/2026,07/04/2026,406.50,Closed,High
SR-001343,Adventure Works Research 023,D082,Warranty claim,05/19/2026,05/25/2026,1477.90,Closed,High
SR-001344,Northwind Logistics 024,D025,Account access,03/14/2026,,946.00,Open,Low
SR-001345,Contoso Analytics 025,D087,Delivery enquiry,06/22/2026,07/13/2026,1107.10,Closed,Normal
SR-001346,Fabrikam Srvcs 026,D020,Account access,06/12/2026,06/16/2026,867.50,Closed,Low
SR-001347,Adventure Works Retail 027,D110,Account access,04/23/2026,05/15/2026,21.70,Closed,Normal
SR-001348,Northwind Digital 028,D110,Account access,01/12/2026,01/14/2026,853.30,Closed,High
SR-001349,Contoso Research 029,D087,Warranty claim,06/18/2026,07/05/2026,1114.10,Closed,High
SR-001350,Fabrikam Logistics 030,D110,Technical support,02/23/2026,03/15/2026,1026.40,Closed,Low
SR-001351,Adventure Works Analytcs 031,D025,Delivery enquiry,03/17/2026,03/26/2026,1309.50,Closed,Normal
SR-001352,Northwind Services 032,D024,Product return,02/18/2026,03/07/2026,656.10,Closed,Normal
SR-001353,Contoso Retail 033,D112,Delivery enquiry,04/28/2026,05/19/2026,204.60,Closed,Normal
SR-001354,Fabrikam Digital 034,D008,Warranty claim,04/07/2026,04/12/2026,6.10,Closed,Low
SR-001355,Adventure Works Research 035,D055,Warranty claim,01/06/2026,01/22/2026,607.60,Closed,High
SR-001356,Northwind Logistics 036,D046,Technical support,01/27/2026,01/31/2026,966.50,Closed,High
SR-001357,Contoso Analytics 037,D010,Delivery enquiry,03/20/2026,04/05/2026,18.70,Closed,High
SR-001358,Fabrikam Services 038,D066,Account access,06/21/2026,06/26/2026,848.10,Closed,Normal
SR-001359,Adventure Works Retail 039,D037,Product return,03/14/2026,03/19/2026,639.90,Closed,Low
SR-001360,Northwind Digital 040,D030,Warranty claim,04/22/2026,05/12/2026,1316.00,Closed,High
SR-001361,Contoso Research 041,D040,Account access,06/10/2026,,484.20,Open,Low
SR-001362,Fabrikam Logistics 042,D096,Technical support,06/22/2026,07/11/2026,171.30,Closed,Normal
SR-001363,Adventure Works Analytics 043,D049,Account access,06/11/2026,07/05/2026,142.00,Closed,Low
SR-001364,Unregistered Partner 44,D041,Warranty claim,03/12/2026,03/27/2026,1183.90,Closed,Normal
SR-001365,Contoso Retail 045,D028,Product return,04/13/2026,04/15/2026,1359.70,Closed,Normal
SR-001366,Fabrikam Digitl 046,D075,Warranty claim,02/03/2026,02/09/2026,650.10,Closed,Normal
SR-001367,Adventure Works Research 047,D018,Product return,04/24/2026,04/29/2026,1172.40,Closed,Low
SR-001368,Northwind Logistics 048,D066,Product return,01/04/2026,01/15/2026,440.70,Closed,High
SR-001369,Contoso Analytics 049,D077,Warranty claim,04/17/2026,04/27/2026,1172.00,Closed,Low
SR-001370,Fabrikam Services 050,D082,Delivery enquiry,01/06/2026,01/16/2026,106.10,Closed,Normal
SR-001371,Adventure Works Retial 051,D101,Delivery enquiry,03/10/2026,03/28/2026,1086.40,Closed,High
SR-001372,Northwind Digital 052,D038,Account access,04/06/2026,04/15/2026,890.50,Closed,Normal
SR-001373,Contoso Research 053,D004,Delivery enquiry,06/01/2026,06/16/2026,146.30,Closed,Normal
SR-001374,Fabrikam Logistics 054,D004,Technical support,02/11/2026,03/04/2026,1328.90,Closed,High
SR-001375,Adventure Works Analytics 055,D076,Technical support,05/26/2026,05/29/2026,114.10,Closed,Low
SR-001376,Northwind Srvcs 056,D043,Warranty claim,03/20/2026,04/06/2026,82.50,Closed,Normal
SR-001377,Contoso Retail 057,D077,Technical support,01/09/2026,01/07/2026,108.10,Closed,Normal
SR-001378,Fabrikam Digital 058,D003,Account access,03/17/2026,,302.00,Open,Low
SR-001379,Adventure Works Research 059,D075,Warranty claim,02/06/2026,02/11/2026,78.50,Closed,Low
SR-001380,Northwind Logistics 060,D012,Delivery enquiry,02/28/2026,03/18/2026,647.00,Closed,Low
SR-001381,Contoso Analytcs 061,D090,Warranty claim,02/27/2026,03/15/2026,657.00,Closed,High
SR-001382,Fabrikam Services 062,D073,Product return,02/17/2026,02/20/2026,341.40,Closed,High
SR-001383,Adventure Works Retail 063,D037,Warranty claim,02/23/2026,02/25/2026,595.20,Closed,High
SR-001384,Northwind Digital 064,D103,Product return,02/16/2026,03/12/2026,1077.90,Closed,High
SR-001385,Contoso Research 065,D001,Product return,01/19/2026,02/06/2026,383.90,Closed,Low
SR-001386,Fabrikam Logistics 066,D014,Product return,04/16/2026,04/25/2026,287.90,Closed,Normal
SR-001387,Adventure Works Analytics 067,D032,Product return,03/10/2026,03/11/2026,30.20,Closed,High
SR-001388,Northwind Services 068,D018,Technical support,04/06/2026,04/20/2026,1423.10,Closed,Low
SR-001389,Contoso Retail 069,D007,Technical support,02/04/2026,02/17/2026,1254.10,Closed,Low
SR-001390,Fabrikam Digital 070,D052,Warranty claim,04/08/2026,04/14/2026,660.90,Closed,Normal
SR-001391,Adventure Works Research 071,D051,Warranty claim,01/06/2026,01/12/2026,303.80,Closed,Normal
SR-001392,Northwind Logistics 072,D039,Delivery enquiry,01/17/2026,01/27/2026,7.10,Closed,High
SR-001393,Unregistered Partner 73,D081,Delivery enquiry,04/27/2026,04/30/2026,1191.00,Closed,Normal
SR-001394,Fabrikam Services 074,D012,Warranty claim,06/08/2026,06/19/2026,1192.40,Closed,High
SR-001395,Adventure Works Retail 075,D112,Product return,05/07/2026,,495.00,Open,Low
SR-001396,Northwind Digitl 076,D105,Delivery enquiry,02/16/2026,03/04/2026,729.80,Closed,Low
SR-001397,Contoso Research 077,D058,Warranty claim,01/21/2026,01/30/2026,144.50,Closed,Low
SR-001398,Fabrikam Logistics 078,D064,Warranty claim,05/06/2026,05/12/2026,853.10,Closed,Normal
SR-001399,Adventure Works Analytics 079,D112,Delivery enquiry,01/27/2026,02/04/2026,1284.60,Closed,Normal
SR-001400,Northwind Services 080,D056,Technical support,04/15/2026,05/07/2026,485.80,Closed,Low
SR-001401,Contoso Retial 081,D032,Account access,03/02/2026,03/23/2026,1275.90,Closed,Normal
SR-001402,Fabrikam Digital 082,D047,Warranty claim,03/06/2026,03/29/2026,960.20,Closed,Normal
SR-001403,Adventure Works Research 083,D071,Product return,03/21/2026,04/14/2026,1101.60,Closed,Low
SR-001404,Northwind Logistics 084,D098,Warranty claim,03/11/2026,03/26/2026,362.60,Closed,Low
SR-001405,Contoso Analytics 085,D041,Technical support,03/15/2026,04/01/2026,397.90,Closed,Low
SR-001406,Fabrikam Srvcs 086,D046,Product return,02/19/2026,02/24/2026,918.10,Closed,Normal
SR-001407,Adventure Works Retail 087,D028,Technical support,03/27/2026,04/09/2026,1141.80,Closed,High
SR-001408,Northwind Digital 088,D014,Technical support,01/11/2026,01/17/2026,999.20,Closed,High
SR-001409,Contoso Research 089,D054,Product return,05/04/2026,05/14/2026,617.80,Closed,Low
SR-001410,Fabrikam Logistics 090,D093,Account access,06/28/2026,07/20/2026,732.70,Closed,Normal
SR-001411,Adventure Works Analytcs 091,D011,Account access,02/23/2026,03/12/2026,360.80,Closed,High
SR-001412,Northwind Services 092,D103,Delivery enquiry,02/26/2026,,642.60,Open,Normal
SR-001413,Contoso Retail 093,D043,Technical support,06/07/2026,06/23/2026,642.10,Closed,High
SR-001414,Fabrikam Digital 094,D085,Delivery enquiry,01/24/2026,01/25/2026,499.60,Closed,Low
SR-001415,Adventure Works Research 095,D014,Delivery enquiry,02/05/2026,02/20/2026,791.00,Closed,High
SR-001416,Northwind Logistics 096,D021,Account access,04/16/2026,04/24/2026,1011.00,Closed,Normal
SR-001417,Contoso Analytics 097,D033,Product return,06/04/2026,06/09/2026,1401.10,Closed,Normal
SR-001418,Fabrikam Services 098,D007,Technical support,06/07/2026,06/15/2026,487.50,Closed,Low
SR-001419,Adventure Works Retail 099,D068,Technical support,04/04/2026,04/28/2026,1448.50,Closed,Low
SR-001420,Northwind Digital 100,D082,Account access,03/19/2026,03/18/2026,1248.10,Closed,High
SR-001421,Contoso Research 101,D053,Delivery enquiry,05/06/2026,05/29/2026,826.10,Closed,Low
SR-001422,Unregistered Partner 12,D038,Account access,06/15/2026,07/03/2026,44.60,Closed,Low
SR-001423,Adventure Works Analytics 103,D112,Delivery enquiry,06/17/2026,06/23/2026,602.50,Closed,Normal
SR-001424,Northwind Services 104,D002,Technical support,01/07/2026,01/23/2026,22.90,Closed,High
SR-001425,Contoso Retail 105,D083,Delivery enquiry,04/16/2026,05/01/2026,852.80,Closed,Low
SR-001426,Fabrikam Digitl 106,D041,Technical support,01/07/2026,01/26/2026,316.00,Closed,Low
SR-001427,Adventure Works Research 107,D087,Technical support,05/07/2026,05/13/2026,351.60,Closed,Low
SR-001428,Northwind Logistics 108,D056,Technical support,02/23/2026,03/17/2026,210.40,Closed,Normal
SR-001429,Contoso Analytics 109,D073,Product return,05/13/2026,,1301.10,Open,High
SR-001430,Fabrikam Services 110,D061,Product return,01/07/2026,01/29/2026,631.50,Closed,Normal
SR-001431,Adventure Works Retial 111,D016,Product return,06/21/2026,07/04/2026,776.50,Closed,Low
SR-001432,Northwind Digital 112,D034,Delivery enquiry,06/11/2026,06/30/2026,871.60,Closed,High
SR-001433,Contoso Research 113,D053,Account access,01/14/2026,02/02/2026,664.80,Closed,Normal
SR-001434,Fabrikam Logistics 114,D081,Warranty claim,03/16/2026,03/28/2026,991.20,Closed,High
SR-001435,Adventure Works Analytics 115,D112,Technical support,02/16/2026,03/05/2026,748.30,Closed,Low
SR-001436,Northwind Srvcs 116,D037,Technical support,05/26/2026,06/17/2026,427.80,Closed,Low
SR-001437,Contoso Retail 117,D036,Technical support,04/06/2026,04/08/2026,1299.60,Closed,Low
SR-001438,Fabrikam Digital 118,D009,Product return,02/01/2026,02/09/2026,811.40,Closed,Low
SR-001439,Adventure Works Research 119,D090,Warranty claim,02/10/2026,02/27/2026,757.80,Closed,Normal
SR-001440,Northwind Logistics 120,D001,Delivery enquiry,05/02/2026,05/03/2026,273.60,Closed,Normal
SR-001441,Contoso Analytcs 121,D046,Product return,02/11/2026,03/07/2026,1160.70,Closed,Normal
SR-001442,Fabrikam Services 122,D092,Account access,02/02/2026,02/15/2026,516.40,Closed,Low
SR-001443,Adventure Works Retail 123,D079,Account access,02/28/2026,03/09/2026,1185.10,Closed,Normal
SR-001444,Northwind Digital 124,D072,Technical support,02/07/2026,03/03/2026,1185.80,Closed,High
SR-001445,Contoso Research 125,D035,Delivery enquiry,06/03/2026,06/12/2026,550.70,Closed,Low
SR-001446,Fabrikam Logistics 126,D062,Warranty claim,01/18/2026,,1377.20,Open,High
SR-001447,Adventure Works Analytics 127,D024,Product return,05/02/2026,05/23/2026,1276.10,Closed,Normal
SR-001448,Northwind Services 128,D092,Delivery enquiry,01/24/2026,02/09/2026,1224.00,Closed,Low
SR-001449,Contoso Retail 129,D110,Product return,04/06/2026,04/18/2026,660.70,Closed,Normal
SR-001450,Fabrikam Digital 130,D099,Technical support,05/22/2026,06/04/2026,1226.70,Closed,Normal
SR-001451,Unregistered Partner 41,D070,Warranty claim,03/02/2026,03/17/2026,291.90,Closed,Normal
SR-001452,Northwind Logistics 132,D010,Delivery enquiry,01/10/2026,01/14/2026,703.30,Closed,Low
SR-001453,Contoso Analytics 133,D106,Technical support,06/12/2026,06/17/2026,559.40,Closed,Normal
SR-001454,Fabrikam Services 134,D102,Product return,02/16/2026,02/26/2026,979.50,Closed,Normal
SR-001455,Adventure Works Retail 135,D022,Technical support,01/02/2026,01/18/2026,29.10,Closed,Normal
SR-001456,Northwind Digitl 136,D108,Delivery enquiry,01/03/2026,01/16/2026,417.20,Closed,Normal
SR-001457,Contoso Research 137,D088,Product return,04/14/2026,04/23/2026,699.30,Closed,Normal
SR-001458,Fabrikam Logistics 138,D069,Technical support,03/07/2026,03/08/2026,414.20,Closed,Low
SR-001459,Adventure Works Analytics 139,D059,Technical support,03/15/2026,03/19/2026,281.70,Closed,Normal
SR-001460,Northwind Services 140,D089,Delivery enquiry,06/28/2026,07/18/2026,680.00,Closed,High
SR-001461,Contoso Retial 141,D062,Technical support,01/12/2026,02/04/2026,1101.00,Closed,Normal
SR-001462,Fabrikam Digital 142,D021,Product return,01/26/2026,02/09/2026,1310.20,Closed,Normal
SR-001463,Adventure Works Research 143,D061,Technical support,03/06/2026,,1329.50,Open,Low
SR-001464,Northwind Logistics 144,D085,Product return,06/11/2026,06/23/2026,587.20,Closed,High
SR-001465,Contoso Analytics 145,D003,Product return,02/11/2026,02/15/2026,1121.30,Closed,High
SR-001466,Fabrikam Srvcs 146,D035,Product return,01/10/2026,01/31/2026,294.70,Closed,Low
SR-001467,Adventure Works Retail 147,D006,Delivery enquiry,03/22/2026,03/24/2026,683.30,Closed,Normal
SR-001468,Northwind Digital 148,D061,Account access,04/19/2026,04/26/2026,599.60,Closed,Low
SR-001469,Contoso Research 149,D013,Technical support,03/15/2026,04/04/2026,201.60,Closed,Low
SR-001470,Fabrikam Logistics 150,D035,Technical support,05/18/2026,06/09/2026,371.70,Closed,Low
SR-001471,Adventure Works Analytcs 151,D087,Technical support,05/08/2026,05/29/2026,344.40,Closed,Normal
SR-001472,Northwind Services 152,D089,Warranty claim,05/11/2026,05/27/2026,611.20,Closed,Low
SR-001473,Contoso Retail 153,D078,Product return,03/02/2026,03/25/2026,1079.50,Closed,Normal
SR-001474,Fabrikam Digital 154,D016,Technical support,03/07/2026,03/28/2026,244.00,Closed,High
SR-001475,Adventure Works Research 155,D028,Warranty claim,02/16/2026,02/28/2026,1365.60,Closed,High
SR-001476,Northwind Logistics 156,D085,Delivery enquiry,06/11/2026,06/28/2026,490.40,Closed,Normal
SR-001477,Contoso Analytics 157,D051,Technical support,05/05/2026,05/25/2026,1011.90,Closed,Normal
SR-001478,Fabrikam Services 158,D042,Delivery enquiry,04/14/2026,04/19/2026,1083.30,Closed,Low
SR-001479,Adventure Works Retail 159,D047,Technical support,06/24/2026,07/10/2026,223.80,Closed,Low
SR-001480,Unregistered Partner 70,D025,Delivery enquiry,05/18/2026,,1353.70,Open,Normal
SR-001481,Contoso Research 161,D096,Technical support,04/20/2026,05/11/2026,721.10,Closed,High
SR-001482,Fabrikam Logistics 162,D078,Product return,03/17/2026,04/04/2026,1127.20,Closed,Low
SR-001483,Adventure Works Analytics 163,D002,Account access,06/09/2026,06/10/2026,936.00,Closed,High
SR-001484,Northwind Services 164,D030,Warranty claim,04/14/2026,04/30/2026,945.50,Closed,Normal
SR-001485,Contoso Retail 165,D050,Warranty claim,01/21/2026,02/07/2026,704.70,Closed,High
SR-001486,Fabrikam Digitl 166,D050,Account access,02/12/2026,02/23/2026,402.10,Closed,High
SR-001487,Adventure Works Research 167,D010,Product return,04/02/2026,04/15/2026,1146.80,Closed,Low
SR-001488,Northwind Logistics 168,D065,Technical support,02/23/2026,03/06/2026,754.60,Closed,Normal
SR-001489,Contoso Analytics 169,D025,Warranty claim,03/16/2026,03/29/2026,495.10,Closed,High
SR-001490,Fabrikam Services 170,D042,Warranty claim,02/18/2026,03/07/2026,41.90,Closed,High
SR-001491,Adventure Works Retial 171,D020,Warranty claim,05/22/2026,05/24/2026,684.60,Closed,Low
SR-001492,Northwind Digital 172,D023,Delivery enquiry,06/26/2026,07/08/2026,1282.00,Closed,Normal
SR-001493,Contoso Research 173,D038,Account access,01/25/2026,01/29/2026,498.40,Closed,Low
SR-001494,Fabrikam Logistics 174,D107,Account access,04/13/2026,04/23/2026,1495.30,Closed,Normal
SR-001495,Adventure Works Analytics 175,D106,Technical support,02/06/2026,02/13/2026,953.10,Closed,Normal
SR-001496,Northwind Srvcs 176,D065,Warranty claim,02/11/2026,02/15/2026,558.10,Closed,Normal
SR-001497,Contoso Retail 177,D006,Delivery enquiry,03/14/2026,,27.10,Open,High
SR-001498,Fabrikam Digital 178,D093,Delivery enquiry,02/24/2026,03/01/2026,966.50,Closed,High
SR-001499,Adventure Works Research 179,D018,Product return,05/20/2026,06/07/2026,12.00,Closed,Low
SR-001500,Northwind Logistics 180,D023,Product return,01/04/2026,01/27/2026,1478.30,Closed,Low
SR-001501,Contoso Analytcs 181,D031,Delivery enquiry,06/08/2026,06/15/2026,1028.90,Closed,Low
SR-001502,Fabrikam Services 182,D101,Technical support,04/16/2026,04/20/2026,741.00,Closed,Normal
SR-001503,Adventure Works Retail 183,D073,Warranty claim,06/17/2026,06/29/2026,1144.50,Closed,Normal
SR-001504,Northwind Digital 184,D047,Product return,06/03/2026,06/21/2026,1251.50,Closed,Low
SR-001505,Contoso Research 185,D100,Account access,01/16/2026,02/07/2026,637.80,Closed,Normal
SR-001506,Fabrikam Logistics 186,D074,Product return,05/07/2026,05/05/2026,798.10,Closed,Normal
SR-001507,Adventure Works Analytics 187,D055,Account access,02/28/2026,03/17/2026,1305.20,Closed,Low
SR-001508,Northwind Services 188,D108,Delivery enquiry,06/21/2026,06/30/2026,717.40,Closed,Normal
SR-001509,Unregistered Partner 09,D034,Delivery enquiry,06/17/2026,06/22/2026,46.50,Closed,High
SR-001510,Fabrikam Digital 190,D045,Account access,01/09/2026,01/16/2026,1079.90,Closed,Normal
SR-001511,Adventure Works Research 191,D056,Account access,05/03/2026,05/11/2026,1473.90,Closed,Normal
SR-001512,Northwind Logistics 192,D013,Account access,01/22/2026,01/31/2026,1325.10,Closed,Normal
SR-001513,Contoso Analytics 193,D098,Warranty claim,05/08/2026,05/14/2026,1257.80,Closed,High
SR-001514,Fabrikam Services 194,D005,Technical support,04/03/2026,,791.80,Open,High
SR-001515,Adventure Works Retail 195,D112,Delivery enquiry,01/05/2026,01/14/2026,570.00,Closed,High
SR-001516,Northwind Digitl 196,D030,Product return,05/12/2026,05/19/2026,781.80,Closed,Low
SR-001517,Contoso Research 197,D069,Product return,06/14/2026,07/05/2026,421.00,Closed,High
SR-001518,Fabrikam Logistics 198,D004,Warranty claim,05/12/2026,05/31/2026,1460.70,Closed,Normal
SR-001519,Adventure Works Analytics 199,D060,Product return,05/02/2026,05/16/2026,979.30,Closed,High
SR-001520,Northwind Services 200,D038,Product return,05/28/2026,06/13/2026,1131.50,Closed,Low
SR-001521,Contoso Retial 201,D035,Warranty claim,03/14/2026,03/27/2026,1128.00,Closed,Normal
SR-001522,Fabrikam Digital 202,D056,Technical support,05/07/2026,05/10/2026,120.90,Closed,Normal
SR-001523,Adventure Works Research 203,D057,Delivery enquiry,05/09/2026,05/15/2026,982.70,Closed,High
SR-001524,Northwind Logistics 204,D022,Technical support,03/25/2026,03/26/2026,457.10,Closed,Normal
SR-001525,Contoso Analytics 205,D060,Technical support,06/27/2026,07/14/2026,1345.40,Closed,High
SR-001526,Fabrikam Srvcs 206,D001,Product return,02/02/2026,02/11/2026,34.90,Closed,Low
SR-001527,Adventure Works Retail 207,D034,Product return,04/20/2026,05/07/2026,1477.90,Closed,Normal
SR-001528,Northwind Digital 208,D034,Account access,05/26/2026,05/29/2026,673.60,Closed,Normal
SR-001529,Contoso Research 209,D102,Delivery enquiry,03/03/2026,03/17/2026,462.70,Closed,High
SR-001530,Fabrikam Logistics 210,D045,Warranty claim,03/27/2026,03/29/2026,564.30,Closed,High
SR-001531,Adventure Works Analytcs 211,D011,Technical support,01/12/2026,,301.20,Open,Low
SR-001532,Northwind Services 212,D027,Warranty claim,06/09/2026,06/12/2026,1097.50,Closed,Normal
SR-001533,Contoso Retail 213,D029,Delivery enquiry,05/15/2026,06/05/2026,867.60,Closed,High
SR-001534,Fabrikam Digital 214,D059,Product return,04/23/2026,05/02/2026,300.80,Closed,Low
SR-001535,Adventure Works Research 215,D099,Technical support,02/20/2026,03/05/2026,1396.30,Closed,High
SR-001536,Northwind Logistics 216,D015,Delivery enquiry,04/16/2026,04/20/2026,398.20,Closed,Normal
SR-001537,Contoso Analytics 217,D029,Delivery enquiry,03/05/2026,03/10/2026,331.30,Closed,Low
SR-001538,Unregistered Partner 38,D096,Delivery enquiry,04/03/2026,04/13/2026,406.70,Closed,High
SR-001539,Adventure Works Retail 219,D099,Account access,03/26/2026,04/13/2026,808.10,Closed,Low
SR-001540,Northwind Digital 220,D071,Technical support,02/02/2026,02/19/2026,432.10,Closed,Low
SR-001541,Oxford University,D112,Product return,03/26/2026,04/05/2026,736.10,Closed,Low
SR-001542,University of Cambridge,D039,Delivery enquiry,01/07/2026,01/24/2026,1160.60,Closed,Low
SR-001543,Imperial College London,D057,Delivery enquiry,06/19/2026,07/10/2026,1056.30,Closed,Normal
SR-001544,Oxford University Press,D083,Technical support,02/05/2026,02/18/2026,456.10,Closed,Normal
SR-001545,Contoso Oxford Trading,D062,Delivery enquiry,01/25/2026,02/02/2026,839.90,Closed,Normal
SR-001546,Contoso Oxford Traders,D035,Account access,06/24/2026,06/29/2026,760.20,Closed,Normal
SR-001547,Fabrikam Retail Group,D067,Product return,05/21/2026,05/27/2026,980.70,Closed,Normal
SR-001548,Adventure Works UK,D047,Product return,04/22/2026,,1021.40,Open,Normal
SR-001549,Contoso Retail 009,D046,Warranty claim,01/23/2026,01/22/2026,384.30,Closed,Low
SR-001550,Fabrikam Digital 010,D032,Product return,02/17/2026,03/08/2026,1415.00,Closed,Low
SR-001551,Adventure Works Research 011,D011,Account access,06/03/2026,06/24/2026,203.80,Closed,Low
SR-001552,Northwind Logistics 012,D100,Delivery enquiry,06/14/2026,06/24/2026,1430.40,Closed,High
SR-001553,Contoso Analytics 013,D088,Product return,02/15/2026,03/05/2026,1176.70,Closed,High
SR-001554,Fabrikam Services 014,D047,Account access,02/20/2026,02/25/2026,13.40,Closed,Low
SR-001555,Adventure Works Retail 015,D100,Account access,02/20/2026,02/27/2026,751.70,Closed,High
SR-001556,Northwind Digitl 016,D088,Product return,01/13/2026,01/18/2026,1444.80,Closed,Low
SR-001557,Contoso Research 017,D011,Delivery enquiry,03/07/2026,03/16/2026,249.10,Closed,Low
SR-001558,Fabrikam Logistics 018,D088,Delivery enquiry,06/05/2026,06/06/2026,686.90,Closed,Normal
SR-001559,Adventure Works Analytics 019,D104,Product return,01/12/2026,01/30/2026,175.20,Closed,High
SR-001560,Northwind Services 020,D034,Account access,03/08/2026,03/12/2026,1246.40,Closed,High
SR-001561,Contoso Retial 021,D068,Account access,06/11/2026,07/02/2026,555.20,Closed,Normal
SR-001562,Fabrikam Digital 022,D051,Warranty claim,03/25/2026,04/10/2026,620.20,Closed,High
SR-001563,Adventure Works Research 023,D071,Technical support,02/21/2026,03/16/2026,809.80,Closed,High
SR-001564,Northwind Logistics 024,D047,Product return,05/11/2026,06/01/2026,1413.70,Closed,Normal
SR-001565,Contoso Analytics 025,D098,Account access,04/28/2026,,336.30,Open,Low
SR-001566,Fabrikam Srvcs 026,D046,Delivery enquiry,05/11/2026,06/04/2026,199.10,Closed,Normal
SR-001567,Unregistered Partner 27,D057,Account access,01/26/2026,02/08/2026,706.80,Closed,Normal
SR-001568,Northwind Digital 028,D013,Delivery enquiry,02/18/2026,02/28/2026,259.60,Closed,Low
SR-001569,Contoso Research 029,D106,Account access,05/07/2026,05/24/2026,8.50,Closed,High
SR-001570,Fabrikam Logistics 030,D052,Warranty claim,01/27/2026,02/20/2026,1341.20,Closed,Normal
SR-001571,Adventure Works Analytcs 031,D061,Delivery enquiry,04/08/2026,04/28/2026,802.00,Closed,High
SR-001572,Northwind Services 032,D071,Account access,04/13/2026,05/07/2026,673.40,Closed,High
SR-001573,Contoso Retail 033,D081,Technical support,02/05/2026,02/25/2026,632.80,Closed,High
SR-001574,Fabrikam Digital 034,D039,Account access,05/03/2026,05/05/2026,875.40,Closed,High
SR-001575,Adventure Works Research 035,D015,Technical support,01/05/2026,01/24/2026,1061.80,Closed,High
SR-001576,Northwind Logistics 036,D064,Technical support,03/16/2026,03/29/2026,927.00,Closed,High
SR-001577,Contoso Analytics 037,D027,Account access,03/17/2026,03/27/2026,1265.60,Closed,High
SR-001578,Fabrikam Services 038,D100,Account access,02/14/2026,03/05/2026,717.30,Closed,High
SR-001579,Adventure Works Retail 039,D101,Warranty claim,02/17/2026,03/07/2026,20.60,Closed,Low
SR-001580,Northwind Digital 040,D047,Warranty claim,03/08/2026,03/22/2026,691.40,Closed,Low
SR-001581,Contoso Research 041,D098,Product return,06/27/2026,07/03/2026,7.30,Closed,High
SR-001582,Fabrikam Logistics 042,D060,Product return,06/06/2026,,224.70,Open,High
SR-001583,Adventure Works Analytics 043,D072,Product return,04/16/2026,05/06/2026,1022.90,Closed,High
SR-001584,Northwind Services 044,D012,Technical support,04/03/2026,04/20/2026,1299.90,Closed,Normal
SR-001585,Contoso Retail 045,D088,Product return,06/23/2026,07/13/2026,951.70,Closed,Normal
SR-001586,Fabrikam Digitl 046,D034,Account access,03/06/2026,03/25/2026,1229.10,Closed,High
SR-001587,Adventure Works Research 047,D016,Technical support,05/04/2026,05/27/2026,1160.60,Closed,High
SR-001588,Northwind Logistics 048,D052,Warranty claim,02/28/2026,03/06/2026,1185.70,Closed,Normal
SR-001589,Contoso Analytics 049,D086,Technical support,01/27/2026,02/09/2026,292.60,Closed,Normal
SR-001590,Fabrikam Services 050,D048,Delivery enquiry,01/10/2026,01/29/2026,1064.00,Closed,Normal
SR-001591,Adventure Works Retial 051,D049,Product return,05/18/2026,06/10/2026,1269.80,Closed,High
SR-001592,Northwind Digital 052,D053,Warranty claim,06/21/2026,06/20/2026,612.70,Closed,High
SR-001593,Contoso Research 053,D012,Warranty claim,06/16/2026,06/30/2026,290.00,Closed,Normal
SR-001594,Fabrikam Logistics 054,D059,Technical support,04/11/2026,04/18/2026,99.90,Closed,Normal
SR-001595,Adventure Works Analytics 055,D091,Account access,02/14/2026,03/08/2026,1076.70,Closed,Normal
SR-001596,Unregistered Partner 56,D089,Warranty claim,04/09/2026,04/23/2026,241.50,Closed,Normal
SR-001597,Contoso Retail 057,D004,Product return,01/26/2026,02/14/2026,726.10,Closed,High
SR-001598,Fabrikam Digital 058,D029,Technical support,01/27/2026,02/18/2026,224.20,Closed,Normal
SR-001599,Adventure Works Research 059,D054,Account access,02/03/2026,,852.90,Open,Normal
SR-001600,Northwind Logistics 060,D032,Technical support,04/20/2026,04/29/2026,856.70,Closed,Low
SR-001601,Contoso Analytcs 061,D058,Warranty claim,05/28/2026,06/12/2026,59.70,Closed,Normal
SR-001602,Fabrikam Services 062,D076,Warranty claim,06/19/2026,07/06/2026,1422.40,Closed,Low
SR-001603,Adventure Works Retail 063,D107,Delivery enquiry,04/15/2026,04/24/2026,637.00,Closed,Normal
SR-001604,Northwind Digital 064,D085,Delivery enquiry,04/02/2026,04/04/2026,1389.40,Closed,Low
SR-001605,Contoso Research 065,D006,Warranty claim,05/11/2026,06/02/2026,413.00,Closed,Normal
SR-001606,Fabrikam Logistics 066,D108,Account access,05/03/2026,05/16/2026,470.40,Closed,High
SR-001607,Adventure Works Analytics 067,D087,Product return,05/22/2026,06/06/2026,410.30,Closed,High
SR-001608,Northwind Services 068,D051,Technical support,03/08/2026,03/23/2026,410.80,Closed,Low
SR-001609,Contoso Retail 069,D039,Technical support,03/27/2026,04/04/2026,695.40,Closed,Normal
SR-001610,Fabrikam Digital 070,D066,Delivery enquiry,02/04/2026,02/15/2026,1488.20,Closed,Low
SR-001611,Adventure Works Research 071,D100,Product return,02/21/2026,03/07/2026,684.50,Closed,Low
SR-001612,Northwind Logistics 072,D070,Technical support,02/08/2026,02/27/2026,850.60,Closed,High
SR-001613,Contoso Analytics 073,D077,Product return,02/10/2026,02/27/2026,347.20,Closed,High
SR-001614,Fabrikam Services 074,D028,Technical support,03/18/2026,03/21/2026,714.80,Closed,Low
SR-001615,Adventure Works Retail 075,D072,Technical support,06/20/2026,06/30/2026,1484.60,Closed,High
SR-001616,Northwind Digitl 076,D016,Warranty claim,02/05/2026,,213.60,Open,Low
SR-001617,Contoso Research 077,D075,Delivery enquiry,03/20/2026,04/11/2026,825.10,Closed,High
SR-001618,Fabrikam Logistics 078,D036,Warranty claim,04/24/2026,05/18/2026,879.90,Closed,High
SR-001619,Adventure Works Analytics 079,D101,Technical support,06/27/2026,07/01/2026,1371.10,Closed,High
SR-001620,Northwind Services 080,D072,Delivery enquiry,02/22/2026,03/02/2026,1106.90,Closed,Low
SR-001621,Contoso Retial 081,D053,Product return,03/16/2026,04/04/2026,394.20,Closed,Normal
SR-001622,Fabrikam Digital 082,D061,Technical support,05/23/2026,05/25/2026,233.50,Closed,Low
SR-001623,Adventure Works Research 083,D010,Technical support,01/17/2026,01/26/2026,476.20,Closed,High
SR-001624,Northwind Logistics 084,D071,Delivery enquiry,02/11/2026,02/14/2026,777.40,Closed,Normal
SR-001625,Unregistered Partner 85,D005,Delivery enquiry,03/05/2026,03/22/2026,973.30,Closed,High
SR-001626,Fabrikam Srvcs 086,D033,Warranty claim,06/01/2026,06/04/2026,314.90,Closed,Low
SR-001627,Adventure Works Retail 087,D107,Warranty claim,05/15/2026,05/17/2026,78.10,Closed,Low
SR-001628,Northwind Digital 088,D090,Warranty claim,05/12/2026,05/25/2026,1109.50,Closed,High
SR-001629,Contoso Research 089,D105,Technical support,03/13/2026,04/06/2026,1212.60,Closed,Normal
SR-001630,Fabrikam Logistics 090,D104,Technical support,06/16/2026,07/04/2026,289.10,Closed,Normal
SR-001631,Adventure Works Analytcs 091,D042,Delivery enquiry,06/06/2026,06/15/2026,405.80,Closed,High
SR-001632,Northwind Services 092,D037,Product return,04/14/2026,04/21/2026,898.90,Closed,Low
SR-001633,Contoso Retail 093,D032,Technical support,02/17/2026,,387.30,Open,Low
SR-001634,Fabrikam Digital 094,D032,Account access,03/04/2026,03/18/2026,1366.20,Closed,High
SR-001635,Adventure Works Research 095,D035,Technical support,05/01/2026,04/30/2026,562.90,Closed,High
SR-001636,Northwind Logistics 096,D072,Product return,05/22/2026,06/06/2026,862.70,Closed,High
SR-001637,Contoso Analytics 097,D083,Account access,04/10/2026,04/11/2026,1074.50,Closed,Normal
SR-001638,Fabrikam Services 098,D046,Product return,01/22/2026,02/06/2026,1297.10,Closed,Low
SR-001639,Adventure Works Retail 099,D023,Delivery enquiry,06/09/2026,06/10/2026,1314.30,Closed,Low
SR-001640,Northwind Digital 100,D089,Product return,02/17/2026,03/03/2026,863.90,Closed,High
SR-001641,Contoso Research 101,D092,Warranty claim,06/04/2026,06/21/2026,1023.20,Closed,High
SR-001642,Fabrikam Logistics 102,D105,Product return,04/14/2026,05/04/2026,685.30,Closed,Normal
SR-001643,Adventure Works Analytics 103,D110,Technical support,02/26/2026,03/16/2026,307.70,Closed,Normal
SR-001644,Northwind Services 104,D040,Delivery enquiry,05/09/2026,05/31/2026,93.60,Closed,Low
SR-001645,Contoso Retail 105,D068,Warranty claim,02/19/2026,03/12/2026,1469.00,Closed,Low
SR-001646,Fabrikam Digitl 106,D112,Account access,03/07/2026,03/26/2026,89.90,Closed,Normal
SR-001647,Adventure Works Research 107,D065,Delivery enquiry,06/22/2026,07/05/2026,183.10,Closed,Low
SR-001648,Northwind Logistics 108,D079,Technical support,02/17/2026,03/04/2026,1205.60,Closed,Low
SR-001649,Contoso Analytics 109,D101,Warranty claim,04/02/2026,04/11/2026,1258.80,Closed,Normal
SR-001650,Fabrikam Services 110,D003,Technical support,05/08/2026,,748.40,Open,High
SR-001651,Adventure Works Retial 111,D017,Product return,01/04/2026,01/07/2026,1081.70,Closed,Low
SR-001652,Northwind Digital 112,D079,Technical support,01/21/2026,02/05/2026,798.90,Closed,Low
SR-001653,Contoso Research 113,D063,Delivery enquiry,01/26/2026,02/14/2026,240.00,Closed,Low
SR-001654,Unregistered Partner 24,D043,Account access,06/04/2026,06/09/2026,1453.10,Closed,Low
SR-001655,Adventure Works Analytics 115,D043,Product return,02/23/2026,03/15/2026,1296.50,Closed,Normal
SR-001656,Northwind Srvcs 116,D065,Delivery enquiry,06/13/2026,06/26/2026,964.20,Closed,Normal
SR-001657,Contoso Retail 117,D043,Account access,04/18/2026,05/11/2026,936.10,Closed,High
SR-001658,Fabrikam Digital 118,D086,Account access,04/04/2026,04/17/2026,472.80,Closed,High
SR-001659,Adventure Works Research 119,D065,Warranty claim,03/27/2026,04/16/2026,623.20,Closed,Low
SR-001660,Northwind Logistics 120,D026,Account access,01/20/2026,01/25/2026,1251.00,Closed,High
SR-001661,Contoso Analytcs 121,D010,Technical support,02/17/2026,02/26/2026,1150.20,Closed,Normal
SR-001662,Fabrikam Services 122,D107,Product return,05/22/2026,05/31/2026,375.90,Closed,Normal
SR-001663,Adventure Works Retail 123,D094,Product return,03/28/2026,04/15/2026,1430.60,Closed,Low
SR-001664,Northwind Digital 124,D013,Warranty claim,03/08/2026,03/09/2026,1354.50,Closed,Low
SR-001665,Contoso Research 125,D110,Account access,03/10/2026,03/22/2026,970.70,Closed,Normal
SR-001666,Fabrikam Logistics 126,D059,Delivery enquiry,02/22/2026,02/25/2026,105.20,Closed,High
SR-001667,Adventure Works Analytics 127,D002,Warranty claim,06/01/2026,,916.50,Open,High
SR-001668,Northwind Services 128,D040,Warranty claim,04/04/2026,04/18/2026,1047.60,Closed,High
SR-001669,Contoso Retail 129,D055,Delivery enquiry,06/03/2026,06/22/2026,778.80,Closed,High
SR-001670,Fabrikam Digital 130,D076,Delivery enquiry,05/22/2026,05/29/2026,1191.80,Closed,Normal
SR-001671,Adventure Works Research 131,D082,Product return,01/24/2026,02/01/2026,719.50,Closed,Normal
SR-001672,Northwind Logistics 132,D010,Account access,04/22/2026,05/13/2026,367.10,Closed,Normal
SR-001673,Contoso Analytics 133,D052,Product return,03/13/2026,04/02/2026,422.90,Closed,Normal
SR-001674,Fabrikam Services 134,D111,Delivery enquiry,06/19/2026,07/13/2026,1161.60,Closed,Normal
SR-001675,Adventure Works Retail 135,D007,Delivery enquiry,05/23/2026,05/24/2026,835.30,Closed,Normal
SR-001676,Northwind Digitl 136,D066,Technical support,02/02/2026,02/15/2026,455.10,Closed,Low
SR-001677,Contoso Research 137,D038,Delivery enquiry,06/13/2026,06/20/2026,928.60,Closed,Normal
SR-001678,Fabrikam Logistics 138,D028,Delivery enquiry,05/05/2026,05/04/2026,642.70,Closed,High
SR-001679,Adventure Works Analytics 139,D004,Warranty claim,02/17/2026,02/23/2026,1307.00,Closed,Low
SR-001680,Northwind Services 140,D064,Account access,04/09/2026,04/24/2026,990.30,Closed,High
SR-001681,Contoso Retial 141,D081,Product return,03/12/2026,03/19/2026,536.70,Closed,High
SR-001682,Fabrikam Digital 142,D003,Warranty claim,05/07/2026,05/19/2026,1206.70,Closed,High
SR-001683,Unregistered Partner 53,D029,Account access,05/04/2026,05/14/2026,261.50,Closed,High
SR-001684,Northwind Logistics 144,D100,Account access,03/03/2026,,170.10,Open,Normal
SR-001685,Contoso Analytics 145,D011,Product return,05/06/2026,05/15/2026,198.00,Closed,Low
SR-001686,Fabrikam Srvcs 146,D031,Product return,01/03/2026,01/24/2026,1325.20,Closed,Low
SR-001687,Adventure Works Retail 147,D027,Delivery enquiry,04/18/2026,05/11/2026,305.50,Closed,High
SR-001688,Northwind Digital 148,D031,Warranty claim,05/23/2026,06/10/2026,373.40,Closed,Normal
SR-001689,Contoso Research 149,D110,Warranty claim,01/10/2026,01/22/2026,426.90,Closed,High
SR-001690,Fabrikam Logistics 150,D026,Account access,03/26/2026,04/04/2026,75.00,Closed,High
SR-001691,Adventure Works Analytcs 151,D091,Account access,05/10/2026,05/21/2026,1354.90,Closed,Low
SR-001692,Northwind Services 152,D016,Account access,03/27/2026,03/29/2026,386.30,Closed,Low
SR-001693,Contoso Retail 153,D075,Delivery enquiry,04/03/2026,04/16/2026,546.10,Closed,High
SR-001694,Fabrikam Digital 154,D041,Warranty claim,06/06/2026,06/19/2026,550.10,Closed,High
SR-001695,Adventure Works Research 155,D063,Warranty claim,05/09/2026,05/23/2026,714.90,Closed,Normal
SR-001696,Northwind Logistics 156,D052,Warranty claim,02/22/2026,02/27/2026,639.70,Closed,Normal
SR-001697,Contoso Analytics 157,D034,Technical support,02/23/2026,02/25/2026,686.10,Closed,High
SR-001698,Fabrikam Services 158,D038,Technical support,06/02/2026,06/16/2026,1128.10,Closed,Normal
SR-001699,Adventure Works Retail 159,D025,Technical support,03/18/2026,04/02/2026,401.20,Closed,High
SR-001700,Northwind Digital 160,D014,Account access,02/21/2026,03/09/2026,1167.40,Closed,Normal
SR-001701,Contoso Research 161,D103,Product return,01/06/2026,,149.00,Open,High
SR-001702,Fabrikam Logistics 162,D011,Delivery enquiry,03/07/2026,03/18/2026,1112.90,Closed,High
SR-001703,Adventure Works Analytics 163,D005,Product return,04/11/2026,04/18/2026,1157.20,Closed,Low
SR-001704,Northwind Services 164,D049,Technical support,04/24/2026,04/30/2026,232.80,Closed,High
SR-001705,Contoso Retail 165,D103,Delivery enquiry,03/06/2026,03/22/2026,974.00,Closed,Normal
SR-001706,Fabrikam Digitl 166,D104,Technical support,02/18/2026,02/24/2026,1154.30,Closed,High
SR-001707,Adventure Works Research 167,D068,Account access,06/09/2026,06/13/2026,609.80,Closed,Low
SR-001708,Northwind Logistics 168,D009,Product return,04/28/2026,05/18/2026,1340.10,Closed,Low
SR-001709,Contoso Analytics 169,D098,Technical support,06/26/2026,07/04/2026,900.30,Closed,High
SR-001710,Fabrikam Services 170,D018,Account access,03/12/2026,03/20/2026,360.10,Closed,Normal
SR-001711,Adventure Works Retial 171,D042,Product return,01/06/2026,01/07/2026,297.10,Closed,High
SR-001712,Unregistered Partner 82,D057,Technical support,01/02/2026,01/05/2026,603.40,Closed,Low
SR-001713,Contoso Research 173,D112,Product return,01/14/2026,02/05/2026,516.50,Closed,Low
SR-001714,Fabrikam Logistics 174,D003,Technical support,01/26/2026,02/09/2026,411.70,Closed,Low
SR-001715,Adventure Works Analytics 175,D020,Warranty claim,01/22/2026,02/10/2026,296.00,Closed,Low
SR-001716,Northwind Srvcs 176,D111,Account access,03/06/2026,03/29/2026,297.10,Closed,Low
SR-001717,Contoso Retail 177,D003,Warranty claim,01/22/2026,02/15/2026,476.40,Closed,Normal
SR-001718,Fabrikam Digital 178,D055,Delivery enquiry,06/11/2026,,545.90,Open,Normal
SR-001719,Adventure Works Research 179,D008,Account access,06/11/2026,07/04/2026,1213.70,Closed,Normal
SR-001720,Northwind Logistics 180,D071,Warranty claim,06/13/2026,07/06/2026,57.50,Closed,High
SR-001721,Contoso Analytcs 181,D071,Account access,05/16/2026,05/15/2026,746.90,Closed,Low
SR-001722,Fabrikam Services 182,D077,Technical support,02/19/2026,03/10/2026,619.20,Closed,Low
SR-001723,Adventure Works Retail 183,D109,Technical support,06/27/2026,07/12/2026,15.30,Closed,Low
SR-001724,Northwind Digital 184,D055,Account access,01/15/2026,01/20/2026,1312.30,Closed,Low
SR-001725,Contoso Research 185,D087,Warranty claim,05/10/2026,05/29/2026,1338.40,Closed,Normal
SR-001726,Fabrikam Logistics 186,D010,Warranty claim,03/17/2026,03/22/2026,1470.10,Closed,High
SR-001727,Adventure Works Analytics 187,D018,Account access,04/23/2026,05/01/2026,126.70,Closed,Normal
SR-001728,Northwind Services 188,D054,Product return,03/10/2026,03/25/2026,1497.60,Closed,High
SR-001729,Contoso Retail 189,D001,Account access,02/25/2026,03/03/2026,712.00,Closed,Normal
SR-001730,Fabrikam Digital 190,D008,Warranty claim,03/12/2026,03/13/2026,109.00,Closed,Normal
SR-001731,Adventure Works Research 191,D105,Delivery enquiry,03/08/2026,03/14/2026,1128.80,Closed,Low
SR-001732,Northwind Logistics 192,D085,Technical support,02/30/2026,03/10/2026,906.00,Closed,Normal
SR-001733,Contoso Analytics 193,D040,Delivery enquiry,06/27/2026,06/30/2026,683.70,Closed,Low
SR-001734,Fabrikam Services 194,D108,Product return,05/02/2026,05/15/2026,213.20,Closed,Normal
SR-001735,Adventure Works Retail 195,D056,Product return,05/11/2026,,1033.20,Open,High
SR-001736,Northwind Digitl 196,D025,Delivery enquiry,06/06/2026,06/09/2026,503.80,Closed,Normal
SR-001737,Contoso Research 197,D055,Delivery enquiry,04/25/2026,04/30/2026,1002.90,Closed,Normal
SR-001738,Fabrikam Logistics 198,D056,Account access,04/07/2026,04/20/2026,1086.10,Closed,High
SR-001739,Adventure Works Analytics 199,D052,Warranty claim,03/21/2026,04/06/2026,955.60,Closed,Low
SR-001740,Northwind Services 200,D033,Product return,03/24/2026,04/08/2026,605.20,Closed,High
SR-001741,Unregistered Partner 21,D095,Account access,06/06/2026,06/08/2026,405.00,Closed,Normal
SR-001742,Fabrikam Digital 202,D076,Delivery enquiry,03/04/2026,03/28/2026,61.70,Closed,Normal
SR-001743,Adventure Works Research 203,D048,Account access,01/17/2026,01/30/2026,412.80,Closed,High
SR-001744,Northwind Logistics 204,D109,Product return,06/16/2026,07/10/2026,938.20,Closed,High
SR-001745,Contoso Analytics 205,D010,Technical support,01/18/2026,01/29/2026,994.30,Closed,Low
SR-001746,Fabrikam Srvcs 206,D021,Delivery enquiry,04/12/2026,04/19/2026,1455.20,Closed,Normal
SR-001747,Adventure Works Retail 207,D060,Account access,06/25/2026,06/30/2026,671.10,Closed,High
SR-001748,Northwind Digital 208,D012,Product return,06/28/2026,07/09/2026,368.60,Closed,High
SR-001749,Contoso Research 209,D020,Product return,02/26/2026,03/06/2026,980.20,Closed,Low
SR-001750,Fabrikam Logistics 210,D069,Technical support,02/01/2026,02/18/2026,1427.60,Closed,Low
SR-001751,Adventure Works Analytcs 211,D037,Product return,01/03/2026,01/27/2026,77.30,Closed,Low
SR-001752,Northwind Services 212,D026,Account access,01/09/2026,,940.40,Open,Low
SR-001753,Contoso Retail 213,D036,Delivery enquiry,02/20/2026,03/07/2026,861.60,Closed,Low
SR-001754,Fabrikam Digital 214,D070,Delivery enquiry,02/15/2026,02/17/2026,140.70,Closed,High
SR-001755,Adventure Works Research 215,D076,Account access,01/28/2026,02/06/2026,1181.10,Closed,Low
SR-001756,Northwind Logistics 216,D056,Delivery enquiry,01/18/2026,02/11/2026,879.40,Closed,Normal
SR-001757,Contoso Analytics 217,D082,Product return,05/14/2026,05/24/2026,914.20,Closed,Normal
SR-001758,Fabrikam Services 218,D053,Technical support,02/09/2026,03/01/2026,1405.40,Closed,Normal
SR-001759,Adventure Works Retail 219,D090,Delivery enquiry,01/03/2026,01/26/2026,1430.90,Closed,High
SR-001760,Northwind Digital 220,D107,Technical support,03/12/2026,04/05/2026,198.10,Closed,High
SR-001761,Oxford University,D065,Technical support,05/17/2026,05/25/2026,427.80,Closed,High
SR-001762,University of Cambridge,D084,Delivery enquiry,02/26/2026,03/03/2026,820.60,Closed,High
SR-001763,Imperial College London,D072,Delivery enquiry,04/28/2026,05/04/2026,577.20,Closed,High
SR-001764,Oxford University Press,D099,Account access,05/24/2026,05/21/2026,1134.30,Closed,High
SR-001765,Contoso Oxford Trading,D091,Warranty claim,02/27/2026,03/19/2026,1105.00,Closed,Low
SR-001766,Contoso Oxford Traders,D064,Account access,02/18/2026,03/10/2026,280.20,Closed,Low
SR-001767,Fabrikam Retail Group,D096,Technical support,05/12/2026,06/02/2026,904.10,Closed,High
SR-001768,Adventure Works UK,D110,Warranty claim,03/24/2026,04/02/2026,1494.10,Closed,Normal
SR-001769,Contoso Retail 009,D073,Warranty claim,02/02/2026,,591.20,Open,Low
SR-001770,Unregistered Partner 10,D093,Technical support,06/06/2026,06/17/2026,1448.50,Closed,High
SR-001771,Adventure Works Research 011,D023,Delivery enquiry,06/23/2026,07/08/2026,611.20,Closed,Normal
SR-001772,Northwind Logistics 012,D050,Product return,04/08/2026,04/30/2026,1420.70,Closed,Low
SR-001773,Contoso Analytics 013,D099,Delivery enquiry,03/13/2026,03/16/2026,375.90,Closed,High
SR-001774,Fabrikam Services 014,D013,Warranty claim,05/23/2026,06/05/2026,713.60,Closed,High
SR-001775,Adventure Works Retail 015,D005,Warranty claim,01/16/2026,01/29/2026,1189.60,Closed,Normal
SR-001776,Northwind Digitl 016,D109,Technical support,03/14/2026,03/27/2026,1347.10,Closed,Low
SR-001777,Contoso Research 017,D035,Delivery enquiry,01/09/2026,02/02/2026,610.50,Closed,Low
SR-001778,Fabrikam Logistics 018,D097,Warranty claim,03/18/2026,04/06/2026,401.80,Closed,Low
SR-001779,Adventure Works Analytics 019,D029,Warranty claim,04/08/2026,04/29/2026,882.20,Closed,Normal
SR-001780,Northwind Services 020,D021,Warranty claim,04/20/2026,05/03/2026,741.20,Closed,High
SR-001781,Contoso Retial 021,D080,Account access,02/07/2026,02/14/2026,1368.20,Closed,Normal
SR-001782,Fabrikam Digital 022,D012,Product return,04/21/2026,04/23/2026,758.20,Closed,High
SR-001783,Adventure Works Research 023,D004,Warranty claim,01/15/2026,01/23/2026,878.60,Closed,Normal
SR-001784,Northwind Logistics 024,D025,Product return,02/04/2026,02/14/2026,111.10,Closed,High
SR-001785,Contoso Analytics 025,D006,Warranty claim,02/12/2026,03/04/2026,711.40,Closed,Normal
SR-001786,Fabrikam Srvcs 026,D074,Technical support,01/25/2026,,203.10,Open,Low
SR-001787,Adventure Works Retail 027,D047,Technical support,04/19/2026,05/03/2026,537.60,Closed,Low
SR-001788,Northwind Digital 028,D028,Technical support,06/26/2026,07/17/2026,1196.00,Closed,Low
SR-001789,Contoso Research 029,D020,Warranty claim,06/04/2026,06/11/2026,171.30,Closed,Normal
SR-001790,Fabrikam Logistics 030,D025,Technical support,04/18/2026,05/07/2026,678.80,Closed,Low
SR-001791,Adventure Works Analytcs 031,D016,Product return,06/16/2026,06/19/2026,1263.10,Closed,Low
SR-001792,Northwind Services 032,D025,Account access,03/12/2026,03/25/2026,1142.40,Closed,Low
SR-001793,Contoso Retail 033,D059,Product return,01/02/2026,01/05/2026,573.00,Closed,Low
SR-001794,Fabrikam Digital 034,D104,Delivery enquiry,05/04/2026,05/26/2026,1443.10,Closed,Normal
SR-001795,Adventure Works Research 035,D001,Account access,04/28/2026,05/22/2026,1184.10,Closed,Low
SR-001796,Northwind Logistics 036,D086,Technical support,02/08/2026,02/27/2026,530.60,Closed,Low
SR-001797,Contoso Analytics 037,D089,Delivery enquiry,02/18/2026,02/21/2026,732.30,Closed,High
SR-001798,Fabrikam Services 038,D028,Technical support,01/05/2026,01/07/2026,1399.40,Closed,High
SR-001799,Unregistered Partner 39,D024,Technical support,05/19/2026,05/29/2026,1491.90,Closed,High
SR-001800,Northwind Digital 040,D075,Account access,04/01/2026,04/10/2026,1217.40,Closed,High
SR-001801,Contoso Research 041,D032,Delivery enquiry,03/15/2026,04/04/2026,763.00,Closed,Low
SR-001802,Fabrikam Logistics 042,D070,Technical support,04/10/2026,04/22/2026,987.40,Closed,Normal
SR-001803,Adventure Works Analytics 043,D025,Warranty claim,03/25/2026,,1347.20,Open,Normal
SR-001804,Northwind Services 044,D014,Account access,01/05/2026,01/16/2026,966.90,Closed,Normal
SR-001805,Contoso Retail 045,D024,Warranty claim,06/23/2026,06/24/2026,1161.00,Closed,Normal
SR-001806,Fabrikam Digitl 046,D069,Delivery enquiry,02/08/2026,02/26/2026,492.30,Closed,Low
SR-001807,Adventure Works Research 047,D019,Warranty claim,02/17/2026,02/14/2026,866.10,Closed,High
SR-001808,Northwind Logistics 048,D074,Product return,06/27/2026,07/13/2026,330.00,Closed,High
SR-001809,Contoso Analytics 049,D051,Technical support,01/04/2026,01/16/2026,901.10,Closed,Normal
SR-001810,Fabrikam Services 050,D088,Delivery enquiry,05/21/2026,06/02/2026,1456.50,Closed,High
SR-001811,Adventure Works Retial 051,D105,Account access,05/09/2026,05/18/2026,1303.60,Closed,Low
SR-001812,Northwind Digital 052,D092,Product return,03/20/2026,04/12/2026,567.90,Closed,Normal
SR-001813,Contoso Research 053,D094,Warranty claim,03/22/2026,04/09/2026,1075.80,Closed,Low
SR-001814,Fabrikam Logistics 054,D023,Account access,02/03/2026,02/10/2026,492.00,Closed,Normal
SR-001815,Adventure Works Analytics 055,D017,Warranty claim,03/19/2026,04/07/2026,634.30,Closed,High
SR-001816,Northwind Srvcs 056,D045,Technical support,02/25/2026,03/03/2026,687.10,Closed,Normal
SR-001817,Contoso Retail 057,D050,Warranty claim,02/24/2026,03/07/2026,716.00,Closed,High
SR-001818,Fabrikam Digital 058,D109,Warranty claim,03/13/2026,03/23/2026,1087.50,Closed,Normal
SR-001819,Adventure Works Research 059,D068,Warranty claim,02/07/2026,02/20/2026,1378.00,Closed,Normal
SR-001820,Northwind Logistics 060,D055,Product return,02/19/2026,,1112.60,Open,Low
SR-001821,Contoso Analytcs 061,D027,Product return,02/22/2026,03/15/2026,633.80,Closed,Low
SR-001822,Fabrikam Services 062,D020,Account access,01/11/2026,01/18/2026,900.70,Closed,High
SR-001823,Adventure Works Retail 063,D038,Product return,01/14/2026,01/22/2026,1491.30,Closed,High
SR-001824,Northwind Digital 064,D040,Delivery enquiry,05/04/2026,05/06/2026,626.00,Closed,High
SR-001825,Contoso Research 065,D047,Product return,01/13/2026,01/20/2026,91.50,Closed,Normal
SR-001826,Fabrikam Logistics 066,D068,Warranty claim,04/09/2026,04/19/2026,1078.30,Closed,Normal
SR-001827,Adventure Works Analytics 067,D024,Delivery enquiry,04/20/2026,04/21/2026,638.00,Closed,High
SR-001828,Unregistered Partner 68,D102,Warranty claim,02/01/2026,02/18/2026,124.10,Closed,High
SR-001829,Contoso Retail 069,D064,Warranty claim,05/16/2026,05/21/2026,749.00,Closed,High
SR-001830,Fabrikam Digital 070,D015,Delivery enquiry,04/17/2026,05/08/2026,1196.30,Closed,High
SR-001831,Adventure Works Research 071,D013,Delivery enquiry,03/06/2026,03/08/2026,881.80,Closed,High
SR-001832,Northwind Logistics 072,D078,Technical support,06/21/2026,06/29/2026,986.80,Closed,High
SR-001833,Contoso Analytics 073,D025,Delivery enquiry,04/17/2026,04/20/2026,1402.90,Closed,High
SR-001834,Fabrikam Services 074,D056,Delivery enquiry,02/12/2026,02/19/2026,1209.20,Closed,High
SR-001835,Adventure Works Retail 075,D107,Delivery enquiry,04/14/2026,05/05/2026,463.00,Closed,Low
SR-001836,Northwind Digitl 076,D080,Delivery enquiry,06/04/2026,06/19/2026,434.10,Closed,Normal
SR-001837,Contoso Research 077,D039,Technical support,04/16/2026,,724.80,Open,Low
SR-001838,Fabrikam Logistics 078,D090,Product return,03/03/2026,03/15/2026,275.60,Closed,High
SR-001839,Adventure Works Analytics 079,D077,Product return,03/15/2026,04/02/2026,1313.00,Closed,Normal
SR-001840,Northwind Services 080,D110,Account access,04/28/2026,05/05/2026,1423.40,Closed,Low
SR-001841,Contoso Retial 081,D044,Technical support,04/25/2026,04/29/2026,396.00,Closed,Normal
SR-001842,Fabrikam Digital 082,D108,Delivery enquiry,05/08/2026,05/28/2026,454.30,Closed,Normal
SR-001843,Adventure Works Research 083,D070,Product return,02/17/2026,02/28/2026,504.40,Closed,Normal
SR-001844,Northwind Logistics 084,D022,Delivery enquiry,04/23/2026,05/10/2026,1210.80,Closed,High
SR-001845,Contoso Analytics 085,D038,Delivery enquiry,05/11/2026,05/28/2026,11.00,Closed,High
SR-001846,Fabrikam Srvcs 086,D071,Account access,05/21/2026,05/31/2026,1282.50,Closed,High
SR-001847,Adventure Works Retail 087,D040,Account access,06/15/2026,07/05/2026,1223.60,Closed,Normal
SR-001848,Northwind Digital 088,D079,Account access,06/19/2026,06/30/2026,1326.40,Closed,High
SR-001849,Contoso Research 089,D022,Account access,02/14/2026,03/04/2026,345.40,Closed,Low
SR-001850,Fabrikam Logistics 090,D093,Product return,05/28/2026,05/26/2026,1079.10,Closed,Low
SR-001851,Adventure Works Analytcs 091,D052,Product return,03/22/2026,03/29/2026,1465.10,Closed,High
SR-001852,Northwind Services 092,D028,Warranty claim,04/03/2026,04/19/2026,726.70,Closed,Normal
SR-001853,Contoso Retail 093,D110,Technical support,01/03/2026,01/23/2026,104.60,Closed,Low
SR-001854,Fabrikam Digital 094,D019,Account access,06/22/2026,,613.60,Open,High
SR-001855,Adventure Works Research 095,D053,Technical support,04/09/2026,04/29/2026,1401.80,Closed,Normal
SR-001856,Northwind Logistics 096,D036,Product return,03/19/2026,04/11/2026,1115.80,Closed,High
SR-001857,Unregistered Partner 07,D010,Product return,05/14/2026,05/27/2026,1381.30,Closed,Low
SR-001858,Fabrikam Services 098,D110,Account access,06/14/2026,06/15/2026,1072.90,Closed,High
SR-001859,Adventure Works Retail 099,D018,Delivery enquiry,03/11/2026,03/16/2026,976.60,Closed,High
SR-001860,Northwind Digital 100,D059,Delivery enquiry,03/08/2026,03/12/2026,84.30,Closed,High
SR-001861,Contoso Research 101,D108,Technical support,01/25/2026,02/03/2026,631.60,Closed,High
SR-001862,Fabrikam Logistics 102,D094,Warranty claim,04/01/2026,04/07/2026,889.20,Closed,High
SR-001863,Adventure Works Analytics 103,D043,Product return,03/10/2026,03/17/2026,466.50,Closed,High
SR-001864,Northwind Services 104,D007,Technical support,03/17/2026,03/20/2026,1213.00,Closed,Low
SR-001865,Contoso Retail 105,D060,Delivery enquiry,06/05/2026,06/07/2026,11.10,Closed,Low
SR-001866,Fabrikam Digitl 106,D081,Technical support,04/08/2026,04/28/2026,701.20,Closed,Low
SR-001867,Adventure Works Research 107,D101,Warranty claim,06/27/2026,07/17/2026,71.10,Closed,High
SR-001868,Northwind Logistics 108,D009,Technical support,06/22/2026,07/02/2026,439.10,Closed,Normal
SR-001869,Contoso Analytics 109,D083,Technical support,03/02/2026,03/25/2026,1246.20,Closed,Low
SR-001870,Fabrikam Services 110,D081,Warranty claim,01/17/2026,01/25/2026,644.30,Closed,Low
SR-001871,Adventure Works Retial 111,D001,Delivery enquiry,06/08/2026,,936.10,Open,Low
SR-001872,Northwind Digital 112,D010,Technical support,01/06/2026,01/25/2026,94.10,Closed,High
SR-001873,Contoso Research 113,D008,Account access,06/12/2026,06/27/2026,308.10,Closed,High
SR-001874,Fabrikam Logistics 114,D020,Technical support,06/28/2026,07/15/2026,118.50,Closed,High
SR-001875,Adventure Works Analytics 115,D062,Delivery enquiry,05/28/2026,05/29/2026,1241.50,Closed,Low
SR-001876,Northwind Srvcs 116,D058,Warranty claim,01/25/2026,02/10/2026,361.70,Closed,Low
SR-001877,Contoso Retail 117,D046,Product return,06/10/2026,06/22/2026,481.30,Closed,Low
SR-001878,Fabrikam Digital 118,D076,Product return,02/22/2026,02/28/2026,1091.90,Closed,Low
SR-001879,Adventure Works Research 119,D048,Warranty claim,03/23/2026,04/04/2026,1069.20,Closed,High
SR-001880,Northwind Logistics 120,D062,Technical support,05/10/2026,05/15/2026,1456.70,Closed,Normal
SR-001881,Contoso Analytcs 121,D011,Product return,06/28/2026,07/11/2026,119.60,Closed,Normal
SR-001882,Fabrikam Services 122,D041,Account access,03/03/2026,03/06/2026,1282.10,Closed,Low
SR-001883,Adventure Works Retail 123,D011,Account access,04/05/2026,04/24/2026,463.70,Closed,Low
SR-001884,Northwind Digital 124,D082,Delivery enquiry,04/12/2026,05/03/2026,125.40,Closed,Normal
SR-001885,Contoso Research 125,D068,Account access,06/17/2026,07/02/2026,734.70,Closed,Normal
SR-001886,Unregistered Partner 36,D059,Warranty claim,05/27/2026,06/18/2026,972.80,Closed,Low
SR-001887,Adventure Works Analytics 127,D043,Technical support,01/16/2026,02/02/2026,1059.30,Closed,High
SR-001888,Northwind Services 128,D112,Account access,03/17/2026,,626.90,Open,Low
SR-001889,Contoso Retail 129,D105,Product return,04/19/2026,05/05/2026,970.00,Closed,Normal
SR-001890,Fabrikam Digital 130,D054,Delivery enquiry,06/25/2026,07/07/2026,866.40,Closed,Low
SR-001891,Adventure Works Research 131,D007,Product return,02/15/2026,03/05/2026,718.10,Closed,High
SR-001892,Northwind Logistics 132,D020,Technical support,05/17/2026,06/01/2026,1127.00,Closed,Normal
SR-001893,Contoso Analytics 133,D031,Warranty claim,03/04/2026,02/28/2026,770.90,Closed,High
SR-001894,Fabrikam Services 134,D010,Account access,01/06/2026,01/25/2026,362.40,Closed,Normal
SR-001895,Adventure Works Retail 135,D091,Delivery enquiry,05/25/2026,06/13/2026,915.40,Closed,Normal
SR-001896,Northwind Digitl 136,D010,Technical support,05/18/2026,05/27/2026,350.00,Closed,Low
SR-001897,Contoso Research 137,D064,Delivery enquiry,04/07/2026,04/21/2026,354.40,Closed,High
SR-001898,Fabrikam Logistics 138,D104,Account access,01/28/2026,02/16/2026,82.90,Closed,Low
SR-001899,Adventure Works Analytics 139,D064,Account access,06/18/2026,06/24/2026,869.10,Closed,High
SR-001900,Northwind Services 140,D035,Technical support,05/04/2026,05/13/2026,324.60,Closed,Low
SR-001901,Contoso Retial 141,D020,Warranty claim,06/13/2026,06/29/2026,1148.80,Closed,Normal
SR-001902,Fabrikam Digital 142,D011,Account access,05/24/2026,06/13/2026,406.50,Closed,Normal
SR-001903,Adventure Works Research 143,D107,Warranty claim,01/20/2026,01/27/2026,761.70,Closed,Low
SR-001904,Northwind Logistics 144,D077,Account access,04/24/2026,04/27/2026,1068.50,Closed,Normal
SR-001905,Contoso Analytics 145,D083,Account access,01/22/2026,,1467.20,Open,Normal
SR-001906,Fabrikam Srvcs 146,D002,Warranty claim,03/16/2026,03/30/2026,1088.60,Closed,High
SR-001907,Adventure Works Retail 147,D063,Account access,06/25/2026,07/06/2026,1277.40,Closed,Normal
SR-001908,Northwind Digital 148,D069,Warranty claim,05/16/2026,05/20/2026,439.30,Closed,Low
SR-001909,Contoso Research 149,D087,Product return,03/04/2026,03/09/2026,1460.80,Closed,Low
SR-001910,Fabrikam Logistics 150,D084,Product return,06/14/2026,06/15/2026,1180.40,Closed,High
SR-001911,Adventure Works Analytcs 151,D030,Technical support,04/06/2026,04/09/2026,875.80,Closed,High
SR-001912,Northwind Services 152,D038,Technical support,03/21/2026,04/07/2026,1166.20,Closed,Low
SR-001913,Contoso Retail 153,D018,Account access,02/17/2026,03/02/2026,558.80,Closed,Normal
SR-001914,Fabrikam Digital 154,D068,Product return,06/11/2026,06/19/2026,1266.90,Closed,Normal
SR-001915,Unregistered Partner 65,D089,Account access,05/25/2026,06/02/2026,593.80,Closed,High
SR-001916,Northwind Logistics 156,D050,Product return,02/27/2026,03/10/2026,847.80,Closed,High
SR-001917,Contoso Analytics 157,D076,Product return,04/23/2026,04/27/2026,674.20,Closed,High
SR-001918,Fabrikam Services 158,D014,Product return,04/22/2026,05/12/2026,442.10,Closed,High
SR-001919,Adventure Works Retail 159,D064,Product return,04/06/2026,04/15/2026,519.50,Closed,Low
SR-001920,Northwind Digital 160,D055,Account access,05/06/2026,05/14/2026,1322.70,Closed,Low
SR-001921,Contoso Research 161,D056,Delivery enquiry,06/22/2026,06/23/2026,1175.60,Closed,High
SR-001922,Fabrikam Logistics 162,D047,Product return,06/22/2026,,977.00,Open,Low
SR-001923,Adventure Works Analytics 163,D039,Product return,06/08/2026,06/10/2026,966.60,Closed,Low
SR-001924,Northwind Services 164,D082,Technical support,02/14/2026,03/08/2026,742.30,Closed,Low
SR-001925,Contoso Retail 165,D059,Product return,04/12/2026,04/19/2026,1121.10,Closed,High
SR-001926,Fabrikam Digitl 166,D097,Delivery enquiry,02/19/2026,03/12/2026,329.70,Closed,Normal
SR-001927,Adventure Works Research 167,D081,Delivery enquiry,05/06/2026,05/29/2026,1152.20,Closed,Normal
SR-001928,Northwind Logistics 168,D052,Warranty claim,06/06/2026,06/12/2026,481.10,Closed,Normal
SR-001929,Contoso Analytics 169,D020,Product return,02/21/2026,02/28/2026,787.50,Closed,Normal
SR-001930,Fabrikam Services 170,D112,Delivery enquiry,06/02/2026,06/21/2026,385.50,Closed,High
SR-001931,Adventure Works Retial 171,D072,Delivery enquiry,04/05/2026,04/15/2026,288.70,Closed,Normal
SR-001932,Northwind Digital 172,D087,Delivery enquiry,01/18/2026,01/30/2026,1101.20,Closed,Normal
SR-001933,Contoso Research 173,D069,Product return,01/15/2026,01/29/2026,1144.80,Closed,Low
SR-001934,Fabrikam Logistics 174,D036,Product return,03/25/2026,04/18/2026,1361.10,Closed,Low
SR-001935,Adventure Works Analytics 175,D094,Technical support,02/11/2026,02/15/2026,1070.60,Closed,High
SR-001936,Northwind Srvcs 176,D049,Account access,06/19/2026,06/15/2026,249.70,Closed,Normal
SR-001937,Contoso Retail 177,D015,Delivery enquiry,05/18/2026,06/04/2026,256.10,Closed,Low
SR-001938,Fabrikam Digital 178,D006,Delivery enquiry,01/16/2026,01/27/2026,95.30,Closed,High
SR-001939,Adventure Works Research 179,D041,Account access,02/05/2026,,975.50,Open,High
SR-001940,Northwind Logistics 180,D081,Account access,01/15/2026,01/22/2026,641.80,Closed,Normal
SR-001941,Contoso Analytcs 181,D012,Delivery enquiry,04/22/2026,04/24/2026,1370.20,Closed,Low
SR-001942,Fabrikam Services 182,D016,Technical support,01/03/2026,01/16/2026,1382.00,Closed,Normal
SR-001943,Adventure Works Retail 183,D008,Account access,01/16/2026,01/30/2026,59.90,Closed,Low
SR-001944,Unregistered Partner 04,D058,Warranty claim,03/27/2026,04/10/2026,1002.50,Closed,High
SR-001945,Contoso Research 185,D025,Technical support,06/15/2026,06/20/2026,849.10,Closed,Normal
SR-001946,Fabrikam Logistics 186,D066,Delivery enquiry,06/01/2026,06/08/2026,1318.70,Closed,Low
SR-001947,Adventure Works Analytics 187,D105,Technical support,04/19/2026,04/20/2026,44.30,Closed,High
SR-001948,Northwind Services 188,D012,Account access,04/24/2026,05/06/2026,446.30,Closed,Normal
SR-001949,Contoso Retail 189,D036,Technical support,05/07/2026,05/18/2026,52.10,Closed,Low
SR-001950,Fabrikam Digital 190,D010,Delivery enquiry,04/03/2026,04/12/2026,1083.80,Closed,Normal
SR-001951,Adventure Works Research 191,D045,Product return,06/13/2026,06/24/2026,1450.00,Closed,High
SR-001952,Northwind Logistics 192,D030,Product return,06/02/2026,06/18/2026,795.00,Closed,Normal
SR-001953,Contoso Analytics 193,D088,Warranty claim,01/18/2026,01/25/2026,575.70,Closed,Normal
SR-001954,Fabrikam Services 194,D070,Warranty claim,04/23/2026,05/16/2026,979.90,Closed,Low
SR-001955,Adventure Works Retail 195,D028,Warranty claim,02/09/2026,02/14/2026,1054.70,Closed,Low
SR-001956,Northwind Digitl 196,D108,Delivery enquiry,01/12/2026,,691.10,Open,Low
SR-001957,Contoso Research 197,D046,Product return,02/20/2026,03/16/2026,648.50,Closed,Low
SR-001958,Fabrikam Logistics 198,D037,Account access,05/05/2026,05/13/2026,275.50,Closed,Normal
SR-001959,Adventure Works Analytics 199,D090,Delivery enquiry,02/15/2026,02/22/2026,1241.50,Closed,High
SR-001960,Northwind Services 200,D112,Technical support,04/06/2026,04/16/2026,1200.40,Closed,High
SR-001961,Contoso Retial 201,D004,Account access,02/07/2026,02/28/2026,334.10,Closed,Low
SR-001962,Fabrikam Digital 202,D050,Account access,01/11/2026,01/25/2026,252.00,Closed,High
SR-001963,Adventure Works Research 203,D046,Account access,02/09/2026,02/18/2026,55.90,Closed,Normal
SR-001964,Northwind Logistics 204,D055,Delivery enquiry,05/26/2026,06/15/2026,221.70,Closed,Normal
SR-001965,Contoso Analytics 205,D055,Technical support,04/02/2026,04/20/2026,306.20,Closed,Normal
SR-001966,Fabrikam Srvcs 206,D112,Delivery enquiry,01/09/2026,01/29/2026,238.70,Closed,Low
SR-001967,Adventure Works Retail 207,D034,Delivery enquiry,02/02/2026,02/16/2026,301.70,Closed,High
SR-001968,Northwind Digital 208,D024,Technical support,01/26/2026,02/04/2026,1250.90,Closed,Low
SR-001969,Contoso Research 209,D031,Product return,04/16/2026,04/25/2026,357.00,Closed,Low
SR-001970,Fabrikam Logistics 210,D075,Account access,06/18/2026,06/27/2026,374.80,Closed,Normal
SR-001971,Adventure Works Analytcs 211,D005,Delivery enquiry,01/16/2026,01/29/2026,563.00,Closed,Low
SR-001972,Northwind Services 212,D032,Product return,04/04/2026,04/15/2026,1381.40,Closed,Normal
SR-001973,Unregistered Partner 33,D034,Technical support,01/04/2026,,1373.40,Open,Normal
SR-001974,Fabrikam Digital 214,D079,Product return,05/14/2026,05/28/2026,1446.40,Closed,Normal
SR-001975,Adventure Works Research 215,D065,Technical support,05/08/2026,05/10/2026,559.70,Closed,High
SR-001976,Northwind Logistics 216,D100,Warranty claim,03/11/2026,03/25/2026,1116.20,Closed,High
SR-001977,Contoso Analytics 217,D034,Delivery enquiry,04/24/2026,05/17/2026,19.80,Closed,High
SR-001978,Fabrikam Services 218,D073,Technical support,02/01/2026,02/24/2026,394.30,Closed,High
SR-001979,Adventure Works Retail 219,D029,Product return,01/02/2026,12/29/2025,60.20,Closed,Low
SR-001980,Northwind Digital 220,D041,Warranty claim,01/07/2026,01/11/2026,653.40,Closed,High
SR-001981,Oxford University,D022,Delivery enquiry,01/24/2026,02/06/2026,761.10,Closed,Low
SR-001982,University of Cambridge,D076,Account access,04/01/2026,04/04/2026,1435.60,Closed,Low
SR-001983,Imperial College London,D042,Account access,03/01/2026,03/25/2026,770.20,Closed,Low
SR-001984,Oxford University Press,D068,Delivery enquiry,01/11/2026,13/12/2026,42.60,Closed,Low
SR-001985,Contoso Oxford Trading,D083,Technical support,05/20/2026,06/06/2026,1437.40,Closed,High
SR-001986,Contoso Oxford Traders,D055,Account access,05/19/2026,06/12/2026,980.60,Closed,Normal
SR-001987,Fabrikam Retail Group,D072,Delivery enquiry,01/19/2026,02/10/2026,1428.80,Closed,Normal
SR-001988,Adventure Works UK,D061,Warranty claim,05/21/2026,06/01/2026,315.00,Closed,High
SR-001989,Contoso Retail 009,D051,Delivery enquiry,02/28/2026,03/02/2026,8.40,Closed,High
SR-001990,Fabrikam Digital 010,D104,Account access,04/10/2026,,1379.10,Open,Normal
SR-001991,Adventure Works Research 011,D037,Warranty claim,03/09/2026,03/19/2026,1205.90,Closed,High
SR-001992,Northwind Logistics 012,D024,Account access,02/17/2026,02/25/2026,147.40,Closed,Normal
SR-001993,Contoso Analytics 013,D083,Product return,04/22/2026,05/13/2026,877.70,Closed,High
SR-001994,Fabrikam Services 014,D028,Account access,01/17/2026,02/06/2026,749.50,Closed,High
SR-001995,Adventure Works Retail 015,D012,Account access,01/14/2026,01/21/2026,446.50,Closed,High
SR-001996,Northwind Digitl 016,D014,Product return,01/08/2026,01/29/2026,1249.60,Closed,Normal
SR-001997,Contoso Research 017,D048,Product return,06/02/2026,06/12/2026,654.60,Closed,High
SR-001998,Fabrikam Logistics 018,D048,Account access,04/08/2026,04/28/2026,644.30,Closed,High
SR-001999,Adventure Works Analytics 019,D075,Technical support,03/16/2026,03/20/2026,1499.70,Closed,High
SR-002000,Northwind Services 020,D096,Delivery enquiry,04/22/2026,05/08/2026,753.00,Closed,Low
SR-002001,Contoso Retial 021,D009,Technical support,06/21/2026,06/22/2026,541.20,Closed,Low
SR-002002,Unregistered Partner 22,D089,Technical support,03/15/2026,03/30/2026,816.70,Closed,Low
SR-002003,Adventure Works Research 023,D074,Product return,02/17/2026,02/24/2026,805.00,Closed,High
SR-002004,Northwind Logistics 024,D039,Delivery enquiry,03/04/2026,03/07/2026,932.80,Closed,Low
SR-002005,Contoso Analytics 025,D034,Account access,01/01/2026,01/10/2026,145.40,Closed,High
SR-002006,Fabrikam Srvcs 026,D112,Account access,05/11/2026,05/27/2026,477.40,Closed,High
SR-002007,Adventure Works Retail 027,D075,Product return,03/01/2026,,1265.10,Open,Low
SR-002008,Northwind Digital 028,D023,Account access,05/17/2026,06/08/2026,1416.40,Closed,Low
SR-002009,Contoso Research 029,D048,Account access,01/11/2026,01/28/2026,26.00,Closed,Normal
SR-002010,Fabrikam Logistics 030,D005,Delivery enquiry,05/09/2026,05/31/2026,282.80,Closed,Normal
SR-002011,Adventure Works Analytcs 031,D005,Account access,02/01/2026,02/13/2026,1215.30,Closed,Normal
SR-002012,Northwind Services 032,D017,Technical support,03/09/2026,03/12/2026,139.70,Closed,Low
SR-002013,Contoso Retail 033,D105,Technical support,02/08/2026,02/28/2026,70.70,Closed,Normal
SR-002014,Fabrikam Digital 034,D090,Warranty claim,06/13/2026,06/16/2026,1271.80,Closed,Normal
SR-002015,Adventure Works Research 035,D023,Delivery enquiry,03/07/2026,03/26/2026,573.90,Closed,High
SR-002016,Northwind Logistics 036,D059,Account access,06/24/2026,07/18/2026,1096.60,Closed,High
SR-002017,Contoso Analytics 037,D029,Account access,05/09/2026,05/27/2026,1113.30,Closed,Low
SR-002018,Fabrikam Services 038,D008,Warranty claim,03/18/2026,03/24/2026,559.00,Closed,Low
SR-002019,Adventure Works Retail 039,D034,Technical support,03/05/2026,03/20/2026,394.30,Closed,Low
SR-002020,Northwind Digital 040,D027,Technical support,04/26/2026,05/12/2026,952.40,Closed,Low
SR-002021,Contoso Research 041,D012,Account access,04/18/2026,05/12/2026,1000.70,Closed,Low
SR-002022,Fabrikam Logistics 042,D081,Product return,06/12/2026,06/11/2026,112.30,Closed,High
SR-002023,Adventure Works Analytics 043,D101,Warranty claim,02/28/2026,03/07/2026,1307.80,Closed,Low
SR-002024,Northwind Services 044,D095,Account access,04/11/2026,,797.20,Open,Low
SR-002025,Contoso Retail 045,D012,Delivery enquiry,04/08/2026,04/30/2026,396.70,Closed,Low
SR-002026,Fabrikam Digitl 046,D031,Technical support,02/24/2026,02/25/2026,503.60,Closed,High
SR-002027,Adventure Works Research 047,D047,Delivery enquiry,06/28/2026,07/20/2026,1486.80,Closed,Normal
SR-002028,Northwind Logistics 048,D078,Product return,04/15/2026,05/02/2026,1324.40,Closed,Low
SR-002029,Contoso Analytics 049,D088,Delivery enquiry,05/08/2026,05/29/2026,640.20,Closed,High
SR-002030,Fabrikam Services 050,D015,Account access,05/09/2026,05/15/2026,610.40,Closed,Low
SR-002031,Unregistered Partner 51,D073,Product return,05/28/2026,06/08/2026,236.20,Closed,Normal
SR-002032,Northwind Digital 052,D025,Product return,02/23/2026,03/16/2026,218.70,Closed,Low
SR-002033,Contoso Research 053,D089,Account access,03/09/2026,03/23/2026,374.60,Closed,High
SR-002034,Fabrikam Logistics 054,D060,Technical support,04/17/2026,05/07/2026,671.60,Closed,Normal
SR-002035,Adventure Works Analytics 055,D065,Delivery enquiry,04/12/2026,04/29/2026,186.00,Closed,Low
SR-002036,Northwind Srvcs 056,D092,Account access,03/03/2026,03/20/2026,700.90,Closed,Low
SR-002037,Contoso Retail 057,D109,Account access,02/14/2026,02/16/2026,1260.90,Closed,Normal
SR-002038,Fabrikam Digital 058,D007,Technical support,06/19/2026,06/26/2026,1010.00,Closed,Low
SR-002039,Adventure Works Research 059,D058,Product return,03/06/2026,03/30/2026,1338.40,Closed,Normal
SR-002040,Northwind Logistics 060,D104,Technical support,02/20/2026,02/27/2026,1188.60,Closed,Normal
SR-002041,Contoso Analytcs 061,D032,Product return,05/07/2026,,688.90,Open,Normal
SR-002042,Fabrikam Services 062,D039,Warranty claim,05/27/2026,06/13/2026,613.00,Closed,Low
SR-002043,Adventure Works Retail 063,D014,Technical support,01/11/2026,01/23/2026,282.30,Closed,High
SR-002044,Northwind Digital 064,D091,Delivery enquiry,05/12/2026,06/04/2026,788.10,Closed,Normal
SR-002045,Contoso Research 065,D058,Product return,03/13/2026,03/29/2026,1060.90,Closed,High
SR-002046,Fabrikam Logistics 066,D083,Account access,03/27/2026,04/05/2026,359.20,Closed,Normal
SR-002047,Adventure Works Analytics 067,D054,Account access,02/22/2026,03/13/2026,1356.60,Closed,Normal
SR-002048,Northwind Services 068,D099,Delivery enquiry,01/07/2026,01/10/2026,1072.70,Closed,Normal
SR-002049,Contoso Retail 069,D036,Account access,04/21/2026,05/02/2026,1444.10,Closed,Normal
SR-002050,Fabrikam Digital 070,D005,Delivery enquiry,06/22/2026,07/16/2026,1451.20,Closed,High
SR-002051,Adventure Works Research 071,D039,Account access,06/16/2026,07/07/2026,1041.40,Closed,Low
SR-002052,Northwind Logistics 072,D096,Account access,01/10/2026,01/20/2026,958.00,Closed,Normal
SR-002053,Contoso Analytics 073,D007,Product return,04/05/2026,04/16/2026,832.60,Closed,Low
SR-002054,Fabrikam Services 074,D059,Account access,01/06/2026,01/19/2026,1088.20,Closed,Normal
SR-002055,Adventure Works Retail 075,D016,Technical support,04/08/2026,04/28/2026,636.50,Closed,High
SR-002056,Northwind Digitl 076,D056,Technical support,03/12/2026,03/31/2026,449.80,Closed,Normal
SR-002057,Contoso Research 077,D060,Product return,04/01/2026,04/15/2026,215.60,Closed,Normal
SR-002058,Fabrikam Logistics 078,D028,Warranty claim,05/11/2026,,977.10,Open,Low
SR-002059,Adventure Works Analytics 079,D019,Technical support,02/02/2026,02/12/2026,1424.20,Closed,High
SR-002060,Unregistered Partner 80,D019,Account access,04/12/2026,04/14/2026,499.10,Closed,Normal
SR-002061,Contoso Retial 081,D024,Technical support,06/24/2026,07/15/2026,1010.70,Closed,Normal
SR-002062,Fabrikam Digital 082,D006,Technical support,06/09/2026,06/15/2026,1213.20,Closed,Normal
SR-002063,Adventure Works Research 083,D018,Warranty claim,02/25/2026,03/06/2026,203.90,Closed,Low
SR-002064,Northwind Logistics 084,D032,Technical support,04/21/2026,05/12/2026,63.90,Closed,Low
SR-002065,Contoso Analytics 085,D089,Product return,06/02/2026,06/01/2026,1470.60,Closed,High
SR-002066,Fabrikam Srvcs 086,D076,Account access,06/21/2026,06/29/2026,1166.00,Closed,High
SR-002067,Adventure Works Retail 087,D016,Delivery enquiry,03/10/2026,03/30/2026,1329.50,Closed,High
SR-002068,Northwind Digital 088,D097,Warranty claim,02/28/2026,03/23/2026,907.20,Closed,Normal
SR-002069,Contoso Research 089,D042,Delivery enquiry,04/04/2026,04/28/2026,596.00,Closed,High
SR-002070,Fabrikam Logistics 090,D084,Product return,06/25/2026,07/10/2026,329.90,Closed,Low
SR-002071,Adventure Works Analytcs 091,D096,Delivery enquiry,05/28/2026,06/16/2026,553.00,Closed,Normal
SR-002072,Northwind Services 092,D072,Delivery enquiry,02/17/2026,03/03/2026,286.80,Closed,High
SR-002073,Contoso Retail 093,D080,Product return,05/05/2026,05/11/2026,1393.00,Closed,High
SR-002074,Fabrikam Digital 094,D007,Technical support,05/26/2026,06/16/2026,778.00,Closed,Normal
SR-002075,Adventure Works Research 095,D048,Product return,04/17/2026,,587.60,Open,High
SR-002076,Northwind Logistics 096,D070,Delivery enquiry,01/17/2026,01/30/2026,1408.80,Closed,Normal
SR-002077,Contoso Analytics 097,D026,Product return,05/25/2026,06/01/2026,611.70,Closed,High
SR-002078,Fabrikam Services 098,D081,Product return,04/16/2026,04/30/2026,1192.00,Closed,Low
SR-002079,Adventure Works Retail 099,D086,Product return,04/09/2026,04/28/2026,149.60,Closed,Low
SR-002080,Northwind Digital 100,D076,Product return,06/03/2026,06/19/2026,45.70,Closed,High
SR-002081,Contoso Research 101,D091,Delivery enquiry,03/02/2026,03/16/2026,859.20,Closed,Normal
SR-002082,Fabrikam Logistics 102,D064,Product return,02/04/2026,02/28/2026,981.30,Closed,Low
SR-002083,Adventure Works Analytics 103,D030,Product return,03/03/2026,03/07/2026,1108.10,Closed,Normal
SR-002084,Northwind Services 104,D096,Product return,03/09/2026,03/20/2026,1456.90,Closed,High
SR-002085,Contoso Retail 105,D078,Warranty claim,05/28/2026,06/13/2026,275.20,Closed,Low
SR-002086,Fabrikam Digitl 106,D003,Warranty claim,03/19/2026,03/21/2026,451.30,Closed,Normal
SR-002087,Adventure Works Research 107,D083,Account access,01/19/2026,01/21/2026,393.40,Closed,Normal
SR-002088,Northwind Logistics 108,D039,Technical support,02/18/2026,02/28/2026,395.70,Closed,Normal
SR-002089,Unregistered Partner 19,D015,Account access,02/03/2026,02/04/2026,776.10,Closed,Normal
SR-002090,Fabrikam Services 110,D043,Account access,06/25/2026,07/11/2026,1433.40,Closed,Low
SR-002091,Adventure Works Retial 111,D005,Account access,01/10/2026,02/02/2026,1066.80,Closed,Normal
SR-002092,Northwind Digital 112,D036,Technical support,06/21/2026,,319.50,Open,Low
SR-002093,Contoso Research 113,D036,Product return,06/27/2026,07/15/2026,503.20,Closed,Low
SR-002094,Fabrikam Logistics 114,D025,Product return,03/17/2026,03/28/2026,76.20,Closed,High
SR-002095,Adventure Works Analytics 115,D077,Account access,05/04/2026,05/18/2026,760.80,Closed,High
SR-002096,Northwind Srvcs 116,D061,Product return,03/07/2026,03/20/2026,607.80,Closed,Low
SR-002097,Contoso Retail 117,D069,Delivery enquiry,02/20/2026,02/23/2026,449.30,Closed,High
SR-002098,Fabrikam Digital 118,D070,Delivery enquiry,04/20/2026,05/01/2026,155.80,Closed,Low
SR-002099,Adventure Works Research 119,D013,Technical support,02/07/2026,02/14/2026,1304.40,Closed,Normal
SR-002100,Northwind Logistics 120,D030,Product return,03/09/2026,03/13/2026,1027.00,Closed,Low
SR-002101,Contoso Analytcs 121,D103,Technical support,04/19/2026,04/25/2026,484.70,Closed,Low
SR-002102,Fabrikam Services 122,D107,Warranty claim,05/26/2026,06/02/2026,1346.50,Closed,High
SR-002103,Adventure Works Retail 123,D034,Account access,03/17/2026,04/10/2026,221.10,Closed,Low
SR-002104,Northwind Digital 124,D106,Technical support,06/23/2026,07/16/2026,1343.60,Closed,Low
SR-002105,Contoso Research 125,D032,Warranty claim,06/13/2026,07/04/2026,81.40,Closed,Low
SR-002106,Fabrikam Logistics 126,D002,Account access,02/28/2026,03/05/2026,802.70,Closed,Normal
SR-002107,Adventure Works Analytics 127,D050,Technical support,04/01/2026,04/22/2026,650.50,Closed,High
SR-002108,Northwind Services 128,D073,Warranty claim,05/21/2026,05/19/2026,182.40,Closed,Normal
SR-002109,Contoso Retail 129,D078,Product return,01/13/2026,,259.90,Open,High
SR-002110,Fabrikam Digital 130,D095,Technical support,05/12/2026,05/14/2026,934.60,Closed,Normal
SR-002111,Adventure Works Research 131,D087,Delivery enquiry,03/01/2026,03/05/2026,259.50,Closed,High
SR-002112,Northwind Logistics 132,D021,Product return,04/23/2026,05/05/2026,635.70,Closed,High
SR-002113,Contoso Analytics 133,D080,Warranty claim,01/16/2026,01/19/2026,49.20,Closed,Normal
SR-002114,Fabrikam Services 134,D028,Product return,03/03/2026,03/09/2026,919.20,Closed,High
SR-002115,Adventure Works Retail 135,D005,Account access,06/22/2026,07/13/2026,1365.90,Closed,High
SR-002116,Northwind Digitl 136,D031,Product return,02/13/2026,02/17/2026,31.40,Closed,High
SR-002117,Contoso Research 137,D030,Account access,05/19/2026,06/03/2026,1389.80,Closed,High
SR-002118,Unregistered Partner 48,D104,Technical support,04/25/2026,05/03/2026,1027.70,Closed,Normal
SR-002119,Adventure Works Analytics 139,D093,Product return,04/19/2026,04/25/2026,787.70,Closed,Normal
SR-002120,Northwind Services 140,D069,Delivery enquiry,05/22/2026,06/04/2026,496.80,Closed,Normal
SR-002121,Contoso Retial 141,D016,Warranty claim,06/25/2026,07/04/2026,271.60,Closed,Low
SR-002122,Fabrikam Digital 142,D084,Technical support,02/09/2026,02/20/2026,301.30,Closed,Normal
SR-002123,Adventure Works Research 143,D021,Delivery enquiry,04/22/2026,05/03/2026,1303.30,Closed,High
SR-002124,Northwind Logistics 144,D014,Warranty claim,01/23/2026,02/02/2026,899.30,Closed,High
SR-002125,Contoso Analytics 145,D096,Warranty claim,03/22/2026,03/30/2026,815.10,Closed,Low
SR-002126,Fabrikam Srvcs 146,D052,Technical support,05/23/2026,,767.30,Open,High
SR-002127,Adventure Works Retail 147,D112,Account access,02/18/2026,03/14/2026,217.10,Closed,High
SR-002128,Northwind Digital 148,D067,Account access,05/22/2026,06/09/2026,867.60,Closed,Normal
SR-002129,Contoso Research 149,D016,Delivery enquiry,04/02/2026,04/06/2026,585.70,Closed,High
SR-002130,Fabrikam Logistics 150,D041,Delivery enquiry,06/20/2026,07/04/2026,556.80,Closed,High
SR-002131,Adventure Works Analytcs 151,D010,Technical support,03/17/2026,03/28/2026,479.80,Closed,Low
SR-002132,Northwind Services 152,D027,Delivery enquiry,04/03/2026,04/21/2026,866.90,Closed,Normal
SR-002133,Contoso Retail 153,D026,Product return,01/02/2026,01/14/2026,1115.00,Closed,High
SR-002134,Fabrikam Digital 154,D020,Technical support,01/07/2026,01/23/2026,481.70,Closed,High
SR-002135,Adventure Works Research 155,D069,Delivery enquiry,03/07/2026,03/14/2026,679.10,Closed,Normal
SR-002136,Northwind Logistics 156,D027,Delivery enquiry,03/23/2026,04/05/2026,505.70,Closed,Normal
SR-002137,Contoso Analytics 157,D041,Product return,04/05/2026,04/29/2026,642.90,Closed,Normal
SR-002138,Fabrikam Services 158,D010,Warranty claim,05/13/2026,05/16/2026,1349.20,Closed,High
SR-002139,Adventure Works Retail 159,D069,Delivery enquiry,01/13/2026,01/19/2026,430.20,Closed,Normal
SR-002140,Northwind Digital 160,D054,Delivery enquiry,06/02/2026,06/24/2026,857.10,Closed,Normal
SR-002141,Contoso Research 161,D005,Delivery enquiry,05/13/2026,05/14/2026,707.20,Closed,Normal
SR-002142,Fabrikam Logistics 162,D001,Account access,06/23/2026,07/15/2026,40.90,Closed,Normal
SR-002143,Adventure Works Analytics 163,D064,Technical support,02/18/2026,,902.00,Open,Low
SR-002144,Northwind Services 164,D073,Warranty claim,03/11/2026,03/15/2026,656.30,Closed,High
SR-002145,Contoso Retail 165,D046,Technical support,06/26/2026,06/28/2026,701.20,Closed,Normal
SR-002146,Fabrikam Digitl 166,D088,Product return,03/04/2026,03/23/2026,1187.30,Closed,High
SR-002147,Unregistered Partner 77,D090,Warranty claim,05/14/2026,06/06/2026,248.40,Closed,Low
SR-002148,Northwind Logistics 168,D026,Delivery enquiry,06/03/2026,06/24/2026,432.10,Closed,Low
SR-002149,Contoso Analytics 169,D061,Technical support,05/22/2026,06/05/2026,999.10,Closed,Low
SR-002150,Fabrikam Services 170,D101,Account access,01/23/2026,02/06/2026,1463.50,Closed,High
SR-002151,Adventure Works Retial 171,D007,Account access,06/28/2026,06/25/2026,114.70,Closed,High
SR-002152,Northwind Digital 172,D038,Account access,03/01/2026,03/23/2026,1005.90,Closed,Normal
SR-002153,Contoso Research 173,D103,Product return,01/06/2026,01/17/2026,228.00,Closed,High
SR-002154,Fabrikam Logistics 174,D024,Technical support,02/19/2026,03/06/2026,227.20,Closed,Low
SR-002155,Adventure Works Analytics 175,D100,Account access,01/16/2026,02/01/2026,25.20,Closed,Normal
SR-002156,Northwind Srvcs 176,D057,Warranty claim,01/16/2026,01/27/2026,1093.40,Closed,Low
SR-002157,Contoso Retail 177,D110,Delivery enquiry,03/01/2026,03/21/2026,1030.70,Closed,Low
SR-002158,Fabrikam Digital 178,D012,Warranty claim,06/01/2026,06/06/2026,1029.90,Closed,Normal
SR-002159,Adventure Works Research 179,D037,Product return,02/12/2026,02/14/2026,1020.70,Closed,Low
SR-002160,Northwind Logistics 180,D090,Account access,06/08/2026,,206.70,Open,High
SR-002161,Contoso Analytcs 181,D034,Account access,03/01/2026,03/17/2026,394.50,Closed,High
SR-002162,Fabrikam Services 182,D011,Product return,03/16/2026,03/29/2026,497.60,Closed,Low
SR-002163,Adventure Works Retail 183,D079,Delivery enquiry,01/17/2026,02/07/2026,815.00,Closed,Low
SR-002164,Northwind Digital 184,D046,Warranty claim,03/21/2026,04/04/2026,1333.50,Closed,Normal
SR-002165,Contoso Research 185,D004,Delivery enquiry,06/18/2026,07/08/2026,281.90,Closed,High
SR-002166,Fabrikam Logistics 186,D044,Product return,01/21/2026,01/28/2026,280.10,Closed,Normal
SR-002167,Adventure Works Analytics 187,D079,Account access,02/17/2026,02/26/2026,1268.20,Closed,Normal
SR-002168,Northwind Services 188,D096,Delivery enquiry,06/21/2026,07/15/2026,1210.70,Closed,Low
SR-002169,Contoso Retail 189,D059,Account access,06/15/2026,07/09/2026,1133.90,Closed,Normal
SR-002170,Fabrikam Digital 190,D101,Delivery enquiry,01/21/2026,01/28/2026,1253.80,Closed,High
SR-002171,Adventure Works Research 191,D102,Account access,01/02/2026,01/19/2026,455.70,Closed,Low
SR-002172,Northwind Logistics 192,D081,Delivery enquiry,03/11/2026,03/29/2026,136.00,Closed,Low
SR-002173,Contoso Analytics 193,D034,Technical support,05/01/2026,05/09/2026,208.40,Closed,High
SR-002174,Fabrikam Services 194,D060,Warranty claim,04/19/2026,05/13/2026,376.80,Closed,High
SR-002175,Adventure Works Retail 195,D070,Warranty claim,03/26/2026,04/15/2026,214.30,Closed,Normal
SR-002176,Unregistered Partner 16,D029,Account access,02/22/2026,03/16/2026,558.70,Closed,Normal
SR-002177,Contoso Research 197,D046,Technical support,06/09/2026,,1284.70,Open,Normal
SR-002178,Fabrikam Logistics 198,D018,Technical support,01/02/2026,01/12/2026,1454.10,Closed,Normal
SR-002179,Adventure Works Analytics 199,D047,Delivery enquiry,02/08/2026,02/22/2026,1203.70,Closed,Normal
SR-002180,Northwind Services 200,D087,Delivery enquiry,06/14/2026,06/21/2026,353.30,Closed,High
SR-002181,Contoso Retial 201,D047,Warranty claim,06/20/2026,07/07/2026,117.30,Closed,Low
SR-002182,Fabrikam Digital 202,D019,Technical support,06/01/2026,06/10/2026,1015.60,Closed,Normal
SR-002183,Adventure Works Research 203,D065,Technical support,03/14/2026,03/15/2026,285.60,Closed,Normal
SR-002184,Northwind Logistics 204,D068,Product return,03/21/2026,04/09/2026,1018.70,Closed,Low
SR-002185,Contoso Analytics 205,D003,Delivery enquiry,01/11/2026,01/14/2026,1295.90,Closed,Low
SR-002186,Fabrikam Srvcs 206,D088,Account access,06/25/2026,06/28/2026,1120.00,Closed,Low
SR-002187,Adventure Works Retail 207,D074,Warranty claim,03/07/2026,03/18/2026,658.00,Closed,Low
SR-002188,Northwind Digital 208,D040,Account access,04/11/2026,04/17/2026,887.00,Closed,Low
SR-002189,Contoso Research 209,D013,Technical support,04/26/2026,05/03/2026,345.30,Closed,High
SR-002190,Fabrikam Logistics 210,D086,Technical support,03/06/2026,03/08/2026,909.80,Closed,Normal
SR-002191,Adventure Works Analytcs 211,D075,Account access,04/25/2026,05/16/2026,131.80,Closed,Normal
SR-002192,Northwind Services 212,D096,Delivery enquiry,04/05/2026,04/09/2026,297.50,Closed,High
SR-002193,Contoso Retail 213,D084,Delivery enquiry,06/04/2026,06/09/2026,1404.90,Closed,High
SR-002194,Fabrikam Digital 214,D027,Technical support,02/02/2026,,461.00,Open,High
SR-002195,Adventure Works Research 215,D028,Warranty claim,04/20/2026,05/13/2026,891.70,Closed,Low
SR-002196,Northwind Logistics 216,D107,Warranty claim,05/22/2026,05/31/2026,360.80,Closed,Low
SR-002197,Contoso Analytics 217,D026,Account access,02/22/2026,03/07/2026,1415.50,Closed,Normal
SR-002198,Fabrikam Services 218,D077,Product return,04/03/2026,04/19/2026,1040.70,Closed,Low
SR-002199,Adventure Works Retail 219,D006,Technical support,05/23/2026,05/28/2026,1019.90,Closed,Normal
SR-002200,Northwind Digital 220,D072,Product return,04/10/2026,04/15/2026,1280.00,Closed,Low
SR-002201,Oxford University,D092,Technical support,03/11/2026,04/03/2026,814.50,Closed,Normal
SR-002202,University of Cambridge,D006,Technical support,04/09/2026,04/29/2026,977.60,Closed,Low
SR-002203,Imperial College London,D043,Technical support,01/07/2026,01/29/2026,1406.50,Closed,Low
SR-002204,Oxford University Press,D055,Technical support,05/07/2026,05/23/2026,45.00,Closed,Low
SR-002205,Unregistered Partner 05,D075,Technical support,05/08/2026,05/30/2026,1088.60,Closed,Low
SR-002206,Contoso Oxford Traders,D002,Product return,06/12/2026,07/04/2026,468.50,Closed,Low
SR-002207,Fabrikam Retail Group,D059,Warranty claim,03/08/2026,03/29/2026,1209.20,Closed,Normal
SR-002208,Adventure Works UK,D053,Technical support,02/19/2026,02/24/2026,56.60,Closed,High
SR-002209,Contoso Retail 009,D005,Delivery enquiry,04/21/2026,05/14/2026,817.80,Closed,Low
SR-002210,Fabrikam Digital 010,D057,Technical support,03/19/2026,04/09/2026,1161.80,Closed,High
SR-002211,Adventure Works Research 011,D099,Account access,02/01/2026,,409.80,Open,High
SR-002212,Northwind Logistics 012,D055,Account access,06/16/2026,06/19/2026,824.50,Closed,Normal
SR-002213,Contoso Analytics 013,D076,Delivery enquiry,02/04/2026,02/19/2026,1213.40,Closed,High
SR-002214,Fabrikam Services 014,D100,Delivery enquiry,05/12/2026,05/15/2026,288.20,Closed,Low
SR-002215,Adventure Works Retail 015,D023,Technical support,01/05/2026,01/07/2026,156.60,Closed,Low
SR-002216,Northwind Digitl 016,D046,Delivery enquiry,06/20/2026,07/08/2026,200.20,Closed,Low
SR-002217,Contoso Research 017,D009,Technical support,04/21/2026,04/30/2026,321.20,Closed,Low
SR-002218,Fabrikam Logistics 018,D015,Warranty claim,04/10/2026,04/17/2026,790.10,Closed,Low
SR-002219,Adventure Works Analytics 019,D015,Product return,04/16/2026,04/25/2026,833.10,Closed,High
SR-002220,Northwind Services 020,D001,Account access,02/07/2026,02/11/2026,1326.60,Closed,Low
SR-002221,Contoso Retial 021,D071,Technical support,01/07/2026,01/20/2026,505.50,Closed,Low
SR-002222,Fabrikam Digital 022,D091,Delivery enquiry,03/15/2026,03/24/2026,176.80,Closed,Normal
SR-002223,Adventure Works Research 023,D084,Warranty claim,03/02/2026,03/05/2026,1328.70,Closed,Low
SR-002224,Northwind Logistics 024,D105,Delivery enquiry,02/12/2026,02/13/2026,51.00,Closed,Low
SR-002225,Contoso Analytics 025,D098,Account access,02/10/2026,02/12/2026,728.30,Closed,Normal
SR-002226,Fabrikam Srvcs 026,D109,Warranty claim,01/11/2026,01/26/2026,1380.20,Closed,Normal
SR-002227,Adventure Works Retail 027,D039,Product return,06/22/2026,07/01/2026,292.30,Closed,Low
SR-002228,Northwind Digital 028,D059,Technical support,05/28/2026,,279.10,Open,Low
SR-002229,Contoso Research 029,D035,Warranty claim,04/07/2026,04/12/2026,174.50,Closed,High
SR-002230,Fabrikam Logistics 030,D065,Technical support,03/28/2026,04/02/2026,954.00,Closed,Low
SR-002231,Adventure Works Analytcs 031,D063,Delivery enquiry,05/20/2026,05/21/2026,1144.20,Closed,Low
SR-002232,Northwind Services 032,D058,Warranty claim,01/27/2026,02/01/2026,130.90,Closed,Low
SR-002233,Contoso Retail 033,D028,Delivery enquiry,03/13/2026,03/22/2026,264.90,Closed,Low
SR-002234,Unregistered Partner 34,D016,Account access,02/11/2026,02/17/2026,732.90,Closed,Low
SR-002235,Adventure Works Research 035,D042,Delivery enquiry,02/12/2026,03/01/2026,990.60,Closed,Normal
SR-002236,Northwind Logistics 036,D035,Technical support,06/19/2026,06/20/2026,960.90,Closed,Low
SR-002237,Contoso Analytics 037,D059,Product return,01/03/2026,12/30/2025,1285.20,Closed,Normal
SR-002238,Fabrikam Services 038,D029,Product return,05/11/2026,06/03/2026,312.10,Closed,Low
SR-002239,Adventure Works Retail 039,D074,Delivery enquiry,04/13/2026,05/02/2026,1168.60,Closed,Low
SR-002240,Northwind Digital 040,D027,Warranty claim,05/04/2026,05/26/2026,908.90,Closed,Low
SR-002241,Contoso Research 041,D055,Technical support,01/25/2026,02/07/2026,416.20,Closed,High
SR-002242,Fabrikam Logistics 042,D037,Delivery enquiry,02/02/2026,02/03/2026,885.10,Closed,Normal
SR-002243,Adventure Works Analytics 043,D093,Account access,01/19/2026,02/08/2026,214.40,Closed,Normal
SR-002244,Northwind Services 044,D002,Technical support,01/19/2026,01/24/2026,760.90,Closed,Low
SR-002245,Contoso Retail 045,D040,Technical support,02/15/2026,,1418.70,Open,Low
SR-002246,Fabrikam Digitl 046,D012,Technical support,02/25/2026,03/18/2026,223.10,Closed,Low
SR-002247,Adventure Works Research 047,D105,Warranty claim,03/25/2026,03/27/2026,1040.00,Closed,High
SR-002248,Northwind Logistics 048,D025,Warranty claim,06/08/2026,07/01/2026,764.50,Closed,Low
SR-002249,Contoso Analytics 049,D110,Warranty claim,03/28/2026,04/20/2026,175.40,Closed,Normal
SR-002250,Fabrikam Services 050,D017,Product return,06/01/2026,06/09/2026,1419.90,Closed,Normal
SR-002251,Adventure Works Retial 051,D011,Warranty claim,06/06/2026,06/18/2026,328.70,Closed,High
SR-002252,Northwind Digital 052,D040,Warranty claim,02/16/2026,02/26/2026,1106.70,Closed,Low
SR-002253,Contoso Research 053,D033,Technical support,04/28/2026,05/02/2026,1096.00,Closed,High
SR-002254,Fabrikam Logistics 054,D077,Product return,03/01/2026,03/16/2026,344.30,Closed,High
SR-002255,Adventure Works Analytics 055,D107,Account access,03/17/2026,03/28/2026,849.40,Closed,Low
SR-002256,Northwind Srvcs 056,D062,Warranty claim,01/07/2026,01/21/2026,1169.70,Closed,High
SR-002257,Contoso Retail 057,D074,Product return,05/28/2026,06/15/2026,622.00,Closed,High
SR-002258,Fabrikam Digital 058,D086,Technical support,05/13/2026,05/23/2026,309.10,Closed,High
SR-002259,Adventure Works Research 059,D098,Delivery enquiry,02/20/2026,03/04/2026,1213.30,Closed,Normal
SR-002260,Northwind Logistics 060,D065,Product return,03/17/2026,03/24/2026,244.50,Closed,Low
SR-002261,Contoso Analytcs 061,D055,Technical support,02/23/2026,02/28/2026,698.90,Closed,High
SR-002262,Fabrikam Services 062,D051,Technical support,01/03/2026,,1438.90,Open,High
SR-002263,Unregistered Partner 63,D024,Product return,04/14/2026,05/03/2026,897.40,Closed,High
SR-002264,Northwind Digital 064,D027,Warranty claim,05/05/2026,05/26/2026,1102.50,Closed,Normal
SR-002265,Contoso Research 065,D084,Technical support,04/26/2026,05/08/2026,1348.00,Closed,Normal
SR-002266,Fabrikam Logistics 066,D075,Delivery enquiry,05/18/2026,05/29/2026,1438.60,Closed,Normal
SR-002267,Adventure Works Analytics 067,D070,Warranty claim,01/07/2026,01/23/2026,1210.00,Closed,Low
SR-002268,Northwind Services 068,D044,Delivery enquiry,01/11/2026,01/28/2026,302.50,Closed,Low
SR-002269,Contoso Retail 069,D048,Warranty claim,05/08/2026,05/21/2026,1096.70,Closed,High
SR-002270,Fabrikam Digital 070,D067,Product return,01/04/2026,01/25/2026,348.00,Closed,Low
SR-002271,Adventure Works Research 071,D025,Warranty claim,03/17/2026,04/10/2026,1087.00,Closed,High
SR-002272,Northwind Logistics 072,D061,Warranty claim,06/20/2026,07/01/2026,1281.30,Closed,High
SR-002273,Contoso Analytics 073,D037,Delivery enquiry,01/14/2026,01/29/2026,1282.30,Closed,High
SR-002274,Fabrikam Services 074,D072,Technical support,02/11/2026,02/18/2026,937.90,Closed,Low
SR-002275,Adventure Works Retail 075,D003,Account access,05/18/2026,06/04/2026,623.70,Closed,Low
SR-002276,Northwind Digitl 076,D107,Technical support,02/07/2026,02/11/2026,576.90,Closed,High
SR-002277,Contoso Research 077,D082,Warranty claim,04/07/2026,04/10/2026,537.80,Closed,Low
SR-002278,Fabrikam Logistics 078,D046,Technical support,01/07/2026,01/24/2026,1313.10,Closed,Low
SR-002279,Adventure Works Analytics 079,D046,Product return,03/26/2026,,927.10,Open,Normal
SR-002280,Northwind Services 080,D021,Warranty claim,04/02/2026,04/01/2026,1019.50,Closed,Low
SR-002281,Contoso Retial 081,D030,Technical support,04/27/2026,05/09/2026,156.30,Closed,High
SR-002282,Fabrikam Digital 082,D100,Delivery enquiry,02/21/2026,03/14/2026,191.60,Closed,Low
SR-002283,Adventure Works Research 083,D104,Delivery enquiry,04/16/2026,04/19/2026,1384.00,Closed,Low
SR-002284,Northwind Logistics 084,D001,Product return,04/08/2026,04/17/2026,406.90,Closed,High
SR-002285,Contoso Analytics 085,D109,Account access,04/07/2026,04/21/2026,290.50,Closed,High
SR-002286,Fabrikam Srvcs 086,D035,Product return,04/22/2026,05/14/2026,1098.80,Closed,Normal
SR-002287,Adventure Works Retail 087,D044,Warranty claim,03/08/2026,03/26/2026,413.50,Closed,High
SR-002288,Northwind Digital 088,D051,Product return,02/25/2026,03/02/2026,516.50,Closed,High
SR-002289,Contoso Research 089,D057,Warranty claim,03/01/2026,03/22/2026,672.60,Closed,Normal
SR-002290,Fabrikam Logistics 090,D010,Technical support,02/07/2026,02/11/2026,990.10,Closed,Low
SR-002291,Adventure Works Analytcs 091,D090,Warranty claim,01/22/2026,02/06/2026,673.10,Closed,High
SR-002292,Unregistered Partner 02,D055,Product return,06/23/2026,07/12/2026,1347.50,Closed,High
SR-002293,Contoso Retail 093,D043,Warranty claim,04/24/2026,05/16/2026,1212.50,Closed,Low
SR-002294,Fabrikam Digital 094,D012,Warranty claim,02/27/2026,03/20/2026,1252.90,Closed,Low
SR-002295,Adventure Works Research 095,D078,Delivery enquiry,05/18/2026,06/09/2026,257.30,Closed,Low
SR-002296,Northwind Logistics 096,D022,Delivery enquiry,04/14/2026,,1107.20,Open,Normal
SR-002297,Contoso Analytics 097,D039,Warranty claim,03/03/2026,03/23/2026,1136.30,Closed,High
SR-002298,Fabrikam Services 098,D101,Delivery enquiry,01/03/2026,01/05/2026,1336.90,Closed,Normal
SR-002299,Adventure Works Retail 099,D040,Delivery enquiry,05/21/2026,06/04/2026,1484.50,Closed,Normal
SR-002300,Northwind Digital 100,D080,Warranty claim,03/06/2026,03/29/2026,187.50,Closed,Low
SR-002301,Contoso Research 101,D029,Delivery enquiry,02/02/2026,02/04/2026,1438.40,Closed,Low
SR-002302,Fabrikam Logistics 102,D101,Account access,06/16/2026,06/18/2026,635.90,Closed,Normal
SR-002303,Adventure Works Analytics 103,D019,Product return,06/15/2026,06/26/2026,1124.70,Closed,Normal
SR-002304,Northwind Services 104,D060,Account access,01/15/2026,01/28/2026,1449.70,Closed,Normal
SR-002305,Contoso Retail 105,D108,Product return,03/07/2026,03/31/2026,1216.30,Closed,Low
SR-002306,Fabrikam Digitl 106,D027,Technical support,05/16/2026,06/09/2026,615.20,Closed,Low
SR-002307,Adventure Works Research 107,D019,Delivery enquiry,05/19/2026,06/01/2026,971.80,Closed,High
SR-002308,Northwind Logistics 108,D064,Delivery enquiry,01/24/2026,02/17/2026,115.60,Closed,Normal
SR-002309,Contoso Analytics 109,D097,Technical support,02/30/2026,05/25/2026,1499.30,Closed,Low
SR-002310,Fabrikam Services 110,D035,Account access,05/26/2026,06/19/2026,254.60,Closed,Normal
SR-002311,Adventure Works Retial 111,D053,Product return,04/26/2026,05/17/2026,821.00,Closed,Low
SR-002312,Northwind Digital 112,D108,Delivery enquiry,05/19/2026,05/21/2026,1285.90,Closed,Normal
SR-002313,Contoso Research 113,D082,Delivery enquiry,04/08/2026,,697.50,Open,Low
SR-002314,Fabrikam Logistics 114,D067,Delivery enquiry,06/18/2026,07/04/2026,820.70,Closed,Low
SR-002315,Adventure Works Analytics 115,D046,Technical support,03/08/2026,03/30/2026,292.50,Closed,Normal
SR-002316,Northwind Srvcs 116,D091,Delivery enquiry,02/05/2026,02/25/2026,920.30,Closed,Normal
SR-002317,Contoso Retail 117,D022,Technical support,03/27/2026,03/31/2026,320.30,Closed,Normal
SR-002318,Fabrikam Digital 118,D081,Account access,02/19/2026,02/28/2026,1200.10,Closed,Low
SR-002319,Adventure Works Research 119,D038,Technical support,04/15/2026,04/16/2026,1244.30,Closed,High
SR-002320,Northwind Logistics 120,D109,Product return,01/24/2026,02/16/2026,64.10,Closed,Low
SR-002321,Unregistered Partner 31,D006,Product return,05/22/2026,05/25/2026,1114.00,Closed,High
SR-002322,Fabrikam Services 122,D009,Delivery enquiry,03/28/2026,04/16/2026,94.80,Closed,High
SR-002323,Adventure Works Retail 123,D013,Account access,05/01/2026,04/29/2026,975.40,Closed,Low
SR-002324,Northwind Digital 124,D058,Delivery enquiry,04/20/2026,05/06/2026,1123.60,Closed,High
SR-002325,Contoso Research 125,D105,Product return,03/09/2026,03/25/2026,287.00,Closed,Normal
SR-002326,Fabrikam Logistics 126,D028,Account access,05/19/2026,05/29/2026,1026.40,Closed,Normal
SR-002327,Adventure Works Analytics 127,D079,Product return,03/04/2026,03/05/2026,48.10,Closed,High
SR-002328,Northwind Services 128,D026,Account access,04/13/2026,04/15/2026,300.10,Closed,High
SR-002329,Contoso Retail 129,D022,Product return,04/26/2026,05/14/2026,393.50,Closed,Low
SR-002330,Fabrikam Digital 130,D039,Product return,03/17/2026,,821.90,Open,Low
SR-002331,Adventure Works Research 131,D060,Warranty claim,06/14/2026,07/02/2026,1174.10,Closed,Normal
SR-002332,Northwind Logistics 132,D001,Delivery enquiry,05/10/2026,05/15/2026,82.50,Closed,Low
SR-002333,Contoso Analytics 133,D109,Account access,04/06/2026,04/10/2026,738.80,Closed,Low
SR-002334,Fabrikam Services 134,D054,Account access,03/01/2026,03/04/2026,693.00,Closed,Low
SR-002335,Adventure Works Retail 135,D110,Product return,06/11/2026,07/05/2026,494.00,Closed,Low
SR-002336,Northwind Digitl 136,D073,Technical support,02/08/2026,02/22/2026,868.20,Closed,High
SR-002337,Contoso Research 137,D069,Technical support,03/12/2026,04/02/2026,454.60,Closed,Low
SR-002338,Fabrikam Logistics 138,D028,Account access,05/12/2026,06/05/2026,1094.50,Closed,Low
SR-002339,Adventure Works Analytics 139,D099,Warranty claim,05/17/2026,06/02/2026,210.30,Closed,High
SR-002340,Northwind Services 140,D014,Delivery enquiry,06/25/2026,07/18/2026,295.80,Closed,High
SR-002341,Contoso Retial 141,D088,Account access,05/25/2026,06/15/2026,97.60,Closed,Low
SR-002342,Fabrikam Digital 142,D013,Account access,06/10/2026,07/02/2026,329.20,Closed,High
SR-002343,Adventure Works Research 143,D080,Account access,05/01/2026,05/18/2026,611.60,Closed,High
SR-002344,Northwind Logistics 144,D026,Delivery enquiry,06/01/2026,06/18/2026,696.20,Closed,Normal
SR-002345,Contoso Analytics 145,D100,Technical support,02/09/2026,02/27/2026,1002.50,Closed,Low
SR-002346,Fabrikam Srvcs 146,D059,Warranty claim,05/26/2026,05/29/2026,414.50,Closed,Low
SR-002347,Adventure Works Retail 147,D108,Technical support,02/18/2026,,1137.70,Open,Normal
SR-002348,Northwind Digital 148,D018,Product return,02/23/2026,02/25/2026,801.10,Closed,High
SR-002349,Contoso Research 149,D029,Technical support,01/23/2026,02/10/2026,1425.10,Closed,High
SR-002350,Unregistered Partner 60,D079,Warranty claim,05/22/2026,06/15/2026,481.30,Closed,Normal
SR-002351,Adventure Works Analytcs 151,D019,Delivery enquiry,03/26/2026,04/16/2026,296.30,Closed,Low
SR-002352,Northwind Services 152,D021,Warranty claim,01/13/2026,01/14/2026,965.10,Closed,Low
SR-002353,Contoso Retail 153,D038,Warranty claim,04/02/2026,04/23/2026,695.40,Closed,Low
SR-002354,Fabrikam Digital 154,D045,Technical support,03/17/2026,03/24/2026,1109.60,Closed,Low
SR-002355,Adventure Works Research 155,D104,Technical support,01/12/2026,02/05/2026,841.80,Closed,Low
SR-002356,Northwind Logistics 156,D003,Account access,06/18/2026,07/11/2026,781.90,Closed,Normal
SR-002357,Contoso Analytics 157,D029,Delivery enquiry,01/13/2026,02/02/2026,615.40,Closed,High
SR-002358,Fabrikam Services 158,D040,Technical support,02/18/2026,03/05/2026,809.20,Closed,High
SR-002359,Adventure Works Retail 159,D086,Warranty claim,05/28/2026,06/12/2026,1412.50,Closed,High
SR-002360,Northwind Digital 160,D042,Technical support,06/21/2026,07/08/2026,960.90,Closed,Normal
SR-002361,Contoso Research 161,D011,Account access,05/19/2026,05/31/2026,370.70,Closed,Normal
SR-002362,Fabrikam Logistics 162,D104,Delivery enquiry,04/27/2026,05/19/2026,1033.70,Closed,High
SR-002363,Adventure Works Analytics 163,D016,Warranty claim,01/04/2026,01/27/2026,228.80,Closed,Normal
SR-002364,Northwind Services 164,D021,Warranty claim,05/28/2026,,1495.90,Open,Normal
SR-002365,Contoso Retail 165,D089,Product return,01/28/2026,02/14/2026,756.40,Closed,Low
SR-002366,Fabrikam Digitl 166,D074,Warranty claim,01/13/2026,01/12/2026,125.30,Closed,High
SR-002367,Adventure Works Research 167,D055,Account access,01/27/2026,02/07/2026,1039.40,Closed,Low
SR-002368,Northwind Logistics 168,D039,Warranty claim,01/26/2026,02/17/2026,1112.10,Closed,Normal
SR-002369,Contoso Analytics 169,D082,Account access,04/12/2026,04/24/2026,48.30,Closed,Normal
SR-002370,Fabrikam Services 170,D039,Delivery enquiry,06/23/2026,07/03/2026,338.10,Closed,Low
SR-002371,Adventure Works Retial 171,D061,Account access,03/05/2026,03/14/2026,263.90,Closed,Normal
SR-002372,Northwind Digital 172,D003,Account access,06/09/2026,06/27/2026,1286.00,Closed,Low
SR-002373,Contoso Research 173,D073,Product return,04/13/2026,05/07/2026,1347.90,Closed,High
SR-002374,Fabrikam Logistics 174,D067,Account access,01/21/2026,02/04/2026,1041.50,Closed,High
SR-002375,Adventure Works Analytics 175,D031,Delivery enquiry,05/27/2026,06/05/2026,618.20,Closed,Normal
SR-002376,Northwind Srvcs 176,D060,Account access,01/20/2026,02/09/2026,1100.30,Closed,High
SR-002377,Contoso Retail 177,D104,Product return,01/08/2026,01/13/2026,1407.60,Closed,High
SR-002378,Fabrikam Digital 178,D022,Product return,01/15/2026,02/02/2026,745.60,Closed,Normal
SR-002379,Unregistered Partner 89,D051,Technical support,01/04/2026,01/28/2026,434.20,Closed,Low
SR-002380,Northwind Logistics 180,D075,Account access,03/13/2026,03/31/2026,111.10,Closed,High
SR-002381,Contoso Analytcs 181,D030,Technical support,01/19/2026,,820.80,Open,High
SR-002382,Fabrikam Services 182,D013,Account access,05/12/2026,05/15/2026,638.70,Closed,Normal
SR-002383,Adventure Works Retail 183,D110,Product return,03/27/2026,04/09/2026,81.90,Closed,Low
SR-002384,Northwind Digital 184,D010,Account access,04/02/2026,04/16/2026,153.50,Closed,High
SR-002385,Contoso Research 185,D109,Product return,02/08/2026,03/01/2026,605.00,Closed,Normal
SR-002386,Fabrikam Logistics 186,D091,Delivery enquiry,04/09/2026,04/24/2026,1388.40,Closed,High
SR-002387,Adventure Works Analytics 187,D089,Warranty claim,03/10/2026,03/31/2026,419.60,Closed,High
SR-002388,Northwind Services 188,D023,Warranty claim,06/10/2026,06/16/2026,961.40,Closed,Normal
SR-002389,Contoso Retail 189,D013,Warranty claim,04/10/2026,04/21/2026,1067.40,Closed,High
SR-002390,Fabrikam Digital 190,D097,Technical support,05/22/2026,05/26/2026,403.00,Closed,Normal
SR-002391,Adventure Works Research 191,D052,Technical support,02/11/2026,02/16/2026,27.60,Closed,Low
SR-002392,Northwind Logistics 192,D008,Technical support,03/18/2026,03/25/2026,1168.70,Closed,Normal
SR-002393,Contoso Analytics 193,D062,Warranty claim,01/26/2026,02/06/2026,1120.90,Closed,High
SR-002394,Fabrikam Services 194,D017,Account access,06/01/2026,06/04/2026,1016.60,Closed,Low
SR-002395,Adventure Works Retail 195,D052,Technical support,03/15/2026,03/31/2026,571.60,Closed,Low
SR-002396,Northwind Digitl 196,D027,Technical support,04/03/2026,04/17/2026,927.00,Closed,Low
SR-002397,Contoso Research 197,D080,Delivery enquiry,01/01/2026,01/11/2026,897.60,Closed,High
SR-002398,Fabrikam Logistics 198,D031,Delivery enquiry,06/19/2026,,597.20,Open,Normal
SR-002399,Adventure Works Analytics 199,D052,Warranty claim,06/05/2026,06/21/2026,1005.80,Closed,Normal
SR-002400,Northwind Services 200,D061,Warranty claim,03/23/2026,03/31/2026,1297.90,Closed,Normal
SR-002401,Contoso Retial 201,D097,Warranty claim,05/10/2026,05/20/2026,1162.50,Closed,Normal
SR-002402,Fabrikam Digital 202,D076,Warranty claim,01/07/2026,01/19/2026,167.90,Closed,Normal
SR-002403,Adventure Works Research 203,D108,Warranty claim,03/24/2026,04/01/2026,755.70,Closed,Low
SR-002404,Northwind Logistics 204,D095,Account access,02/20/2026,02/25/2026,1275.10,Closed,High
SR-002405,Contoso Analytics 205,D104,Product return,06/16/2026,06/21/2026,1210.60,Closed,Normal
SR-002406,Fabrikam Srvcs 206,D014,Warranty claim,03/20/2026,03/26/2026,670.40,Closed,High
SR-002407,Adventure Works Retail 207,D045,Delivery enquiry,02/07/2026,02/11/2026,868.70,Closed,Normal
SR-002408,Unregistered Partner 28,D022,Delivery enquiry,06/06/2026,06/15/2026,852.40,Closed,Normal
SR-002409,Contoso Research 209,D015,Product return,03/22/2026,03/18/2026,721.20,Closed,High
SR-002410,Fabrikam Logistics 210,D040,Delivery enquiry,05/21/2026,06/05/2026,736.70,Closed,Low
SR-002411,Adventure Works Analytcs 211,D051,Product return,03/08/2026,03/31/2026,66.00,Closed,High
SR-002412,Northwind Services 212,D108,Warranty claim,03/12/2026,03/29/2026,388.60,Closed,Normal
SR-002413,Contoso Retail 213,D099,Product return,05/24/2026,06/14/2026,1154.40,Closed,Low
SR-002414,Fabrikam Digital 214,D111,Warranty claim,06/27/2026,07/12/2026,721.40,Closed,Normal
SR-002415,Adventure Works Research 215,D080,Account access,04/12/2026,,1160.20,Open,Low
SR-002416,Northwind Logistics 216,D021,Account access,05/28/2026,06/18/2026,1418.00,Closed,Normal
SR-002417,Contoso Analytics 217,D038,Technical support,06/04/2026,06/10/2026,1252.90,Closed,Low
SR-002418,Fabrikam Services 218,D010,Delivery enquiry,01/24/2026,02/11/2026,1290.10,Closed,High
SR-002419,Adventure Works Retail 219,D103,Product return,04/20/2026,05/03/2026,396.40,Closed,Normal
SR-002420,Northwind Digital 220,D100,Delivery enquiry,02/13/2026,02/20/2026,57.40,Closed,Low
SR-002421,Oxford University,D033,Product return,01/21/2026,01/31/2026,919.30,Closed,Normal
SR-002422,University of Cambridge,D032,Product return,04/10/2026,05/02/2026,1077.90,Closed,High
SR-002423,Imperial College London,D099,Warranty claim,01/01/2026,01/14/2026,1258.30,Closed,Low
SR-002424,Oxford University Press,D033,Warranty claim,02/26/2026,03/02/2026,791.00,Closed,High
SR-002425,Contoso Oxford Trading,D031,Product return,06/25/2026,07/03/2026,923.40,Closed,High
SR-002426,Contoso Oxford Traders,D092,Account access,03/15/2026,04/05/2026,227.10,Closed,Normal
SR-002427,Fabrikam Retail Group,D040,Warranty claim,05/19/2026,06/07/2026,453.70,Closed,High
SR-002428,Adventure Works UK,D016,Account access,01/21/2026,02/07/2026,1235.50,Closed,Normal
SR-002429,Contoso Retail 009,D110,Account access,03/10/2026,04/01/2026,357.50,Closed,Normal
SR-002430,Fabrikam Digital 010,D022,Delivery enquiry,02/25/2026,03/16/2026,1039.40,Closed,Low
SR-002431,Adventure Works Research 011,D085,Technical support,06/22/2026,07/15/2026,1462.80,Closed,Low
SR-002432,Northwind Logistics 012,D037,Warranty claim,02/14/2026,,550.50,Open,High
SR-002433,Contoso Analytics 013,D092,Technical support,05/08/2026,05/12/2026,125.70,Closed,Normal
SR-002434,Fabrikam Services 014,D084,Account access,03/07/2026,03/24/2026,589.20,Closed,High
SR-002435,Adventure Works Retail 015,D033,Account access,01/11/2026,01/29/2026,416.90,Closed,Normal
SR-002436,Northwind Digitl 016,D080,Product return,01/23/2026,01/30/2026,860.30,Closed,High
SR-002437,Unregistered Partner 17,D076,Technical support,03/07/2026,03/17/2026,260.80,Closed,Normal
SR-002438,Fabrikam Logistics 018,D013,Warranty claim,03/13/2026,03/23/2026,1120.60,Closed,Normal
SR-002439,Adventure Works Analytics 019,D001,Product return,02/18/2026,03/08/2026,292.50,Closed,High
SR-002440,Northwind Services 020,D053,Technical support,02/20/2026,03/15/2026,544.90,Closed,High
SR-002441,Contoso Retial 021,D076,Product return,02/05/2026,02/18/2026,43.20,Closed,Normal
SR-002442,Fabrikam Digital 022,D089,Warranty claim,05/01/2026,05/19/2026,184.40,Closed,Low
SR-002443,Adventure Works Research 023,D028,Product return,02/26/2026,03/09/2026,544.20,Closed,Normal
SR-002444,Northwind Logistics 024,D097,Delivery enquiry,02/20/2026,03/13/2026,34.60,Closed,Normal
SR-002445,Contoso Analytics 025,D045,Warranty claim,01/24/2026,02/04/2026,1320.60,Closed,High
SR-002446,Fabrikam Srvcs 026,D009,Account access,03/27/2026,04/10/2026,896.00,Closed,Normal
SR-002447,Adventure Works Retail 027,D045,Warranty claim,03/03/2026,03/05/2026,1127.30,Closed,Low
SR-002448,Northwind Digital 028,D082,Product return,03/12/2026,03/13/2026,183.90,Closed,High
SR-002449,Contoso Research 029,D070,Delivery enquiry,04/20/2026,,789.90,Open,High
SR-002450,Fabrikam Logistics 030,D060,Technical support,01/06/2026,01/17/2026,1328.60,Closed,Low
SR-002451,Adventure Works Analytcs 031,D019,Delivery enquiry,06/02/2026,06/14/2026,217.90,Closed,Low
SR-002452,Northwind Services 032,D021,Technical support,01/18/2026,01/14/2026,600.20,Closed,High
SR-002453,Contoso Retail 033,D015,Product return,05/24/2026,06/08/2026,650.30,Closed,Low
SR-002454,Fabrikam Digital 034,D067,Account access,02/13/2026,03/04/2026,887.40,Closed,Normal
SR-002455,Adventure Works Research 035,D019,Product return,01/07/2026,01/14/2026,556.80,Closed,Normal
SR-002456,Northwind Logistics 036,D037,Product return,04/26/2026,05/05/2026,770.50,Closed,Normal
SR-002457,Contoso Analytics 037,D096,Technical support,01/13/2026,01/19/2026,1408.70,Closed,Normal
SR-002458,Fabrikam Services 038,D084,Warranty claim,06/05/2026,06/14/2026,4.90,Closed,Low
SR-002459,Adventure Works Retail 039,D049,Account access,03/21/2026,04/07/2026,920.20,Closed,Normal
SR-002460,Northwind Digital 040,D108,Technical support,04/26/2026,05/17/2026,1240.80,Closed,Normal
SR-002461,Contoso Research 041,D077,Warranty claim,02/22/2026,03/09/2026,845.50,Closed,Low
SR-002462,Fabrikam Logistics 042,D027,Product return,04/19/2026,04/27/2026,133.80,Closed,Low
SR-002463,Adventure Works Analytics 043,D016,Technical support,02/05/2026,02/21/2026,856.90,Closed,Normal
SR-002464,Northwind Services 044,D085,Technical support,06/26/2026,07/08/2026,916.20,Closed,High
SR-002465,Contoso Retail 045,D067,Account access,02/21/2026,03/17/2026,898.10,Closed,Low
SR-002466,Unregistered Partner 46,D003,Warranty claim,04/18/2026,,380.00,Open,Normal
SR-002467,Adventure Works Research 047,D106,Warranty claim,01/07/2026,01/30/2026,823.10,Closed,Normal
SR-002468,Northwind Logistics 048,D002,Warranty claim,05/11/2026,05/19/2026,309.50,Closed,High
SR-002469,Contoso Analytics 049,D015,Warranty claim,04/06/2026,04/21/2026,851.20,Closed,Normal
SR-002470,Fabrikam Services 050,D077,Technical support,01/02/2026,01/14/2026,11.60,Closed,Low
SR-002471,Adventure Works Retial 051,D105,Technical support,03/28/2026,04/10/2026,190.70,Closed,High
SR-002472,Northwind Digital 052,D088,Account access,06/14/2026,07/02/2026,921.70,Closed,High
SR-002473,Contoso Research 053,D046,Delivery enquiry,06/18/2026,07/06/2026,140.30,Closed,Low
SR-002474,Fabrikam Logistics 054,D019,Delivery enquiry,03/09/2026,03/21/2026,1167.10,Closed,Normal
SR-002475,Adventure Works Analytics 055,D031,Technical support,03/24/2026,04/03/2026,1424.20,Closed,Normal
SR-002476,Northwind Srvcs 056,D051,Warranty claim,03/14/2026,04/03/2026,169.40,Closed,Normal
SR-002477,Contoso Retail 057,D079,Delivery enquiry,03/20/2026,03/25/2026,201.30,Closed,Low
SR-002478,Fabrikam Digital 058,D033,Technical support,02/09/2026,03/01/2026,1119.00,Closed,High
SR-002479,Adventure Works Research 059,D033,Warranty claim,06/23/2026,07/11/2026,21.40,Closed,Normal
SR-002480,Northwind Logistics 060,D061,Technical support,01/20/2026,01/28/2026,796.10,Closed,Normal
SR-002481,Contoso Analytcs 061,D084,Product return,04/21/2026,05/01/2026,429.00,Closed,High
SR-002482,Fabrikam Services 062,D024,Technical support,06/28/2026,07/06/2026,522.10,Closed,High
SR-002483,Adventure Works Retail 063,D087,Delivery enquiry,03/23/2026,,476.20,Open,Low
SR-002484,Northwind Digital 064,D061,Warranty claim,05/11/2026,05/22/2026,780.00,Closed,Normal
SR-002485,Contoso Research 065,D027,Delivery enquiry,01/17/2026,02/03/2026,187.90,Closed,Normal
SR-002486,Fabrikam Logistics 066,D019,Product return,05/03/2026,05/21/2026,445.10,Closed,Normal
SR-002487,Adventure Works Analytics 067,D050,Warranty claim,02/10/2026,02/21/2026,13.80,Closed,High
SR-002488,Northwind Services 068,D069,Warranty claim,06/23/2026,07/16/2026,747.80,Closed,Low
SR-002489,Contoso Retail 069,D006,Delivery enquiry,02/11/2026,02/18/2026,1304.50,Closed,High
SR-002490,Fabrikam Digital 070,D069,Account access,06/15/2026,07/04/2026,734.10,Closed,Normal
SR-002491,Adventure Works Research 071,D045,Technical support,05/02/2026,05/23/2026,93.20,Closed,Low
SR-002492,Northwind Logistics 072,D090,Warranty claim,02/18/2026,03/10/2026,1211.10,Closed,High
SR-002493,Contoso Analytics 073,D095,Product return,01/13/2026,01/16/2026,373.80,Closed,High
SR-002494,Fabrikam Services 074,D015,Technical support,04/05/2026,04/29/2026,275.20,Closed,High
SR-002495,Unregistered Partner 75,D016,Technical support,05/01/2026,04/29/2026,1098.70,Closed,Low
SR-002496,Northwind Digitl 076,D110,Technical support,06/23/2026,07/15/2026,1130.50,Closed,Normal
SR-002497,Contoso Research 077,D026,Delivery enquiry,05/16/2026,05/26/2026,449.90,Closed,Low
SR-002498,Fabrikam Logistics 078,D109,Product return,04/07/2026,04/21/2026,299.20,Closed,High
SR-002499,Adventure Works Analytics 079,D028,Delivery enquiry,04/21/2026,04/23/2026,37.70,Closed,Normal
SR-002500,Northwind Services 080,D026,Delivery enquiry,04/10/2026,,1332.20,Open,High
SR-002501,Contoso Retial 081,D072,Product return,01/05/2026,01/25/2026,1375.00,Closed,Low
SR-002502,Fabrikam Digital 082,D038,Product return,01/18/2026,01/26/2026,1377.00,Closed,Normal
SR-002503,Adventure Works Research 083,D108,Product return,05/15/2026,05/17/2026,293.90,Closed,Normal
SR-002504,Northwind Logistics 084,D001,Product return,02/19/2026,02/21/2026,746.20,Closed,Low
SR-002505,Contoso Analytics 085,D002,Account access,06/03/2026,06/05/2026,413.40,Closed,High
SR-002506,Fabrikam Srvcs 086,D014,Delivery enquiry,01/12/2026,01/30/2026,1255.10,Closed,Low
SR-002507,Adventure Works Retail 087,D017,Account access,05/15/2026,05/30/2026,982.50,Closed,Normal
SR-002508,Northwind Digital 088,D100,Technical support,01/18/2026,01/21/2026,402.70,Closed,Normal
SR-002509,Contoso Research 089,D078,Technical support,04/11/2026,04/15/2026,851.70,Closed,Normal
SR-002510,Fabrikam Logistics 090,D035,Delivery enquiry,06/18/2026,07/07/2026,125.00,Closed,High
SR-002511,Adventure Works Analytcs 091,D032,Technical support,05/05/2026,05/26/2026,1123.80,Closed,Low
SR-002512,Northwind Services 092,D006,Warranty claim,01/25/2026,02/01/2026,372.50,Closed,Normal
SR-002513,Contoso Retail 093,D099,Technical support,01/23/2026,02/16/2026,222.00,Closed,High
SR-002514,Fabrikam Digital 094,D022,Product return,04/18/2026,05/10/2026,275.30,Closed,Low
SR-002515,Adventure Works Research 095,D018,Account access,05/14/2026,05/17/2026,345.80,Closed,Low
SR-002516,Northwind Logistics 096,D073,Product return,06/20/2026,06/26/2026,546.80,Closed,Low
SR-002517,Contoso Analytics 097,D083,Warranty claim,06/13/2026,,867.00,Open,Normal
SR-002518,Fabrikam Services 098,D025,Delivery enquiry,02/09/2026,03/02/2026,1013.80,Closed,High
SR-002519,Adventure Works Retail 099,D092,Warranty claim,02/13/2026,02/18/2026,376.60,Closed,Normal
SR-002520,Northwind Digital 100,D009,Technical support,01/19/2026,02/11/2026,1212.80,Closed,Low
SR-002521,Contoso Research 101,D024,Account access,05/14/2026,05/24/2026,97.10,Closed,High
SR-002522,Fabrikam Logistics 102,D075,Warranty claim,01/21/2026,02/10/2026,1072.10,Closed,Low
SR-002523,Adventure Works Analytics 103,D055,Delivery enquiry,05/24/2026,05/31/2026,985.00,Closed,Low
SR-002524,Unregistered Partner 14,D005,Technical support,04/13/2026,04/19/2026,881.00,Closed,Low
SR-002525,Contoso Retail 105,D096,Technical support,06/12/2026,07/05/2026,1020.10,Closed,High
SR-002526,Fabrikam Digitl 106,D104,Warranty claim,04/08/2026,04/13/2026,615.80,Closed,Low
SR-002527,Adventure Works Research 107,D031,Product return,05/05/2026,05/11/2026,165.90,Closed,Normal
SR-002528,Northwind Logistics 108,D015,Product return,02/10/2026,02/18/2026,134.60,Closed,Normal
SR-002529,Contoso Analytics 109,D022,Product return,04/04/2026,04/15/2026,776.60,Closed,High
SR-002530,Fabrikam Services 110,D093,Technical support,05/23/2026,06/12/2026,340.00,Closed,High
SR-002531,Adventure Works Retial 111,D044,Technical support,03/02/2026,03/05/2026,1352.30,Closed,Normal
SR-002532,Northwind Digital 112,D076,Account access,03/23/2026,04/13/2026,1264.30,Closed,Low
SR-002533,Contoso Research 113,D018,Delivery enquiry,01/23/2026,02/08/2026,757.20,Closed,High
SR-002534,Fabrikam Logistics 114,D075,Account access,04/06/2026,,741.90,Open,High
SR-002535,Adventure Works Analytics 115,D055,Delivery enquiry,06/27/2026,07/13/2026,985.00,Closed,Normal
SR-002536,Northwind Srvcs 116,D086,Technical support,03/19/2026,04/04/2026,1059.20,Closed,High
SR-002537,Contoso Retail 117,D063,Technical support,06/07/2026,07/01/2026,325.50,Closed,Low
SR-002538,Fabrikam Digital 118,D088,Account access,02/27/2026,02/25/2026,99.50,Closed,High
SR-002539,Adventure Works Research 119,D053,Warranty claim,03/28/2026,04/08/2026,1111.80,Closed,Normal
SR-002540,Northwind Logistics 120,D092,Technical support,06/03/2026,06/05/2026,899.70,Closed,High
SR-002541,Contoso Analytcs 121,D056,Technical support,03/24/2026,04/11/2026,1256.30,Closed,Normal
SR-002542,Fabrikam Services 122,D088,Delivery enquiry,01/15/2026,02/01/2026,1141.20,Closed,Normal
SR-002543,Adventure Works Retail 123,D043,Technical support,05/03/2026,05/04/2026,619.80,Closed,Low
SR-002544,Northwind Digital 124,D103,Product return,02/19/2026,03/01/2026,967.40,Closed,High
SR-002545,Contoso Research 125,D003,Product return,04/13/2026,05/01/2026,1155.80,Closed,Low
SR-002546,Fabrikam Logistics 126,D082,Account access,06/11/2026,06/30/2026,206.00,Closed,Low
SR-002547,Adventure Works Analytics 127,D023,Delivery enquiry,03/08/2026,03/09/2026,331.80,Closed,Normal
SR-002548,Northwind Services 128,D068,Account access,01/01/2026,01/13/2026,52.30,Closed,High
SR-002549,Contoso Retail 129,D076,Product return,01/25/2026,01/31/2026,1159.50,Closed,Normal
SR-002550,Fabrikam Digital 130,D039,Delivery enquiry,05/15/2026,05/26/2026,1392.60,Closed,High
SR-002551,Adventure Works Research 131,D108,Account access,06/08/2026,,1188.50,Open,High
SR-002552,Northwind Logistics 132,D067,Account access,03/28/2026,04/15/2026,116.40,Closed,Normal
SR-002553,Unregistered Partner 43,D079,Warranty claim,06/08/2026,06/24/2026,203.60,Closed,Low
SR-002554,Fabrikam Services 134,D089,Account access,02/13/2026,02/24/2026,57.00,Closed,Normal
SR-002555,Adventure Works Retail 135,D101,Technical support,06/09/2026,06/18/2026,284.80,Closed,High
SR-002556,Northwind Digitl 136,D048,Product return,03/10/2026,03/19/2026,857.10,Closed,Normal
SR-002557,Contoso Research 137,D061,Delivery enquiry,06/04/2026,06/24/2026,122.60,Closed,High
SR-002558,Fabrikam Logistics 138,D047,Account access,02/20/2026,02/22/2026,683.50,Closed,Normal
SR-002559,Adventure Works Analytics 139,D074,Account access,03/16/2026,03/31/2026,1036.50,Closed,Normal
SR-002560,Northwind Services 140,D022,Technical support,04/18/2026,04/26/2026,988.90,Closed,Low
SR-002561,Contoso Retial 141,D104,Technical support,03/24/2026,04/11/2026,989.40,Closed,Low
SR-002562,Fabrikam Digital 142,D094,Technical support,04/25/2026,04/26/2026,876.90,Closed,Low
SR-002563,Adventure Works Research 143,D050,Technical support,03/11/2026,04/02/2026,1294.60,Closed,Low
SR-002564,Northwind Logistics 144,D042,Technical support,06/14/2026,06/24/2026,1150.30,Closed,Normal
SR-002565,Contoso Analytics 145,D077,Warranty claim,06/03/2026,06/22/2026,469.40,Closed,Low
SR-002566,Fabrikam Srvcs 146,D029,Account access,01/27/2026,02/14/2026,292.30,Closed,High
SR-002567,Adventure Works Retail 147,D023,Product return,05/08/2026,05/27/2026,23.90,Closed,High
SR-002568,Northwind Digital 148,D021,Warranty claim,04/04/2026,,1141.90,Open,Normal
SR-002569,Contoso Research 149,D058,Delivery enquiry,03/01/2026,03/08/2026,1080.10,Closed,High
SR-002570,Fabrikam Logistics 150,D103,Delivery enquiry,04/05/2026,04/15/2026,1410.80,Closed,Low
SR-002571,Adventure Works Analytcs 151,D090,Warranty claim,03/19/2026,03/28/2026,1296.80,Closed,Normal
SR-002572,Northwind Services 152,D104,Product return,04/15/2026,04/22/2026,74.10,Closed,Normal
SR-002573,Contoso Retail 153,D097,Product return,01/23/2026,02/05/2026,680.20,Closed,Normal
SR-002574,Fabrikam Digital 154,D013,Delivery enquiry,04/13/2026,04/14/2026,383.60,Closed,Low
SR-002575,Adventure Works Research 155,D096,Account access,03/07/2026,03/11/2026,294.50,Closed,Normal
SR-002576,Northwind Logistics 156,D035,Product return,05/15/2026,06/04/2026,1368.40,Closed,Low
SR-002577,Contoso Analytics 157,D003,Product return,02/16/2026,02/28/2026,771.50,Closed,High
SR-002578,Fabrikam Services 158,D002,Warranty claim,04/21/2026,04/27/2026,573.20,Closed,Low
SR-002579,Adventure Works Retail 159,D032,Account access,06/23/2026,06/30/2026,1146.10,Closed,Normal
SR-002580,Northwind Digital 160,D080,Account access,06/20/2026,06/21/2026,470.10,Closed,Low
SR-002581,Contoso Research 161,D014,Technical support,06/14/2026,06/12/2026,413.10,Closed,High
SR-002582,Unregistered Partner 72,D068,Account access,03/10/2026,03/13/2026,591.90,Closed,Normal
SR-002583,Adventure Works Analytics 163,D081,Warranty claim,01/07/2026,01/31/2026,278.10,Closed,Low
SR-002584,Northwind Services 164,D044,Product return,04/20/2026,05/10/2026,1022.30,Closed,Normal
SR-002585,Contoso Retail 165,D041,Warranty claim,05/14/2026,,1392.00,Open,High
SR-002586,Fabrikam Digitl 166,D057,Technical support,05/10/2026,05/24/2026,1183.10,Closed,High
SR-002587,Adventure Works Research 167,D066,Product return,03/17/2026,03/31/2026,1371.40,Closed,Low
SR-002588,Northwind Logistics 168,D063,Technical support,01/18/2026,01/20/2026,1216.50,Closed,High
SR-002589,Contoso Analytics 169,D036,Account access,04/07/2026,04/08/2026,1398.00,Closed,Normal
SR-002590,Fabrikam Services 170,D053,Warranty claim,06/27/2026,07/14/2026,1135.00,Closed,Normal
SR-002591,Adventure Works Retial 171,D085,Delivery enquiry,01/07/2026,01/29/2026,1035.90,Closed,High
SR-002592,Northwind Digital 172,D041,Account access,05/01/2026,05/07/2026,131.50,Closed,Low
SR-002593,Contoso Research 173,D087,Warranty claim,01/26/2026,02/05/2026,237.40,Closed,Normal
SR-002594,Fabrikam Logistics 174,D012,Product return,06/19/2026,06/24/2026,452.60,Closed,High
SR-002595,Adventure Works Analytics 175,D044,Technical support,03/19/2026,03/23/2026,87.00,Closed,Low
SR-002596,Northwind Srvcs 176,D092,Warranty claim,03/21/2026,03/29/2026,1297.90,Closed,Normal
SR-002597,Contoso Retail 177,D088,Account access,04/22/2026,04/25/2026,854.10,Closed,High
SR-002598,Fabrikam Digital 178,D091,Warranty claim,06/24/2026,06/26/2026,1142.70,Closed,Normal
SR-002599,Adventure Works Research 179,D100,Delivery enquiry,02/14/2026,02/23/2026,1242.90,Closed,Low
SR-002600,Northwind Logistics 180,D058,Account access,05/21/2026,05/22/2026,542.70,Closed,Normal
